serial,dataset_name,setting,model_name,ada_ratio,mean,std
24,aircraft,,hideit3_base_patch16_224.fb_in1k,10.620548075394929,46.21063,4.907822175092872
24,aircraft,,hideit3_base_patch16_224.fb_in22k_ft_in1k,9.109230573952342,51.81518,4.719964218508439
24,aircraft,,hideit_base_patch16_224.fb_in1k,9.100842864859622,43.51635,3.96035463402234
24,aircraft,,hiresnet50.a1_in1k,10.992580857203155,33.75638,3.710697365964754
24,aircraft,,hiresnet50.fb_ssl_yfcc100m_ft_in1k,6.625579280410693,48.46686,3.2112102340256574
24,aircraft,,hiresnet50.fb_swsl_ig1b_ft_in1k,6.308867206574742,48.442840000000004,3.056194446693472
24,aircraft,,hiresnet50.gluon_in1k,7.628242634633672,40.34505,3.0776183050642727
24,aircraft,,hiresnet50.in1k_mocov3,4.979090006496812,45.24152,2.2526160011072567
24,aircraft,,hiresnet50.in1k_spark,15.304456268383065,21.074109999999997,3.225277948900942
24,aircraft,,hiresnet50.in1k_supcon,6.546500255487037,42.93429,2.810693404541545
24,aircraft,,hiresnet50.in1k_swav,7.586394400615883,38.22983,2.900265682484971
24,aircraft,,hiresnet50.in21k_miil,6.5635761670362625,45.8506,3.0094390540431286
24,aircraft,,hiresnet50.tv2_in1k,6.667864045068052,35.94057,2.396468344622515
24,aircraft,,hiresnet50.tv_in1k,7.38195442208429,43.96939,3.2458003294684876
24,aircraft,,hivit_base_patch16_224.dino,5.763671799779335,55.70657,3.210743865714335
24,aircraft,,hivit_base_patch16_224.in1k_mocov3,11.201578099791421,45.87759,5.139014074152098
24,aircraft,,hivit_base_patch16_224.mae,27.036218107940087,23.26132,6.288981209985889
24,aircraft,,hivit_base_patch16_224.orig_in21k,7.3987326649705185,38.9469,2.881577012293403
24,aircraft,,hivit_base_patch16_224_miil.in21k,11.604942917220505,27.33575,3.1722981834941044
24,aircraft,,hivit_base_patch16_clip_224.laion2b,4.460405084331595,60.080999999999996,2.679855978717265
24,aircraft,,hivit_base_patch16_siglip_224.v2_webli,7.44589602340133,30.74108,2.2889488532706217
24,cars,,hideit3_base_patch16_224.fb_in1k,8.334156640663783,55.774159999999995,4.648305859414443
24,cars,,hideit3_base_patch16_224.fb_in22k_ft_in1k,7.8135820057834104,58.4119,4.5640617076362
24,cars,,hideit_base_patch16_224.fb_in1k,6.472945161209191,51.668949999999995,3.3445027988725964
24,cars,,hiresnet50.a1_in1k,11.454928558802974,35.338890000000006,4.048044602973969
24,cars,,hiresnet50.fb_ssl_yfcc100m_ft_in1k,8.294583346613894,49.27124,4.086844067710164
24,cars,,hiresnet50.fb_swsl_ig1b_ft_in1k,8.714210936930982,53.00834,4.61925856176556
24,cars,,hiresnet50.gluon_in1k,8.047974030432059,42.37906,3.4106557431412208
24,cars,,hiresnet50.in1k_mocov3,7.082198883732792,50.75116,3.594298087001443
24,cars,,hiresnet50.in1k_spark,15.543249559756378,19.67416,3.0580037875857657
24,cars,,hiresnet50.in1k_supcon,7.629914766234832,50.929,3.885839291295738
24,cars,,hiresnet50.in1k_swav,9.869987802179475,42.26713,4.171760575331342
24,cars,,hiresnet50.in21k_miil,9.582388862890834,45.11006,4.322621365483372
24,cars,,hiresnet50.tv2_in1k,8.12183538980947,37.15583,3.017735350317444
24,cars,,hiresnet50.tv_in1k,8.651457700061316,46.27657000000001,4.003597878589265
24,cars,,hivit_base_patch16_224.dino,7.657425915677842,61.290890000000005,4.693304494809599
24,cars,,hivit_base_patch16_224.in1k_mocov3,10.350145990686684,51.35182999999999,5.314989373889241
24,cars,,hivit_base_patch16_224.mae,26.424336499040052,17.012809999999998,4.495522162342335
24,cars,,hivit_base_patch16_224.orig_in21k,6.444493893842365,38.993900000000004,2.5129595044709983
24,cars,,hivit_base_patch16_224_miil.in21k,10.905201806846975,15.38366,1.6776191682791957
24,cars,,hivit_base_patch16_clip_224.laion2b,0.4947076663607474,90.54347,0.4479254874790435
24,cars,,hivit_base_patch16_siglip_224.v2_webli,7.210750958369852,29.9627,2.160535677403484
24,cub,,hideit3_base_patch16_224.fb_in1k,3.677631997217438,68.67796000000001,2.5257226319961936
24,cub,,hideit3_base_patch16_224.fb_in22k_ft_in1k,2.060031929412719,80.51433,1.658620905752724
24,cub,,hideit_base_patch16_224.fb_in1k,3.0678400459602964,66.22196,2.0315838080998088
24,cub,,hiresnet50.a1_in1k,13.90662005761325,27.59407,3.8374024733318404
24,cub,,hiresnet50.fb_ssl_yfcc100m_ft_in1k,6.916006039948011,54.38901,3.761547216667928
24,cub,,hiresnet50.fb_swsl_ig1b_ft_in1k,7.164755316593813,55.85088,4.00157889416443
24,cub,,hiresnet50.gluon_in1k,8.457471935951329,39.867110000000004,3.3717496399248463
24,cub,,hiresnet50.in1k_mocov3,8.769264901874934,36.70348,3.218625389406686
24,cub,,hiresnet50.in1k_spark,11.239039702286755,11.5775,1.3011998215322491
24,cub,,hiresnet50.in1k_supcon,8.700182013213098,36.8174,3.203180812532719
24,cub,,hiresnet50.in1k_swav,9.371895355842032,29.30964,2.7468687899740187
24,cub,,hiresnet50.in21k_miil,5.658325978659079,59.389030000000005,3.360424912963634
24,cub,,hiresnet50.tv2_in1k,8.83862274622226,33.132549999999995,2.9284611007034633
24,cub,,hiresnet50.tv_in1k,9.066336696151286,44.04728,3.993474710296506
24,cub,,hivit_base_patch16_224.dino,3.212710258631572,73.20677,2.3519214098028205
24,cub,,hivit_base_patch16_224.in1k_mocov3,6.53647802121092,61.16499,3.998036128025858
24,cub,,hivit_base_patch16_224.mae,28.58877327114347,16.201259999999998,4.631741488468458
24,cub,,hivit_base_patch16_224.orig_in21k,0.9656107363461227,82.28513000000001,0.7945540496963645
24,cub,,hivit_base_patch16_224_miil.in21k,7.1478329305401145,33.47428,2.3926856091012034
24,cub,,hivit_base_patch16_clip_224.laion2b,1.352860355115351,76.31342,1.0324140048126693
24,cub,,hivit_base_patch16_siglip_224.v2_webli,6.710072256819073,37.174670000000006,2.4944472182340434
24,aircraft,,all_mean,9.063198655030256,41.32113380952381,3.435516253436589
24,cars,,all_mean,9.290498875044092,44.883605238095235,3.6227802640853533
24,cub,,all_mean,7.6861125022263295,48.75774857142857,2.839821000737546
24,aircraft,,all_std,4.859117006924853,10.029247543895542,1.0311383569237709
24,cars,,all_std,4.781577732493107,16.741496735198922,1.1650118636974378
24,cub,,all_std,5.8266091980371915,20.987937771168774,1.059371852369051
24,all_mean,,hideit3_base_patch16_224.fb_in1k,7.544112237758717,56.88758333333334,4.02728355550117
24,all_mean,,hideit3_base_patch16_224.fb_in22k_ft_in1k,6.327614836382824,63.58047,3.6475489439657878
24,all_mean,,hideit_base_patch16_224.fb_in1k,6.2138760240097035,53.802420000000005,3.1121470803315816
24,all_mean,,hiresnet50.a1_in1k,12.118043157873126,32.22978,3.8653814807568545
24,all_mean,,hiresnet50.fb_ssl_yfcc100m_ft_in1k,7.278722888990867,50.70903666666666,3.6865338394679164
24,all_mean,,hiresnet50.fb_swsl_ig1b_ft_in1k,7.395944486699846,52.43402,3.8923439675411537
24,all_mean,,hiresnet50.gluon_in1k,8.044562867005686,40.86374,3.2866745627101133
24,all_mean,,hiresnet50.in1k_mocov3,6.943517930701513,44.23205333333333,3.0218464925051287
24,all_mean,,hiresnet50.in1k_spark,14.028915176808733,17.44192333333333,2.5281605193396524
24,all_mean,,hiresnet50.in1k_supcon,7.625532344978322,43.56023,3.299904502790001
24,all_mean,,hiresnet50.in1k_swav,8.942759186212463,36.6022,3.2729650159301102
24,all_mean,,hiresnet50.in21k_miil,7.268097002862059,50.11656333333334,3.5641617774967114
24,all_mean,,hiresnet50.tv2_in1k,7.876107393699928,35.40965,2.780888265214474
24,all_mean,,hiresnet50.tv_in1k,8.366582939432297,44.76441333333333,3.747624306118086
24,all_mean,,hivit_base_patch16_224.dino,5.544602658029583,63.40141,3.418656590108918
24,all_mean,,hivit_base_patch16_224.in1k_mocov3,9.362734037229675,52.798136666666664,4.817346525355732
24,all_mean,,hivit_base_patch16_224.mae,27.349775959374536,18.825129999999998,5.138748286932227
24,all_mean,,hivit_base_patch16_224.orig_in21k,4.936279098386335,53.40864333333334,2.0630301888202554
24,all_mean,,hivit_base_patch16_224_miil.in21k,9.885992551535866,25.397896666666668,2.4142009869581678
24,all_mean,,hivit_base_patch16_clip_224.laion2b,2.102657701935898,75.64596333333333,1.386731823669659
24,all_mean,,hivit_base_patch16_siglip_224.v2_webli,7.122239746196752,32.62615,2.314643916302716
24,all_std,,hideit3_base_patch16_224.fb_in1k,3.5382408815787403,11.274972859019813,1.3068477664876132
24,all_std,,hideit3_base_patch16_224.fb_in22k_ft_in1k,3.7521825920318834,15.031496584315883,1.7242251750037225
24,all_std,,hideit_base_patch16_224.fb_in1k,3.024833609737694,11.502171623163164,0.9851553733734106
24,all_std,,hiresnet50.a1_in1k,1.5661088225301116,4.091874861001984,0.17040512968160512
24,all_std,,hiresnet50.fb_ssl_yfcc100m_ft_in1k,0.8916648909121564,3.212228135832403,0.44261033397613975
24,all_std,,hiresnet50.fb_swsl_ig1b_ft_in1k,1.219223498613669,3.7372646089352557,0.7872366600027698
24,all_std,,hiresnet50.gluon_in1k,0.41462517478788424,1.3338863098855165,0.18209011604843864
24,all_std,,hiresnet50.in1k_mocov3,1.8988893436529903,7.078036137159328,0.6921482179430133
24,all_std,,hiresnet50.in1k_spark,2.419051349497494,5.126749533089492,1.0658656466618792
24,all_std,,hiresnet50.in1k_supcon,1.0768475670226294,7.076592704310461,0.5440599908501407
24,all_std,,hiresnet50.in1k_swav,1.200757300614678,6.630310802496366,0.7821494389549437
24,all_std,,hiresnet50.in21k_miil,2.054709124410514,8.038723682042654,0.6798849007348321
24,all_std,,hiresnet50.tv2_in1k,1.1060447643351439,2.063517027891947,0.3358965308275467
24,all_std,,hiresnet50.tv_in1k,0.8775825506642422,1.310145049768668,0.434621786487267
24,all_std,,hivit_base_patch16_224.dino,2.230441163682264,8.9389580496163,1.1844574552987746
24,all_std,,hivit_base_patch16_224.in1k_mocov3,2.4843563472588404,7.745644061053501,0.7149783017050394
24,all_std,,hivit_base_patch16_224.mae,1.1157667900397048,3.8632227010230737,0.998456688675073
24,all_std,,hivit_base_patch16_224.orig_in21k,3.471642023461142,25.007782066941356,1.1138866654257464
24,all_std,,hivit_base_patch16_224_miil.in21k,2.3969872732088895,9.199678779839724,0.7475717512347548
24,all_std,,hivit_base_patch16_clip_224.laion2b,2.0864649646470244,15.242199428777768,1.157382506779588
24,all_std,,hivit_base_patch16_siglip_224.v2_webli,0.37581222688609905,3.9583133401614408,0.16843220141388376
