serial,setting,dataset_name,method,n_cluster_ratio,extractor_layer,model_name_extractor,acc_mean,acc_std,acc_max,lr_acc_max,acc_min,ada_ratio,cva,acc_mean_std_latex,acc_mean_std
40,,all,hiresnet50.tv_in1k,25,-1,hiresnet50.tv_in1k,88.7799,5.0201,94.20470090784728,0.03,75.59544356230583,5.6545101215174265,-15.003662939701792,88.7799\pm{5.0201},88.7799+-5.0201
40,,all,hiresnet50.tv_in1k,50,-1,hiresnet50.tv_in1k,88.7438,5.0412,93.90623056833728,0.01,74.55988954090438,5.680657887717242,-15.06688417283496,88.7438\pm{5.0412},88.7438+-5.0412
40,,all,hiresnet50.tv_in1k,70,-1,hiresnet50.tv_in1k,88.8315,5.1553,94.15495585126229,0.01,73.36900241629272,5.803414716492815,-15.40774162706159,88.8315\pm{5.1553},88.8315+-5.1553
40,,all,hiresnet50.gluon_in1k,25,-1,hiresnet50.gluon_in1k,88.1021,5.4165,94.11764705882354,0.03,71.71211598205039,6.148025863129797,-16.1881369257107,88.1021\pm{5.4165},88.1021+-5.4165
40,,all,hiresnet50.gluon_in1k,50,-1,hiresnet50.gluon_in1k,88.0227,5.9259,93.83161298345976,0.03,68.29478771142561,6.732203492402847,-17.71028421884031,88.0227\pm{5.9259},88.0227+-5.9259
40,,all,hiresnet50.gluon_in1k,70,-1,hiresnet50.gluon_in1k,88.2269,5.5503,94.21713717199351,0.03,70.90093199861926,6.290940155726934,-16.58798760370133,88.2269\pm{5.5503},88.2269+-5.5503
40,,all,hiresnet50.in21k_miil,25,-1,hiresnet50.in21k_miil,88.4603,3.0925,92.13921392139214,0.0005,80.87676907145323,3.4959710873109326,-9.242683629614026,88.4603\pm{3.0925},88.4603+-3.0925
40,,all,hiresnet50.in21k_miil,50,-1,hiresnet50.in21k_miil,88.7077,3.2198,92.52925292529252,0.0001,80.89402830514325,3.6297080625043483,-9.62319949721746,88.7077\pm{3.2198},88.7077+-3.2198
40,,all,hiresnet50.in21k_miil,70,-1,hiresnet50.in21k_miil,91.1011,1.2725,92.67926792679268,0.0001,88.86888688868886,1.3967597961352056,-3.8034234416290507,91.1011\pm{1.2725},91.1011+-1.2725
40,,all,hiresnet50.a1_in1k,25,-1,hiresnet50.a1_in1k,87.9217,3.9046,92.86158438005224,0.0001,79.84121505005177,4.44100689168198,-11.669422646281589,87.9217\pm{3.9046},87.9217+-3.9046
40,,all,hiresnet50.a1_in1k,50,-1,hiresnet50.a1_in1k,87.702,4.3116,93.01081954980724,0.0001,78.04625474628926,4.916146970299348,-12.885509638734892,87.702\pm{4.3116},87.702+-4.3116
40,,all,hiresnet50.a1_in1k,70,-1,hiresnet50.a1_in1k,87.7966,4.1535,92.998383285661,0.0001,79.53054884363134,4.730869410158856,-12.413322734614237,87.7966\pm{4.1535},87.7966+-4.1535
40,,all,hiresnet50.tv2_in1k,25,-1,hiresnet50.tv2_in1k,89.3603,4.3783,93.93110309662976,0.03,79.39247497411115,4.899641268538657,-13.086012928179692,89.3603\pm{4.3783},89.3603+-4.3783
40,,all,hiresnet50.tv2_in1k,50,-1,hiresnet50.tv2_in1k,89.347,4.3079,94.16739211540852,0.03,79.73765964791163,4.82151409499687,-12.875421304911594,89.347\pm{4.3079},89.347+-4.3079
40,,all,hiresnet50.tv2_in1k,70,-1,hiresnet50.tv2_in1k,89.4176,4.3482,94.03059320979978,0.01,79.30617880566103,4.862779033496743,-12.99590826330911,89.4176\pm{4.3482},89.4176+-4.3482
40,,all,hiresnet50.fb_swsl_ig1b_ft_in1k,25,-1,hiresnet50.fb_swsl_ig1b_ft_in1k,87.9752,6.1863,94.29175475687104,0.03,65.80945806006213,7.031885768946424,-18.488633571241365,87.9752\pm{6.1863},87.9752+-6.1863
40,,all,hiresnet50.fb_swsl_ig1b_ft_in1k,50,-1,hiresnet50.fb_swsl_ig1b_ft_in1k,87.9992,5.9644,94.14251958711604,0.03,69.08871246116672,6.777768936813736,-17.825367006684335,87.9992\pm{5.9644},87.9992+-5.9644
40,,all,hiresnet50.fb_swsl_ig1b_ft_in1k,70,-1,hiresnet50.fb_swsl_ig1b_ft_in1k,87.5929,6.6289,94.26688222857854,0.03,63.80738695201933,7.567864779930694,-19.811053250946554,87.5929\pm{6.6289},87.5929+-6.6289
40,,all,hiresnet50.fb_ssl_yfcc100m_ft_in1k,25,-1,hiresnet50.fb_ssl_yfcc100m_ft_in1k,88.1746,5.4953,94.13008332296978,0.03,70.88367276492924,6.232249929731044,-16.42346761607596,88.1746\pm{5.4953},88.1746+-5.4953
40,,all,hiresnet50.fb_ssl_yfcc100m_ft_in1k,50,-1,hiresnet50.fb_ssl_yfcc100m_ft_in1k,88.1343,6.224,94.14251958711604,0.03,64.63583016914049,7.061949940601166,-18.601387648572942,88.1343\pm{6.224},88.1343+-6.224
40,,all,hiresnet50.fb_ssl_yfcc100m_ft_in1k,70,-1,hiresnet50.fb_ssl_yfcc100m_ft_in1k,88.1396,5.945,94.13008332296978,0.03,67.15567828788402,6.744977929600678,-17.76753089060301,88.1396\pm{5.945},88.1396+-5.945
40,,all,hiresnet50.in1k_supcon,25,-1,hiresnet50.in1k_supcon,88.1854,5.8955,94.2295734361398,0.03,69.67552640662754,6.6853485771571535,-17.61965145574855,88.1854\pm{5.8955},88.1854+-5.8955
40,,all,hiresnet50.in1k_supcon,50,-1,hiresnet50.in1k_supcon,87.9094,6.1981,94.17982837955478,0.03,66.91404901622369,7.0505306361096585,-18.523724978096883,87.9094\pm{6.1981},87.9094+-6.1981
40,,all,hiresnet50.in1k_supcon,70,-1,hiresnet50.in1k_supcon,88.1909,6.0953,94.25444596443228,0.01,68.46738004832585,6.911444928449553,-18.216683582723576,88.1909\pm{6.0953},88.1909+-6.0953
40,,all,hiresnet50.in1k_swav,25,-1,hiresnet50.in1k_swav,89.3811,3.7374,93.73212287028976,0.0001,81.03210217466345,4.181475698220007,-11.170530062960024,89.3811\pm{3.7374},89.3811+-3.7374
40,,all,hiresnet50.in1k_swav,50,-1,hiresnet50.in1k_swav,91.86,1.5076,93.96841188906852,0.0001,88.35883588358836,1.6412183018104585,-4.506456772969179,91.86\pm{1.5076},91.86+-1.5076
40,,all,hiresnet50.in1k_swav,70,-1,hiresnet50.in1k_swav,92.007,1.375,93.94353936077604,0.0001,88.62886288628863,1.4945030967086352,-4.110195871753509,92.007\pm{1.375},92.007+-1.375
40,,all,hiresnet50.in1k_mocov3,25,-1,hiresnet50.in1k_mocov3,90.0667,4.1047,93.545578908096,0.0001,79.51328960994132,4.55739231750387,-12.268508325307925,90.0667\pm{4.1047},90.0667+-4.1047
40,,all,hiresnet50.in1k_mocov3,50,-1,hiresnet50.in1k_mocov3,92.1821,1.1242,93.80674045516729,0.0001,89.28892889288929,1.2195114375293854,-3.3603201663871185,92.1821\pm{1.1242},92.1821+-1.1242
40,,all,hiresnet50.in1k_mocov3,70,-1,hiresnet50.in1k_mocov3,92.1118,1.1579,93.65750528541226,0.0001,89.04890489048906,1.2570334495362117,-3.4610574094447832,92.1118\pm{1.1579},92.1118+-1.1579
40,,all,hiresnet50.in1k_spark,25,-1,hiresnet50.in1k_spark,82.4635,8.737,92.12784479542346,5e-05,60.010355540214015,10.59500658211074,-26.10508902211186,82.4635\pm{8.737},82.4635+-8.737
40,,all,hiresnet50.in1k_spark,50,-1,hiresnet50.in1k_spark,82.0733,9.4498,91.90399204079095,0.01,59.302726958923024,11.513883956092407,-28.234318433511675,82.0733\pm{9.4498},82.0733+-9.4498
40,,all,hiresnet50.in1k_spark,70,-1,hiresnet50.in1k_spark,82.3036,8.9798,92.52580524810348,5e-05,58.64687607870211,10.91061892869768,-26.83039659841833,82.3036\pm{8.9798},82.3036+-8.9798
40,,all,hivit_base_patch16_224.orig_in21k,25,-1,hivit_base_patch16_224.orig_in21k,83.1478,10.6013,91.65526675786592,0.03,47.06593027269589,12.749959317107654,-31.676421690952512,83.1478\pm{10.6013},83.1478+-10.6013
40,,all,hivit_base_patch16_224.orig_in21k,50,-1,hivit_base_patch16_224.orig_in21k,80.6933,16.8166,91.59308543713468,0.03,12.883969655515482,20.840140102298115,-50.24139503046524,80.6933\pm{16.8166},80.6933+-16.8166
40,,all,hivit_base_patch16_224.orig_in21k,70,-1,hivit_base_patch16_224.orig_in21k,81.854,12.5272,91.85424698420594,0.03,39.18391839183919,15.304328310496556,-37.42859314880953,81.854\pm{12.5272},81.854+-12.5272
40,,all,hideit_base_patch16_224.fb_in1k,25,-1,hideit_base_patch16_224.fb_in1k,83.4321,13.874,92.93620196492974,0.03,24.387297204004145,16.629071533586202,-41.455678262179816,83.4321\pm{13.874},83.4321+-13.874
40,,all,hideit_base_patch16_224.fb_in1k,50,-1,hideit_base_patch16_224.fb_in1k,82.1432,17.945,92.91132943663725,0.03,13.717199353314264,21.846037841857317,-53.616617112743256,82.1432\pm{17.945},82.1432+-17.945
40,,all,hideit_base_patch16_224.fb_in1k,70,-1,hideit_base_patch16_224.fb_in1k,82.7619,15.5685,92.998383285661,0.01,21.80077104837707,18.811205151870954,-46.51744689333331,82.7619\pm{15.5685},82.7619+-15.5685
40,,all,hivit_base_patch16_224_miil.in21k,25,-1,hivit_base_patch16_224_miil.in21k,79.3702,18.322,91.9164283049372,0.01,4.576545205820172,23.084257372137117,-54.7352126784076,79.3702\pm{18.322},79.3702+-18.322
40,,all,hivit_base_patch16_224_miil.in21k,50,-1,hivit_base_patch16_224_miil.in21k,81.5075,14.4292,92.51336898395722,0.03,19.711971197119716,17.702937543691455,-43.11061318906433,81.5075\pm{14.4292},81.5075+-14.4292
40,,all,hivit_base_patch16_224_miil.in21k,70,-1,hivit_base_patch16_224_miil.in21k,77.1578,22.0581,92.07809973883845,0.03,4.588981469966422,28.588323292934536,-65.88851087653008,77.1578\pm{22.0581},77.1578+-22.0581
40,,all,hideit3_base_patch16_224.fb_in1k,25,-1,hideit3_base_patch16_224.fb_in1k,76.2239,28.4064,93.11030966297724,0.03,4.054222111677652,37.26708221663383,-84.8465459100311,76.2239\pm{28.4064},76.2239+-28.4064
40,,all,hideit3_base_patch16_224.fb_in1k,50,-1,hideit3_base_patch16_224.fb_in1k,84.6745,17.7025,93.446088794926,0.01,16.689466484268127,20.90652805676027,-52.89841060262378,84.6745\pm{17.7025},84.6745+-17.7025
40,,all,hideit3_base_patch16_224.fb_in1k,70,-1,hideit3_base_patch16_224.fb_in1k,78.1582,28.3032,93.20979977614724,0.03,3.9920407909464,36.212718624860756,-84.54752057404266,78.1582\pm{28.3032},78.1582+-28.3032
40,,all,hideit3_base_patch16_224.fb_in22k_ft_in1k,25,-1,hideit3_base_patch16_224.fb_in22k_ft_in1k,75.3378,29.1856,93.6201964929735,0.03,3.0220121875388632,38.73965654162453,-87.16945819516539,75.3378\pm{29.1856},75.3378+-29.1856
40,,all,hideit3_base_patch16_224.fb_in22k_ft_in1k,50,-1,hideit3_base_patch16_224.fb_in22k_ft_in1k,76.8227,28.3856,93.27198109687848,0.03,4.203457281432658,36.94948926329316,-84.78734465916571,76.8227\pm{28.3856},76.8227+-28.3856
40,,all,hideit3_base_patch16_224.fb_in22k_ft_in1k,70,-1,hideit3_base_patch16_224.fb_in22k_ft_in1k,76.3616,28.5655,93.346598681756,0.03,4.613853998258923,37.40820021261003,-85.32240611519539,76.3616\pm{28.5655},76.3616+-28.5655
40,,all,hivit_base_patch16_224.in1k_mocov3,25,-1,hivit_base_patch16_224.in1k_mocov3,77.8006,22.0298,92.55067777639596,0.01,8.25767939311031,28.31573257674018,-65.8062691763544,77.8006\pm{22.0298},77.8006+-22.0298
40,,all,hivit_base_patch16_224.in1k_mocov3,50,-1,hivit_base_patch16_224.in1k_mocov3,81.0914,15.8884,92.4636239273722,0.01,30.273027302730277,19.5931852879361,-47.4692221567833,81.0914\pm{15.8884},81.0914+-15.8884
40,,all,hivit_base_patch16_224.in1k_mocov3,70,-1,hivit_base_patch16_224.in1k_mocov3,80.5293,17.6512,92.51336898395722,0.01,16.51535878622062,21.918920214148564,-52.73429699592879,80.5293\pm{17.6512},80.5293+-17.6512
40,,all,hivit_base_patch16_224.dino,25,-1,hivit_base_patch16_224.dino,61.7085,33.1758,91.21999751274716,0.003,3.4572814326576298,53.762058634142626,-98.98969854395932,61.7085\pm{33.1758},61.7085+-33.1758
40,,all,hivit_base_patch16_224.dino,50,-1,hivit_base_patch16_224.dino,61.7509,31.4151,89.19288645690834,0.003,4.427310036065166,50.87397065388828,-93.73670302153454,61.7509\pm{31.4151},61.7509+-31.4151
40,,all,hivit_base_patch16_224.dino,70,-1,hivit_base_patch16_224.dino,60.6489,32.7903,88.44671060813332,0.003,2.8603407536376078,54.065820544947016,-97.83036694187614,60.6489\pm{32.7903},60.6489+-32.7903
40,,all,hivit_base_patch16_clip_224.laion2b,25,-1,hivit_base_patch16_clip_224.laion2b,61.5292,28.851,91.07076234299215,1e-05,4.875015545330183,46.8898769933815,-86.08402352787219,61.5292\pm{28.851},61.5292+-28.851
40,,all,hivit_base_patch16_clip_224.laion2b,50,-1,hivit_base_patch16_clip_224.laion2b,65.5834,25.4503,91.21999751274716,1e-05,10.269244045564378,38.80597911160663,-75.96274222191113,65.5834\pm{25.4503},65.5834+-25.4503
40,,all,hivit_base_patch16_clip_224.laion2b,70,-1,hivit_base_patch16_clip_224.laion2b,65.9845,25.7862,91.26974256933217,5e-06,5.229547808077322,39.07915811012103,-76.96780800901156,65.9845\pm{25.7862},65.9845+-25.7862
40,,all,hivit_base_patch16_siglip_224.v2_webli,25,-1,hivit_base_patch16_siglip_224.v2_webli,73.1474,27.4458,95.18716577540108,0.003,7.99651784603905,37.52122856370996,-81.96221188803128,73.1474\pm{27.4458},73.1474+-27.4458
40,,all,hivit_base_patch16_siglip_224.v2_webli,50,-1,hivit_base_patch16_siglip_224.v2_webli,82.0613,15.4963,95.14985698296232,0.003,21.073524335519505,18.8838146869689,-46.300045336548315,82.0613\pm{15.4963},82.0613+-15.4963
40,,all,hivit_base_patch16_siglip_224.v2_webli,70,-1,hivit_base_patch16_siglip_224.v2_webli,68.4976,26.6827,93.66936693669366,0.003,6.6782738465365,38.9542275508353,-79.65864650870681,68.4976\pm{26.6827},68.4976+-26.6827
40,,all,hivit_base_patch16_224.mae,25,-1,hivit_base_patch16_224.mae,71.8393,27.37,92.38900634249472,0.01,6.752891431414003,38.098972455185645,-81.72912283661016,71.8393\pm{27.37},71.8393+-27.37
40,,all,hivit_base_patch16_224.mae,50,-1,hivit_base_patch16_224.mae,75.0098,23.2612,91.72988434274345,0.01,10.359408033826638,31.01088976675585,-69.47350520779042,75.0098\pm{23.2612},75.0098+-23.2612
40,,all,hivit_base_patch16_224.mae,70,-1,hivit_base_patch16_224.mae,72.4505,27.5727,91.49359532396468,0.01,4.750652903867678,38.057247749221744,-82.33739003151022,72.4505\pm{27.5727},72.4505+-27.5727
40,,aircraft_pl,hiresnet50.tv_in1k,25,-1,hiresnet50.tv_in1k,91.3621,0.8995,92.61926192619262,0.03,90.0990099009901,0.984514051999413,-2.6885740671698466,91.3621\pm{0.8995},91.3621+-0.8995
40,,aircraft_pl,hiresnet50.tv_in1k,50,-1,hiresnet50.tv_in1k,91.4581,1.2113,92.97929792979298,0.01,89.34893489348934,1.3244561257413217,-3.6207244829345493,91.4581\pm{1.2113},91.4581+-1.2113
40,,aircraft_pl,hiresnet50.tv_in1k,70,-1,hiresnet50.tv_in1k,91.6112,1.0421,93.12931293129311,0.01,89.91899189918992,1.1375695592803488,-3.1150463496876797,91.6112\pm{1.0421},91.6112+-1.0421
40,,cars_pl,hiresnet50.tv_in1k,25,-1,hiresnet50.tv_in1k,92.3853,2.3274,94.20470090784728,0.03,86.10869294863824,2.519259334027338,-6.957081432784173,92.3853\pm{2.3274},92.3853+-2.3274
40,,cars_pl,hiresnet50.tv_in1k,50,-1,hiresnet50.tv_in1k,92.098,2.5586,93.90623056833728,0.01,85.07648302449944,2.778087185726852,-7.647907150510138,92.098\pm{2.5586},92.098+-2.5586
40,,cars_pl,hiresnet50.tv_in1k,70,-1,hiresnet50.tv_in1k,92.3082,2.3174,94.15495585126229,0.01,86.13356547693073,2.5105357181232497,-6.927183425720081,92.3082\pm{2.3174},92.3082+-2.3174
40,,cub_pl,hiresnet50.tv_in1k,25,-1,hiresnet50.tv_in1k,82.5923,3.2536,86.36520538488091,0.01,75.59544356230583,3.939324240931201,-9.72134660357904,82.5923\pm{3.2536},82.5923+-3.2536
40,,cub_pl,hiresnet50.tv_in1k,50,-1,hiresnet50.tv_in1k,82.6752,3.5027,86.52053848809113,0.01,74.55988954090438,4.236690948628414,-10.465708849291673,82.6752\pm{3.5027},82.6752+-3.5027
40,,cub_pl,hiresnet50.tv_in1k,70,-1,hiresnet50.tv_in1k,82.5751,3.6976,86.39972385226096,0.01,73.36900241629272,4.477850700857878,-11.047987575068275,82.5751\pm{3.6976},82.5751+-3.6976
40,,aircraft_pl,hiresnet50.gluon_in1k,25,-1,hiresnet50.gluon_in1k,90.9361,1.2406,92.61926192619262,0.03,89.22892289228923,1.3643032897116978,-3.7082893170463436,90.9361\pm{1.2406},90.9361+-1.2406
40,,aircraft_pl,hiresnet50.gluon_in1k,50,-1,hiresnet50.gluon_in1k,91.0021,1.4869,92.91929192919292,0.03,88.74887488748875,1.6339407101999937,-4.444421680303582,91.0021\pm{1.4869},91.0021+-1.4869
40,,aircraft_pl,hiresnet50.gluon_in1k,70,-1,hiresnet50.gluon_in1k,91.0441,1.3422,92.91929192919292,0.03,88.80888088808881,1.4742753371197355,-4.011979578302824,91.0441\pm{1.3422},91.0441+-1.3422
40,,cars_pl,hiresnet50.gluon_in1k,25,-1,hiresnet50.gluon_in1k,91.8617,2.4976,94.11764705882354,0.03,85.4371346847407,2.718910385981931,-7.465723515376893,91.8617\pm{2.4976},91.8617+-2.4976
40,,cars_pl,hiresnet50.gluon_in1k,50,-1,hiresnet50.gluon_in1k,92.0495,2.3899,93.83161298345976,0.03,85.62367864693447,2.59628888349157,-7.143649632843814,92.0495\pm{2.3899},92.0495+-2.3899
40,,cars_pl,hiresnet50.gluon_in1k,70,-1,hiresnet50.gluon_in1k,92.1763,2.0826,94.21713717199351,0.03,86.91705011814452,2.259372096538877,-6.2252262177250115,92.1763\pm{2.0826},92.1763+-2.0826
40,,cub_pl,hiresnet50.gluon_in1k,25,-1,hiresnet50.gluon_in1k,81.5085,3.718,85.08802209181913,0.03,71.71211598205039,4.561428941547851,-11.108236756159537,81.5085\pm{3.718},81.5085+-3.718
40,,cub_pl,hiresnet50.gluon_in1k,50,-1,hiresnet50.gluon_in1k,81.0166,4.7759,85.53676216775975,0.03,68.29478771142561,5.894954004654252,-14.268718872059528,81.0166\pm{4.7759},81.0166+-4.7759
40,,cub_pl,hiresnet50.gluon_in1k,70,-1,hiresnet50.gluon_in1k,81.4601,4.0122,85.34691059716948,0.03,70.90093199861926,4.925354197470372,-11.987346427590705,81.4601\pm{4.0122},81.4601+-4.0122
40,,aircraft_pl,hiresnet50.in21k_miil,25,-1,hiresnet50.in21k_miil,90.8161,1.2859,92.13921392139214,0.0005,88.5088508850885,1.4159737144606466,-3.843635795079454,90.8161\pm{1.2859},90.8161+-1.2859
40,,aircraft_pl,hiresnet50.in21k_miil,50,-1,hiresnet50.in21k_miil,91.1521,1.261,92.52925292529252,0.0001,88.38883888388838,1.3833526352039687,-3.7690320371161667,91.1521\pm{1.261},91.1521+-1.261
40,,aircraft_pl,hiresnet50.in21k_miil,70,-1,hiresnet50.in21k_miil,91.1011,1.2725,92.67926792679268,0.0001,88.86888688868886,1.3967597961352056,-3.8034234416290507,91.1011\pm{1.2725},91.1011+-1.2725
40,,cars_pl,hiresnet50.in21k_miil,25,-1,hiresnet50.in21k_miil,,,,,,,,nan\pm{nan},nan+-nan
40,,cub_pl,hiresnet50.in21k_miil,25,-1,hiresnet50.in21k_miil,86.1046,2.4909,88.6434242319641,0.01,80.87676907145323,2.8928416513908175,-7.443679996304688,86.1046\pm{2.4909},86.1046+-2.4909
40,,cub_pl,hiresnet50.in21k_miil,50,-1,hiresnet50.in21k_miil,86.2634,2.6493,88.76423886779428,0.01,80.89402830514325,3.0712007151534753,-7.917252246080387,86.2634\pm{2.6493},86.2634+-2.6493
40,,cub_pl,hiresnet50.in21k_miil,70,-1,hiresnet50.in21k_miil,,,,,,,,nan\pm{nan},nan+-nan
40,,aircraft_pl,hiresnet50.a1_in1k,25,-1,hiresnet50.a1_in1k,89.0369,2.7357,91.83918391839184,0.0005,83.1983198319832,3.072522022332581,-8.17631020144559,89.0369\pm{2.7357},89.0369+-2.7357
40,,aircraft_pl,hiresnet50.a1_in1k,50,-1,hiresnet50.a1_in1k,88.9859,2.4247,91.53915391539154,0.0001,84.03840384038403,2.72483592753931,-7.246910846385127,88.9859\pm{2.4247},88.9859+-2.4247
40,,aircraft_pl,hiresnet50.a1_in1k,70,-1,hiresnet50.a1_in1k,89.0429,2.6436,91.74917491749174,0.0005,83.67836783678368,2.9688499157146984,-7.900962067771821,89.0429\pm{2.6436},89.0429+-2.6436
40,,cars_pl,hiresnet50.a1_in1k,25,-1,hiresnet50.a1_in1k,91.2523,1.4332,92.86158438005224,0.0001,88.40940181569457,1.570554452480572,-4.283797135684663,91.2523\pm{1.4332},91.2523+-1.4332
40,,cars_pl,hiresnet50.a1_in1k,50,-1,hiresnet50.a1_in1k,91.4948,1.3604,93.01081954980724,0.0001,88.63325457032707,1.4868999689087343,-4.066441196029773,91.4948\pm{1.3604},91.4948+-1.3604
40,,cars_pl,hiresnet50.a1_in1k,70,-1,hiresnet50.a1_in1k,91.6249,1.3514,92.998383285661,0.0001,89.01877875886083,1.4749559684858093,-4.0395297736632765,91.6249\pm{1.3514},91.6249+-1.3514
40,,cub_pl,hiresnet50.a1_in1k,25,-1,hiresnet50.a1_in1k,83.476,1.98,85.41594753192959,0.0001,79.84121505005177,2.3719171022879553,-5.916226077644324,83.476\pm{1.98},83.476+-1.98
40,,cub_pl,hiresnet50.a1_in1k,50,-1,hiresnet50.a1_in1k,82.6251,2.3907,85.15705902657922,5e-06,78.04625474628926,2.893438642515401,-7.143187884879979,82.6251\pm{2.3907},82.6251+-2.3907
40,,cub_pl,hiresnet50.a1_in1k,70,-1,hiresnet50.a1_in1k,83.1049,2.0547,84.98446668967898,5e-05,79.53054884363134,2.4724573972230703,-6.139477849242547,83.1049\pm{2.0547},83.1049+-2.0547
40,,aircraft_pl,hiresnet50.tv2_in1k,25,-1,hiresnet50.tv2_in1k,91.6112,0.9763,92.61926192619262,0.0001,89.94899489948995,1.0657383856013578,-2.918348544672506,91.6112\pm{0.9763},91.6112+-0.9763
40,,aircraft_pl,hiresnet50.tv2_in1k,50,-1,hiresnet50.tv2_in1k,91.5362,0.9127,92.82928292829284,0.03,90.06900690069007,0.9971135000644372,-2.7281869004148303,91.5362\pm{0.9127},91.5362+-0.9127
40,,aircraft_pl,hiresnet50.tv2_in1k,70,-1,hiresnet50.tv2_in1k,91.5722,1.0486,93.009300930093,0.03,89.43894389438944,1.1450807796982363,-3.134274707699855,91.5722\pm{1.0486},91.5722+-1.0486
40,,cars_pl,hiresnet50.tv2_in1k,25,-1,hiresnet50.tv2_in1k,92.8765,0.7622,93.93110309662976,0.03,91.77962939932844,0.8206241287820146,-2.278294860031608,92.8765\pm{0.7622},92.8765+-0.7622
40,,cars_pl,hiresnet50.tv2_in1k,50,-1,hiresnet50.tv2_in1k,92.7907,0.8145,94.16739211540852,0.03,91.69257555030468,0.877793192972927,-2.434753351764675,92.7907\pm{0.8145},92.7907+-0.8145
40,,cars_pl,hiresnet50.tv2_in1k,70,-1,hiresnet50.tv2_in1k,92.9163,0.8059,94.03059320979978,0.01,91.82937445591344,0.8672963159448766,-2.4089060798515765,92.9163\pm{0.8059},92.9163+-0.8059
40,,cub_pl,hiresnet50.tv2_in1k,25,-1,hiresnet50.tv2_in1k,83.5934,1.9788,86.36520538488091,0.03,79.39247497411115,2.3672268013176354,-5.912861882574588,83.5934\pm{1.9788},83.5934+-1.9788
40,,cub_pl,hiresnet50.tv2_in1k,50,-1,hiresnet50.tv2_in1k,83.7142,2.132,86.86572316189161,0.03,79.73765964791163,2.5467395486191142,-6.370479535799009,83.7142\pm{2.132},83.7142+-2.132
40,,cub_pl,hiresnet50.tv2_in1k,70,-1,hiresnet50.tv2_in1k,83.7642,2.214,86.77942699344149,0.03,79.30617880566103,2.6431703169866405,-6.615662790840107,83.7642\pm{2.214},83.7642+-2.214
40,,aircraft_pl,hiresnet50.fb_swsl_ig1b_ft_in1k,25,-1,hiresnet50.fb_swsl_ig1b_ft_in1k,91.2781,1.5392,93.06930693069307,0.03,88.5088508850885,1.686255918886113,-4.600685939485506,91.2781\pm{1.5392},91.2781+-1.5392
40,,aircraft_pl,hiresnet50.fb_swsl_ig1b_ft_in1k,50,-1,hiresnet50.fb_swsl_ig1b_ft_in1k,91.5032,1.5578,93.54935493549355,0.01,88.62886288628863,1.7024917029712112,-4.656475709182349,91.5032\pm{1.5578},91.5032+-1.5578
40,,aircraft_pl,hiresnet50.fb_swsl_ig1b_ft_in1k,70,-1,hiresnet50.fb_swsl_ig1b_ft_in1k,91.2571,1.7513,93.33933393339332,0.03,87.36873687368737,1.9190835442442107,-5.23471061205818,91.2571\pm{1.7513},91.2571+-1.7513
40,,cars_pl,hiresnet50.fb_swsl_ig1b_ft_in1k,25,-1,hiresnet50.fb_swsl_ig1b_ft_in1k,90.5086,4.518,94.29175475687104,0.03,80.238776271608,4.991833459819652,-13.504203871797326,90.5086\pm{4.518},90.5086+-4.518
40,,cars_pl,hiresnet50.fb_swsl_ig1b_ft_in1k,50,-1,hiresnet50.fb_swsl_ig1b_ft_in1k,91.2983,3.2708,94.14251958711604,0.03,84.66608630767317,3.582590028094458,-9.776710416066468,91.2983\pm{3.2708},91.2983+-3.2708
40,,cars_pl,hiresnet50.fb_swsl_ig1b_ft_in1k,70,-1,hiresnet50.fb_swsl_ig1b_ft_in1k,90.9899,3.8153,94.26688222857854,0.03,82.99962691207561,4.19312899687448,-11.404043702805335,90.9899\pm{3.8153},90.9899+-3.8153
40,,cub_pl,hiresnet50.fb_swsl_ig1b_ft_in1k,25,-1,hiresnet50.fb_swsl_ig1b_ft_in1k,81.4904,6.2729,85.45046599930963,0.03,65.80945806006213,7.697685900222393,-18.741655326249784,81.4904\pm{6.2729},81.4904+-6.2729
40,,cub_pl,hiresnet50.fb_swsl_ig1b_ft_in1k,50,-1,hiresnet50.fb_swsl_ig1b_ft_in1k,81.1961,4.9336,85.51950293406972,0.03,69.08871246116672,6.076206818983979,-14.740160427448819,81.1961\pm{4.9336},81.1961+-4.9336
40,,cub_pl,hiresnet50.fb_swsl_ig1b_ft_in1k,70,-1,hiresnet50.fb_swsl_ig1b_ft_in1k,80.5316,6.3895,85.67483603727995,0.03,63.80738695201933,7.9341630864841015,-19.089180095853216,80.5316\pm{6.3895},80.5316+-6.3895
40,,aircraft_pl,hiresnet50.fb_ssl_yfcc100m_ft_in1k,25,-1,hiresnet50.fb_ssl_yfcc100m_ft_in1k,91.1191,1.5442,93.66936693669366,0.03,89.07890789078908,1.6946775603660382,-4.615578652687661,91.1191\pm{1.5442},91.1191+-1.5442
40,,aircraft_pl,hiresnet50.fb_ssl_yfcc100m_ft_in1k,50,-1,hiresnet50.fb_ssl_yfcc100m_ft_in1k,91.2421,1.5077,93.21932193219322,0.01,88.68886888688868,1.6524112556564048,-4.506561278601575,91.2421\pm{1.5077},91.2421+-1.5077
40,,aircraft_pl,hiresnet50.fb_ssl_yfcc100m_ft_in1k,70,-1,hiresnet50.fb_ssl_yfcc100m_ft_in1k,91.2871,1.4288,93.3993399339934,0.01,88.86888688868886,1.5651632508827988,-4.2707261416909965,91.2871\pm{1.4288},91.2871+-1.4288
40,,cars_pl,hiresnet50.fb_ssl_yfcc100m_ft_in1k,25,-1,hiresnet50.fb_ssl_yfcc100m_ft_in1k,91.9823,2.6929,94.13008332296978,0.03,84.91481159059819,2.927575837434406,-8.049282567611016,91.9823\pm{2.6929},91.9823+-2.6929
40,,cars_pl,hiresnet50.fb_ssl_yfcc100m_ft_in1k,50,-1,hiresnet50.fb_ssl_yfcc100m_ft_in1k,91.894,2.3576,94.14251958711604,0.03,85.92214898644447,2.5655903788797745,-7.047218276394672,91.894\pm{2.3576},91.894+-2.3576
40,,cars_pl,hiresnet50.fb_ssl_yfcc100m_ft_in1k,70,-1,hiresnet50.fb_ssl_yfcc100m_ft_in1k,91.7249,2.6041,94.13008332296978,0.03,84.98942917547569,2.8390808411940123,-7.7840422169495405,91.7249\pm{2.6041},91.7249+-2.6041
40,,cub_pl,hiresnet50.fb_ssl_yfcc100m_ft_in1k,25,-1,hiresnet50.fb_ssl_yfcc100m_ft_in1k,82.0363,4.16,85.64031756989989,0.01,70.88367276492924,5.0709060281358,-12.42923829973435,82.0363\pm{4.16},82.0363+-4.16
40,,cub_pl,hiresnet50.fb_ssl_yfcc100m_ft_in1k,50,-1,hiresnet50.fb_ssl_yfcc100m_ft_in1k,81.2668,6.1767,85.91646530894029,0.03,64.63583016914049,7.600466881765716,-18.4539703188327,81.2668\pm{6.1767},81.2668+-6.1767
40,,cub_pl,hiresnet50.fb_ssl_yfcc100m_ft_in1k,70,-1,hiresnet50.fb_ssl_yfcc100m_ft_in1k,81.4066,5.4221,85.95098377632033,0.03,67.15567828788402,6.660549790370861,-16.199781383133004,81.4066\pm{5.4221},81.4066+-5.4221
40,,aircraft_pl,hiresnet50.in1k_supcon,25,-1,hiresnet50.in1k_supcon,91.4611,1.4999,93.24932493249324,0.03,88.5988598859886,1.639927661801229,-4.483290628183848,91.4611\pm{1.4999},91.4611+-1.4999
40,,aircraft_pl,hiresnet50.in1k_supcon,50,-1,hiresnet50.in1k_supcon,91.1281,1.9554,93.33933393339332,0.01,86.46864686468646,2.1458223882283316,-5.84488411614104,91.1281\pm{1.9554},91.1281+-1.9554
40,,aircraft_pl,hiresnet50.in1k_supcon,70,-1,hiresnet50.in1k_supcon,91.4611,1.6124,93.48934893489348,0.01,88.11881188118812,1.7629093583953592,-4.819502218866464,91.4611\pm{1.6124},91.4611+-1.6124
40,,cars_pl,hiresnet50.in1k_supcon,25,-1,hiresnet50.in1k_supcon,91.6988,3.1517,94.2295734361398,0.03,85.66098743937322,3.437036899703789,-9.420793757342679,91.6988\pm{3.1517},91.6988+-3.1517
40,,cars_pl,hiresnet50.in1k_supcon,50,-1,hiresnet50.in1k_supcon,91.5869,3.0641,94.17982837955478,0.03,83.9074741947519,3.3455350703202296,-9.158756945792257,91.5869\pm{3.0641},91.5869+-3.0641
40,,cars_pl,hiresnet50.in1k_supcon,70,-1,hiresnet50.in1k_supcon,91.9811,2.7567,94.25444596443228,0.01,84.75314015669693,2.9970772090926383,-8.2402627015657,91.9811\pm{2.7567},91.9811+-2.7567
40,,cub_pl,hiresnet50.in1k_supcon,25,-1,hiresnet50.in1k_supcon,81.3963,4.7916,85.51950293406972,0.01,69.67552640662754,5.88678415990971,-14.316000699935342,81.3963\pm{4.7916},81.3963+-4.7916
40,,cub_pl,hiresnet50.in1k_supcon,50,-1,hiresnet50.in1k_supcon,81.0131,5.585,85.55402140144977,0.01,66.91404901622369,6.893967155199626,-16.68611336423927,81.0131\pm{5.585},81.0131+-5.585
40,,cub_pl,hiresnet50.in1k_supcon,70,-1,hiresnet50.in1k_supcon,81.1305,5.1265,85.53676216775975,0.01,68.46738004832585,6.318777341047784,-15.316175350716193,81.1305\pm{5.1265},81.1305+-5.1265
40,,aircraft_pl,hiresnet50.in1k_swav,25,-1,hiresnet50.in1k_swav,90.9871,1.5527,92.94929492949296,0.0005,88.17881788178818,1.70652155204127,-4.641078131662626,90.9871\pm{1.5527},90.9871+-1.5527
40,,aircraft_pl,hiresnet50.in1k_swav,50,-1,hiresnet50.in1k_swav,90.9181,1.5389,92.76927692769276,0.0001,88.35883588358836,1.6925760927133506,-4.59964789681298,90.9181\pm{1.5389},90.9181+-1.5389
40,,aircraft_pl,hiresnet50.in1k_swav,70,-1,hiresnet50.in1k_swav,91.1971,1.4473,93.06930693069307,0.0001,88.62886288628863,1.586994912877766,-4.3260110024313105,91.1971\pm{1.4473},91.1971+-1.4473
40,,cars_pl,hiresnet50.in1k_swav,25,-1,hiresnet50.in1k_swav,92.5756,0.6266,93.73212287028976,0.0001,91.72988434274345,0.6768563004725423,-1.8730417717985095,92.5756\pm{0.6266},92.5756+-0.6266
40,,cars_pl,hiresnet50.in1k_swav,50,-1,hiresnet50.in1k_swav,92.8019,0.6774,93.96841188906852,0.0001,91.58064917298844,0.7299014696245659,-2.024788068987041,92.8019\pm{0.6774},92.8019+-0.6774
40,,cars_pl,hiresnet50.in1k_swav,70,-1,hiresnet50.in1k_swav,92.8168,0.6629,93.94353936077604,0.0001,91.8418107200597,0.7142409625192933,-1.9816647037934714,92.8168\pm{0.6629},92.8168+-0.6629
40,,cub_pl,hiresnet50.in1k_swav,25,-1,hiresnet50.in1k_swav,84.5806,1.5481,86.22713151536072,5e-05,81.03210217466345,1.8303323803569087,-4.626015038214242,84.5806\pm{1.5481},84.5806+-1.5481
40,,aircraft_pl,hiresnet50.in1k_mocov3,25,-1,hiresnet50.in1k_mocov3,91.4881,1.228,93.18931893189318,0.0001,89.16891689168916,1.342218116099501,-3.670489341271236,91.4881\pm{1.228},91.4881+-1.228
40,,aircraft_pl,hiresnet50.in1k_mocov3,50,-1,hiresnet50.in1k_mocov3,91.4641,1.0791,93.009300930093,0.0001,89.28892889288929,1.1798197698542494,-3.2255380474865873,91.4641\pm{1.0791},91.4641+-1.0791
40,,aircraft_pl,hiresnet50.in1k_mocov3,70,-1,hiresnet50.in1k_mocov3,91.3321,1.0779,92.5892589258926,0.0001,89.04890489048906,1.1802253963207059,-3.2219728395920226,91.3321\pm{1.0779},91.3321+-1.0779
40,,cars_pl,hiresnet50.in1k_mocov3,25,-1,hiresnet50.in1k_mocov3,92.782,0.4993,93.545578908096,0.0001,92.0159184181072,0.5381641326411115,-1.492576570829643,92.782\pm{0.4993},92.782+-0.4993
40,,cars_pl,hiresnet50.in1k_mocov3,50,-1,hiresnet50.in1k_mocov3,92.9001,0.5982,93.80674045516729,0.0001,91.97860962566844,0.643937610905426,-1.7882173881831818,92.9001\pm{0.5982},92.9001+-0.5982
40,,cars_pl,hiresnet50.in1k_mocov3,70,-1,hiresnet50.in1k_mocov3,92.8914,0.5636,93.65750528541226,0.0001,91.9413008332297,0.606697507186841,-1.6846430212649264,92.8914\pm{0.5636},92.8914+-0.5636
40,,cub_pl,hiresnet50.in1k_mocov3,25,-1,hiresnet50.in1k_mocov3,83.1722,2.2919,85.29513289609942,0.03,79.51328960994132,2.7555834404906094,-6.848086174427116,83.1722\pm{2.2919},83.1722+-2.2919
40,,aircraft_pl,hiresnet50.in1k_spark,25,-1,hiresnet50.in1k_spark,87.7318,2.3125,90.4890489048905,5e-05,82.65826582658266,2.6358512865361057,-6.911078703120442,87.7318\pm{2.3125},87.7318+-2.3125
40,,aircraft_pl,hiresnet50.in1k_spark,50,-1,hiresnet50.in1k_spark,87.7108,2.824,91.11911191119113,5e-05,81.33813381338133,3.2197252584697384,-8.439940299719922,87.7108\pm{2.824},87.7108+-2.824
40,,aircraft_pl,hiresnet50.in1k_spark,70,-1,hiresnet50.in1k_spark,87.2187,2.8001,90.96909690969098,5e-05,81.33813381338133,3.2104362147423697,-8.368199936912944,87.2187\pm{2.8001},87.2187+-2.8001
40,,cars_pl,hiresnet50.in1k_spark,25,-1,hiresnet50.in1k_spark,87.7291,3.8731,92.12784479542346,5e-05,81.15905981843055,4.414830732967081,-11.575130553347986,87.7291\pm{3.8731},87.7291+-3.8731
40,,cars_pl,hiresnet50.in1k_spark,50,-1,hiresnet50.in1k_spark,87.4717,5.3942,91.90399204079095,0.01,74.39373212287029,6.166756482608477,-16.120834013115086,87.4717\pm{5.3942},87.4717+-5.3942
40,,cars_pl,hiresnet50.in1k_spark,70,-1,hiresnet50.in1k_spark,87.999,4.4279,92.52580524810348,5e-05,79.76619823405049,5.031761412359582,-13.233382331351995,87.999\pm{4.4279},87.999+-4.4279
40,,cub_pl,hiresnet50.in1k_spark,25,-1,hiresnet50.in1k_spark,71.9296,6.3783,78.59855022437004,0.01,60.010355540214015,8.8673709347754,-19.04611492084035,71.9296\pm{6.3783},71.9296+-6.3783
40,,cub_pl,hiresnet50.in1k_spark,50,-1,hiresnet50.in1k_spark,71.0373,6.9029,77.61477390403866,5e-05,59.302726958923024,9.717251254486257,-20.611440417213505,71.0373\pm{6.9029},71.0373+-6.9029
40,,cub_pl,hiresnet50.in1k_spark,70,-1,hiresnet50.in1k_spark,71.6931,6.664,78.18432861580946,0.01,58.64687607870211,9.29519822342689,-19.899103886056874,71.6931\pm{6.664},71.6931+-6.664
40,,aircraft_pl,hivit_base_patch16_224.orig_in21k,25,-1,hivit_base_patch16_224.orig_in21k,83.825,5.6587,89.31893189318932,0.01,72.24722472247225,6.750627798549812,-16.908644936589464,83.825\pm{5.6587},83.825+-5.6587
40,,aircraft_pl,hivit_base_patch16_224.orig_in21k,50,-1,hivit_base_patch16_224.orig_in21k,79.2709,14.5982,88.74887488748875,0.01,40.17401740174017,18.41552974235937,-43.61032816998207,79.2709\pm{14.5982},79.2709+-14.5982
40,,aircraft_pl,hivit_base_patch16_224.orig_in21k,70,-1,hivit_base_patch16_224.orig_in21k,78.7879,15.2591,89.13891389138914,0.01,39.18391839183919,19.367378835422546,-45.58376709537179,78.7879\pm{15.2591},78.7879+-15.2591
40,,cars_pl,hivit_base_patch16_224.orig_in21k,25,-1,hivit_base_patch16_224.orig_in21k,84.9286,9.9694,91.65526675786592,0.03,59.49508767566223,11.73861740616903,-29.790954538866263,84.9286\pm{9.9694},84.9286+-9.9694
40,,cars_pl,hivit_base_patch16_224.orig_in21k,50,-1,hivit_base_patch16_224.orig_in21k,78.6731,23.9791,91.59308543713468,0.03,12.883969655515482,30.47943503658027,-71.63250971066286,78.6731\pm{23.9791},78.6731+-23.9791
40,,cars_pl,hivit_base_patch16_224.orig_in21k,70,-1,hivit_base_patch16_224.orig_in21k,86.1723,6.7668,91.85424698420594,0.03,69.95398582265888,7.852630705258319,-20.22184081317787,86.1723\pm{6.7668},86.1723+-6.7668
40,,cub_pl,hivit_base_patch16_224.orig_in21k,25,-1,hivit_base_patch16_224.orig_in21k,80.9355,14.5356,90.83534691059717,0.03,47.06593027269589,17.959556400861388,-43.427348060188514,80.9355\pm{14.5356},80.9355+-14.5356
40,,cub_pl,hivit_base_patch16_224.orig_in21k,50,-1,hivit_base_patch16_224.orig_in21k,84.5185,8.893,90.81808767690714,0.03,62.47842595788747,10.521920161417977,-26.573677776534165,84.5185\pm{8.893},84.5185+-8.893
40,,cub_pl,hivit_base_patch16_224.orig_in21k,70,-1,hivit_base_patch16_224.orig_in21k,81.0338,13.5958,90.73179150845702,0.03,50.96651708664135,16.777950647162776,-40.61966755091219,81.0338\pm{13.5958},81.0338+-13.5958
40,,aircraft_pl,hideit_base_patch16_224.fb_in1k,25,-1,hideit_base_patch16_224.fb_in1k,87.0954,4.4115,91.32913291329132,0.01,76.53765376537653,5.065105594467248,-13.183767261992255,87.0954\pm{4.4115},87.0954+-4.4115
40,,aircraft_pl,hideit_base_patch16_224.fb_in1k,50,-1,hideit_base_patch16_224.fb_in1k,86.8754,4.1636,91.83918391839184,0.01,78.15781578157815,4.7926000011883625,-12.442838679552944,86.8754\pm{4.1636},86.8754+-4.1636
40,,aircraft_pl,hideit_base_patch16_224.fb_in1k,70,-1,hideit_base_patch16_224.fb_in1k,86.8487,4.2416,91.32913291329132,0.01,77.70777077707771,4.883934309274698,-12.67605880924493,86.8487\pm{4.2416},86.8487+-4.2416
40,,cars_pl,hideit_base_patch16_224.fb_in1k,25,-1,hideit_base_patch16_224.fb_in1k,86.877,11.2607,92.93620196492974,0.03,57.11976122372839,12.961677929670442,-33.65252535867288,86.877\pm{11.2607},86.877+-11.2607
40,,cars_pl,hideit_base_patch16_224.fb_in1k,50,-1,hideit_base_patch16_224.fb_in1k,82.4137,25.8008,92.91132943663725,0.03,13.717199353314264,31.306446579336907,-77.08937664372085,82.4137\pm{25.8008},82.4137+-25.8008
40,,cars_pl,hideit_base_patch16_224.fb_in1k,70,-1,hideit_base_patch16_224.fb_in1k,83.1516,23.067,92.998383285661,0.01,21.80077104837707,27.740877073956344,-68.92356203730243,83.1516\pm{23.067},83.1516+-23.067
40,,cub_pl,hideit_base_patch16_224.fb_in1k,25,-1,hideit_base_patch16_224.fb_in1k,77.0349,19.4085,88.38453572661373,0.03,24.387297204004145,25.194476019723005,-57.97364598873183,77.0349\pm{19.4085},77.0349+-19.4085
40,,cub_pl,hideit_base_patch16_224.fb_in1k,50,-1,hideit_base_patch16_224.fb_in1k,77.6407,17.7187,88.67794269934414,0.03,29.841215050051776,22.821455736550387,-52.92797389493269,77.6407\pm{17.7187},77.6407+-17.7187
40,,cub_pl,hideit_base_patch16_224.fb_in1k,70,-1,hideit_base_patch16_224.fb_in1k,78.7332,14.258,88.41905419399379,0.03,41.75008629616845,18.109281287014863,-42.59294207241001,78.7332\pm{14.258},78.7332+-14.258
40,,aircraft_pl,hivit_base_patch16_224_miil.in21k,25,-1,hivit_base_patch16_224_miil.in21k,83.005,6.6363,89.88898889888989,0.01,69.27692769276928,7.9950187581748935,-19.8288378972064,83.005\pm{6.6363},83.005+-6.6363
40,,aircraft_pl,hivit_base_patch16_224_miil.in21k,50,-1,hivit_base_patch16_224_miil.in21k,77.1827,21.0082,90.12901290129012,0.01,19.711971197119716,27.21875801984129,-62.75234437843499,77.1827\pm{21.0082},77.1827+-21.0082
40,,aircraft_pl,hivit_base_patch16_224_miil.in21k,70,-1,hivit_base_patch16_224_miil.in21k,76.1446,24.3924,89.88898889888989,0.01,8.94089408940894,32.034256529800075,-72.8567408253227,76.1446\pm{24.3924},76.1446+-24.3924
40,,cars_pl,hivit_base_patch16_224_miil.in21k,25,-1,hivit_base_patch16_224_miil.in21k,76.3873,27.058,91.9164283049372,0.01,4.576545205820172,35.4221258785067,-80.81975851371277,76.3873\pm{27.058},76.3873+-27.058
40,,cars_pl,hivit_base_patch16_224_miil.in21k,50,-1,hivit_base_patch16_224_miil.in21k,84.5003,9.4872,92.51336898395722,0.03,61.88285039174232,11.227403849545004,-28.349285477625102,84.5003\pm{9.4872},84.5003+-9.4872
40,,cars_pl,hivit_base_patch16_224_miil.in21k,70,-1,hivit_base_patch16_224_miil.in21k,75.2668,27.4125,92.07809973883845,0.03,4.588981469966422,36.4204351379493,-81.8732378356234,75.2668\pm{27.4125},75.2668+-27.4125
40,,cub_pl,hivit_base_patch16_224_miil.in21k,25,-1,hivit_base_patch16_224_miil.in21k,79.0818,15.8087,90.1449775629962,0.03,40.83534691059717,19.99037272505081,-47.22634126386935,79.0818\pm{15.8087},79.0818+-15.8087
40,,cub_pl,hivit_base_patch16_224_miil.in21k,50,-1,hivit_base_patch16_224_miil.in21k,83.3199,8.8889,89.95512599240594,0.01,61.2185018985157,10.668428199598406,-26.56008987610732,83.3199\pm{8.8889},83.3199+-8.8889
40,,cub_pl,hivit_base_patch16_224_miil.in21k,70,-1,hivit_base_patch16_224_miil.in21k,80.0621,14.3837,90.12771832930618,0.03,46.41007939247498,17.965654293219316,-42.97140169078498,80.0621\pm{14.3837},80.0621+-14.3837
40,,aircraft_pl,hideit3_base_patch16_224.fb_in1k,25,-1,hideit3_base_patch16_224.fb_in1k,73.1293,33.23,91.68916891689167,0.01,7.050705070507051,45.44000508233992,-99.2354904871562,73.1293\pm{33.23},73.1293+-33.23
40,,aircraft_pl,hideit3_base_patch16_224.fb_in1k,50,-1,hideit3_base_patch16_224.fb_in1k,86.692,6.4759,92.34923492349236,0.01,71.04710471047105,7.469957882159423,-19.352868650556925,86.692\pm{6.4759},86.692+-6.4759
40,,aircraft_pl,hideit3_base_patch16_224.fb_in1k,70,-1,hideit3_base_patch16_224.fb_in1k,86.1086,7.1842,92.01920192019202,0.01,68.40684068406841,8.343128998086488,-21.46902615782131,86.1086\pm{7.1842},86.1086+-7.1842
40,,cars_pl,hideit3_base_patch16_224.fb_in1k,25,-1,hideit3_base_patch16_224.fb_in1k,73.4946,36.1277,93.11030966297724,0.03,4.054222111677652,49.15697026963993,-107.89157189753656,73.4946\pm{36.1277},73.4946+-36.1277
40,,cars_pl,hideit3_base_patch16_224.fb_in1k,50,-1,hideit3_base_patch16_224.fb_in1k,82.6569,24.7958,93.446088794926,0.01,16.689466484268127,29.998494178475266,-74.08752593033037,82.6569\pm{24.7958},82.6569+-24.7958
40,,cars_pl,hideit3_base_patch16_224.fb_in1k,70,-1,hideit3_base_patch16_224.fb_in1k,69.214,39.9918,93.20979977614724,0.03,3.9920407909464,57.77985558262252,-119.39749789178687,69.214\pm{39.9918},69.214+-39.9918
40,,cub_pl,hideit3_base_patch16_224.fb_in1k,25,-1,hideit3_base_patch16_224.fb_in1k,82.6947,6.7248,88.43631342768381,0.01,67.2074559889541,8.13211402012348,-20.093170907650833,82.6947\pm{6.7248},82.6947+-6.7248
40,,aircraft_pl,hideit3_base_patch16_224.fb_in22k_ft_in1k,25,-1,hideit3_base_patch16_224.fb_in22k_ft_in1k,75.6796,30.1159,92.52925292529252,0.01,3.3903390339033903,39.794016440241315,-89.9498789794902,75.6796\pm{30.1159},75.6796+-30.1159
40,,aircraft_pl,hideit3_base_patch16_224.fb_in22k_ft_in1k,50,-1,hideit3_base_patch16_224.fb_in22k_ft_in1k,72.6943,34.5375,92.34923492349236,0.01,5.8505850585058505,47.51064928445041,-103.13745169914012,72.6943\pm{34.5375},72.6943+-34.5375
40,,aircraft_pl,hideit3_base_patch16_224.fb_in22k_ft_in1k,70,-1,hideit3_base_patch16_224.fb_in22k_ft_in1k,74.8755,30.9507,92.4992499249925,0.01,5.0105010501050105,41.33617728518853,-92.43863105605585,74.8755\pm{30.9507},74.8755+-30.9507
40,,cars_pl,hideit3_base_patch16_224.fb_in22k_ft_in1k,25,-1,hideit3_base_patch16_224.fb_in22k_ft_in1k,73.665,36.2729,93.6201964929735,0.03,3.0220121875388632,49.240376549228294,-108.3263177063516,73.665\pm{36.2729},73.665+-36.2729
40,,cars_pl,hideit3_base_patch16_224.fb_in22k_ft_in1k,50,-1,hideit3_base_patch16_224.fb_in22k_ft_in1k,81.0803,28.8832,93.27198109687848,0.03,4.203457281432658,35.62299841758163,-86.29346856693462,81.0803\pm{28.8832},81.0803+-28.8832
40,,cars_pl,hideit3_base_patch16_224.fb_in22k_ft_in1k,70,-1,hideit3_base_patch16_224.fb_in22k_ft_in1k,69.4332,39.8674,93.346598681756,0.03,4.613853998258923,57.41831912195825,-119.02797560039208,69.4332\pm{39.8674},69.4332+-39.8674
40,,cub_pl,hideit3_base_patch16_224.fb_in22k_ft_in1k,25,-1,hideit3_base_patch16_224.fb_in22k_ft_in1k,76.669,22.733,90.66275457369692,0.01,17.449085260614428,29.650820665998474,-67.90242632690841,76.669\pm{22.733},76.669+-22.733
40,,cub_pl,hideit3_base_patch16_224.fb_in22k_ft_in1k,50,-1,hideit3_base_patch16_224.fb_in22k_ft_in1k,77.1194,23.1345,90.66275457369692,0.01,14.808422506040731,29.99828695733707,-69.10354437143589,77.1194\pm{23.1345},77.1194+-23.1345
40,,cub_pl,hideit3_base_patch16_224.fb_in22k_ft_in1k,70,-1,hideit3_base_patch16_224.fb_in22k_ft_in1k,84.1714,8.0101,90.6454953400069,0.01,65.03279254401104,9.516363601435643,-23.934995792947397,84.1714\pm{8.0101},84.1714+-8.0101
40,,aircraft_pl,hivit_base_patch16_224.in1k_mocov3,25,-1,hivit_base_patch16_224.in1k_mocov3,78.8179,21.3226,89.58895889588959,0.01,20.04200420042004,27.053053230434948,-63.69740001346757,78.8179\pm{21.3226},78.8179+-21.3226
40,,aircraft_pl,hivit_base_patch16_224.in1k_mocov3,50,-1,hivit_base_patch16_224.in1k_mocov3,80.318,18.1045,90.21902190219022,0.01,30.273027302730277,22.54098905691114,-54.08802638787475,80.318\pm{18.1045},80.318+-18.1045
40,,aircraft_pl,hivit_base_patch16_224.in1k_mocov3,70,-1,hivit_base_patch16_224.in1k_mocov3,81.2661,14.8813,89.97899789978997,0.01,41.04410441044104,18.311821471588146,-44.460805851840064,81.2661\pm{14.8813},81.2661+-14.8813
40,,cars_pl,hivit_base_patch16_224.in1k_mocov3,25,-1,hivit_base_patch16_224.in1k_mocov3,76.3628,30.8328,92.55067777639596,0.01,8.25767939311031,40.37666115222605,-92.09448921302145,76.3628\pm{30.8328},76.3628+-30.8328
40,,cars_pl,hivit_base_patch16_224.in1k_mocov3,50,-1,hivit_base_patch16_224.in1k_mocov3,85.6582,14.3622,92.4636239273722,0.01,47.71794552916304,16.766828282097606,-42.91883361193633,85.6582\pm{14.3622},85.6582+-14.3622
40,,cars_pl,hivit_base_patch16_224.in1k_mocov3,70,-1,hivit_base_patch16_224.in1k_mocov3,82.136,24.6784,92.51336898395722,0.01,16.51535878622062,30.045732060628243,-73.73462784358571,82.136\pm{24.6784},82.136+-24.6784
40,,cub_pl,hivit_base_patch16_224.in1k_mocov3,25,-1,hivit_base_patch16_224.in1k_mocov3,78.0773,14.3831,87.72868484639282,0.01,41.23230928546773,18.42162429044899,-42.96511615188312,78.0773\pm{14.3831},78.0773+-14.3831
40,,cub_pl,hivit_base_patch16_224.in1k_mocov3,50,-1,hivit_base_patch16_224.in1k_mocov3,77.7546,15.5034,87.72868484639282,0.01,37.10735243355195,19.938848193632378,-46.31071075717304,77.7546\pm{15.5034},77.7546+-15.5034
40,,cub_pl,hivit_base_patch16_224.in1k_mocov3,70,-1,hivit_base_patch16_224.in1k_mocov3,78.3466,14.0721,87.83224024853297,0.01,42.35415947531929,17.961372408134462,-42.03674142408171,78.3466\pm{14.0721},78.3466+-14.0721
40,,aircraft_pl,hivit_base_patch16_224.dino,25,-1,hivit_base_patch16_224.dino,65.2865,32.8271,88.38883888388838,0.003,6.300630063006301,50.28162120918896,-97.97855890149515,65.2865\pm{32.8271},65.2865+-32.8271
40,,aircraft_pl,hivit_base_patch16_224.dino,50,-1,hivit_base_patch16_224.dino,61.6995,33.858,88.26882688268827,0.003,5.4605460546054605,54.87557009472205,-101.02510681661609,61.6995\pm{33.858},61.6995+-33.858
40,,aircraft_pl,hivit_base_patch16_224.dino,70,-1,hivit_base_patch16_224.dino,64.9398,33.5041,88.26882688268827,0.003,5.8205820582058205,51.59250492956608,-99.99632577858189,64.9398\pm{33.5041},64.9398+-33.5041
40,,cars_pl,hivit_base_patch16_224.dino,25,-1,hivit_base_patch16_224.dino,60.8631,38.7057,91.21999751274716,0.003,3.4572814326576298,63.59470811527371,-115.4811409114413,60.8631\pm{38.7057},60.8631+-38.7057
40,,cars_pl,hivit_base_patch16_224.dino,50,-1,hivit_base_patch16_224.dino,64.6468,33.0617,89.19288645690834,0.003,4.427310036065166,51.14205303059728,-98.67369717879824,64.6468\pm{33.0617},64.6468+-33.0617
40,,cars_pl,hivit_base_patch16_224.dino,70,-1,hivit_base_patch16_224.dino,56.4731,37.3276,88.44671060813332,0.003,2.8603407536376078,66.09808580185374,-111.32188481523774,56.4731\pm{37.3276},56.4731+-37.3276
40,,cub_pl,hivit_base_patch16_224.dino,25,-1,hivit_base_patch16_224.dino,59.2492,31.4977,85.13979979288919,0.003,10.476354849844666,53.16129397006784,-93.96134843578044,59.2492\pm{31.4977},59.2492+-31.4977
40,,cub_pl,hivit_base_patch16_224.dino,50,-1,hivit_base_patch16_224.dino,59.4805,31.1245,85.03624439074905,0.003,11.045909561615463,52.327247061223936,-92.85024748818793,59.4805\pm{31.1245},59.4805+-31.1245
40,,cub_pl,hivit_base_patch16_224.dino,70,-1,hivit_base_patch16_224.dino,60.5454,30.8776,85.00172592336901,0.01,13.738350017259236,50.999053526893555,-92.12273975762504,60.5454\pm{30.8776},60.5454+-30.8776
40,,aircraft_pl,hivit_base_patch16_clip_224.laion2b,25,-1,hivit_base_patch16_clip_224.laion2b,65.1965,26.6919,88.5988598859886,5e-06,15.511551155115512,40.9406302368073,-79.66619181156737,65.1965\pm{26.6919},65.1965+-26.6919
40,,aircraft_pl,hivit_base_patch16_clip_224.laion2b,50,-1,hivit_base_patch16_clip_224.laion2b,67.4467,25.2658,88.8988898889889,5e-06,16.141614161416143,37.460330903761005,-75.42271790757333,67.4467\pm{25.2658},67.4467+-25.2658
40,,aircraft_pl,hivit_base_patch16_clip_224.laion2b,70,-1,hivit_base_patch16_clip_224.laion2b,74.6818,15.5131,87.96879687968797,5e-06,44.85448544854486,20.77227965102549,-46.33158550225124,74.6818\pm{15.5131},74.6818+-15.5131
40,,cars_pl,hivit_base_patch16_clip_224.laion2b,25,-1,hivit_base_patch16_clip_224.laion2b,62.3321,35.2481,91.07076234299215,1e-05,4.875015545330183,56.5488385450006,-105.17876508763585,62.3321\pm{35.2481},62.3321+-35.2481
40,,cars_pl,hivit_base_patch16_clip_224.laion2b,50,-1,hivit_base_patch16_clip_224.laion2b,71.6524,26.6723,91.21999751274716,1e-05,29.187911951249845,37.224584543797704,-79.64470580783393,71.6524\pm{26.6723},71.6524+-26.6723
40,,cars_pl,hivit_base_patch16_clip_224.laion2b,70,-1,hivit_base_patch16_clip_224.laion2b,71.4357,26.8417,91.26974256933217,5e-06,29.250093271981097,37.57458732425799,-80.14923760719284,71.4357\pm{26.8417},71.4357+-26.8417
40,,cub_pl,hivit_base_patch16_clip_224.laion2b,25,-1,hivit_base_patch16_clip_224.laion2b,57.5557,27.4728,81.18743527787366,1e-05,10.804280289955123,47.73261575248372,-81.94121006266235,57.5557\pm{27.4728},57.5557+-27.4728
40,,cub_pl,hivit_base_patch16_clip_224.laion2b,50,-1,hivit_base_patch16_clip_224.laion2b,58.4096,26.2282,79.70314118053159,5e-06,10.269244045564378,44.904020658541114,-78.23568463652873,58.4096\pm{26.2282},58.4096+-26.2282
40,,cub_pl,hivit_base_patch16_clip_224.laion2b,70,-1,hivit_base_patch16_clip_224.laion2b,54.9802,29.6528,79.15084570245081,1e-05,5.229547808077322,53.9334668779255,-88.4189264858706,54.9802\pm{29.6528},54.9802+-29.6528
40,,aircraft_pl,hivit_base_patch16_siglip_224.v2_webli,25,-1,hivit_base_patch16_siglip_224.v2_webli,79.5192,23.8528,93.009300930093,0.003,21.33213321332133,29.996280336652813,-71.25844538498289,79.5192\pm{23.8528},79.5192+-23.8528
40,,aircraft_pl,hivit_base_patch16_siglip_224.v2_webli,50,-1,hivit_base_patch16_siglip_224.v2_webli,86.9744,5.4468,93.06930693069307,0.003,77.16771677167716,6.262566580386751,-16.27786566108413,86.9744\pm{5.4468},86.9744+-5.4468
40,,aircraft_pl,hivit_base_patch16_siglip_224.v2_webli,70,-1,hivit_base_patch16_siglip_224.v2_webli,68.4468,27.5933,93.66936693669366,0.003,15.78157815781578,40.313450537304284,-82.37672012328298,68.4468\pm{27.5933},68.4468+-27.5933
40,,cars_pl,hivit_base_patch16_siglip_224.v2_webli,25,-1,hivit_base_patch16_siglip_224.v2_webli,68.2723,36.009,95.18716577540108,0.003,7.99651784603905,52.74320192413335,-107.49960113034956,68.2723\pm{36.009},68.2723+-36.009
40,,cars_pl,hivit_base_patch16_siglip_224.v2_webli,50,-1,hivit_base_patch16_siglip_224.v2_webli,87.2226,10.0651,95.14985698296232,0.003,68.82228578535008,11.539504375679774,-30.079781497398276,87.2226\pm{10.0651},87.2226+-10.0651
40,,cars_pl,hivit_base_patch16_siglip_224.v2_webli,70,-1,hivit_base_patch16_siglip_224.v2_webli,70.0473,30.0415,92.60042283298095,0.003,6.6782738465365,42.88754334976135,-89.69576873421691,70.0473\pm{30.0415},70.0473+-30.0415
40,,cub_pl,hivit_base_patch16_siglip_224.v2_webli,25,-1,hivit_base_patch16_siglip_224.v2_webli,72.2601,21.3061,87.12461166724198,0.01,23.731446323783224,29.48533321445126,-63.62353750437799,72.2601\pm{21.3061},72.2601+-21.3061
40,,cub_pl,hivit_base_patch16_siglip_224.v2_webli,50,-1,hivit_base_patch16_siglip_224.v2_webli,73.246,21.6461,87.33172247152227,0.01,21.073524335519505,29.5526124539569,-64.64282036046372,73.246\pm{21.6461},73.246+-21.6461
40,,cub_pl,hivit_base_patch16_siglip_224.v2_webli,70,-1,hivit_base_patch16_siglip_224.v2_webli,67.171,25.8736,87.43527787366241,0.01,22.109078356920957,38.51901317638855,-77.23565180411009,67.171\pm{25.8736},67.171+-25.8736
40,,aircraft_pl,hivit_base_patch16_224.mae,25,-1,hivit_base_patch16_224.mae,78.0041,27.5352,90.42904290429044,0.01,10.02100210021002,35.29972444591047,-82.25264730442612,78.0041\pm{27.5352},78.0041+-27.5352
40,,aircraft_pl,hivit_base_patch16_224.mae,50,-1,hivit_base_patch16_224.mae,76.1139,25.8834,89.7989798979898,0.01,14.04140414041404,34.00618307893165,-77.31019532345435,76.1139\pm{25.8834},76.1139+-25.8834
40,,aircraft_pl,hivit_base_patch16_224.mae,70,-1,hivit_base_patch16_224.mae,75.7651,28.5871,90.0990099009901,0.01,5.4605460546054605,37.731222377347656,-85.38395628063442,75.7651\pm{28.5871},75.7651+-28.5871
40,,cars_pl,hivit_base_patch16_224.mae,25,-1,hivit_base_patch16_224.mae,67.0812,35.1193,92.38900634249472,0.01,6.752891431414003,52.35346103479994,-104.8344689296511,67.0812\pm{35.1193},67.0812+-35.1193
40,,cars_pl,hivit_base_patch16_224.mae,50,-1,hivit_base_patch16_224.mae,77.5401,27.8313,91.72988434274345,0.01,10.359408033826638,35.8928354916437,-83.13510072992318,77.5401\pm{27.8313},77.5401+-27.8313
40,,cars_pl,hivit_base_patch16_224.mae,70,-1,hivit_base_patch16_224.mae,69.5809,36.3755,91.49359532396468,0.01,4.750652903867678,52.277944280523016,-108.60360965663251,69.5809\pm{36.3755},69.5809+-36.3755
40,,cub_pl,hivit_base_patch16_224.mae,25,-1,hivit_base_patch16_224.mae,71.1176,19.4976,85.13979979288919,0.03,36.52053848809113,27.415939499920327,-58.21854089003965,71.1176\pm{19.4976},71.1176+-19.4976
40,,cub_pl,hivit_base_patch16_224.mae,50,-1,hivit_base_patch16_224.mae,71.7792,18.4369,85.01898515705902,0.03,37.72868484639282,25.685598761637063,-55.05392307394589,71.7792\pm{18.4369},71.7792+-18.4369
40,,cub_pl,hivit_base_patch16_224.mae,70,-1,hivit_base_patch16_224.mae,72.3737,17.8125,85.77839143942009,0.03,40.36934760096652,24.61182440384177,-53.191360354568666,72.3737\pm{17.8125},72.3737+-17.8125
51,,all,hideit3_base_patch16_224.fb_in1k,50,-1,hideit3_base_patch16_224.fb_in22k_ft_in1k,78.5854,29.2434,92.28922892289228,0.01,6.540654065406541,37.212262389360404,-87.3580468300508,78.5854\pm{29.2434},78.5854+-29.2434
51,,all,hideit3_base_patch16_224.fb_in1k,50,-1,hideit_base_patch16_224.fb_in1k,85.0473,10.3449,91.74917491749174,0.01,60.45604560456046,12.163695423537595,-30.913030138424617,85.0473\pm{10.3449},85.0473+-10.3449
51,,all,hideit3_base_patch16_224.fb_in1k,50,-1,hiresnet50.a1_in1k,85.066,9.5565,92.43924392439244,0.01,62.61626162616262,11.234239720814728,-28.55721491011855,85.066\pm{9.5565},85.066+-9.5565
51,,all,hideit3_base_patch16_224.fb_in1k,50,-1,hiresnet50.fb_ssl_yfcc100m_ft_in1k,86.9224,5.4239,91.71917191719172,0.01,75.63756375637564,6.239884043218658,-16.209179970287757,86.9224\pm{5.4239},86.9224+-5.4239
51,,all,hideit3_base_patch16_224.fb_in1k,50,-1,hiresnet50.fb_swsl_ig1b_ft_in1k,85.0456,9.5769,91.95919591959196,0.01,64.47644764476448,11.260886757013381,-28.6180732762719,85.0456\pm{9.5769},85.0456+-9.5769
51,,all,hideit3_base_patch16_224.fb_in1k,50,-1,hiresnet50.gluon_in1k,84.3513,11.4325,92.16921692169215,0.01,59.375937593759375,13.55342958350815,-34.161944706793236,84.3513\pm{11.4325},84.3513+-11.4325
51,,all,hideit3_base_patch16_224.fb_in1k,50,-1,hiresnet50.in1k_mocov3,86.3636,6.8374,92.07920792079209,0.01,70.92709270927092,7.91700369517209,-20.433066809630514,86.3636\pm{6.8374},86.3636+-6.8374
51,,all,hideit3_base_patch16_224.fb_in1k,50,-1,hiresnet50.in1k_spark,85.9586,8.1239,92.07920792079209,0.01,68.91689168916892,9.450998989872089,-24.27732808929438,85.9586\pm{8.1239},85.9586+-8.1239
51,,all,hideit3_base_patch16_224.fb_in1k,50,-1,hiresnet50.in1k_supcon,79.5417,25.9094,92.07920792079209,0.01,15.78157815781578,32.57333451662585,-77.40242279379837,79.5417\pm{25.9094},79.5417+-25.9094
51,,all,hideit3_base_patch16_224.fb_in1k,50,-1,hiresnet50.in1k_swav,84.2259,12.1908,92.31923192319232,0.01,55.055505550555054,14.473938245443563,-36.427684685521655,84.2259\pm{12.1908},84.2259+-12.1908
51,,all,hideit3_base_patch16_224.fb_in1k,50,-1,hiresnet50.in21k_miil,84.227,11.404,92.16921692169215,0.01,59.40594059405941,13.539576603102693,-34.076539405316666,84.227\pm{11.404},84.227+-11.404
51,,all,hideit3_base_patch16_224.fb_in1k,50,-1,hiresnet50.tv2_in1k,78.7541,28.4416,92.10921092109211,0.01,8.730873087308732,36.11440627074465,-84.96361035666327,78.7541\pm{28.4416},78.7541+-28.4416
51,,all,hideit3_base_patch16_224.fb_in1k,50,-1,hiresnet50.tv_in1k,76.2751,28.6182,92.22922292229222,0.01,7.320732073207321,37.51971534833597,-85.47943501961038,76.2751\pm{28.6182},76.2751+-28.6182
51,,all,hideit3_base_patch16_224.fb_in1k,50,-1,hivit_base_patch16_224.dino,74.6662,30.5998,92.16921692169215,0.01,2.7002700270027,40.98210384322191,-91.38953825665159,74.6662\pm{30.5998},74.6662+-30.5998
51,,all,hideit3_base_patch16_224.fb_in1k,50,-1,hivit_base_patch16_224.in1k_mocov3,83.1169,14.8897,92.52925292529252,0.01,50.22502250225023,17.914194017079357,-44.49001716735175,83.1169\pm{14.8897},83.1169+-14.8897
51,,all,hideit3_base_patch16_224.fb_in1k,50,-1,hivit_base_patch16_224.mae,76.2226,28.255,91.989198919892,0.01,8.250825082508252,37.069034335559984,-84.39427971019089,76.2226\pm{28.255},76.2226+-28.255
51,,all,hideit3_base_patch16_224.fb_in1k,50,-1,hivit_base_patch16_224.orig_in21k,83.8096,13.7699,92.22922292229222,0.01,50.495049504950494,16.430013590214344,-41.14550113553349,83.8096\pm{13.7699},83.8096+-13.7699
51,,all,hideit3_base_patch16_224.fb_in1k,50,-1,hivit_base_patch16_224_miil.in21k,83.7871,13.0831,91.56915691569156,0.01,52.175217521752174,15.614744067584214,-39.093289689600816,83.7871\pm{13.0831},83.7871+-13.0831
51,,all,hideit3_base_patch16_224.fb_in1k,50,-1,hivit_base_patch16_clip_224.laion2b,76.1814,28.9228,92.34923492349236,0.01,6.630663066306631,37.96565047710752,-86.38859936173267,76.1814\pm{28.9228},76.1814+-28.9228
51,,all,hideit3_base_patch16_224.fb_in1k,50,-1,hivit_base_patch16_siglip_224.v2_webli,79.5192,25.2609,91.95919591959196,0.01,17.461746174617463,31.766995516410073,-75.4649139708533,79.5192\pm{25.2609},79.5192+-25.2609
51,,aircraft_pl,hideit3_base_patch16_224.fb_in1k,50,-1,hideit3_base_patch16_224.fb_in22k_ft_in1k,78.5854,29.2434,92.28922892289228,0.01,6.540654065406541,37.212262389360404,-87.3580468300508,78.5854\pm{29.2434},78.5854+-29.2434
51,,aircraft_pl,hideit3_base_patch16_224.fb_in1k,50,-1,hideit_base_patch16_224.fb_in1k,85.0473,10.3449,91.74917491749174,0.01,60.45604560456046,12.163695423537595,-30.913030138424617,85.0473\pm{10.3449},85.0473+-10.3449
51,,aircraft_pl,hideit3_base_patch16_224.fb_in1k,50,-1,hiresnet50.a1_in1k,85.066,9.5565,92.43924392439244,0.01,62.61626162616262,11.234239720814728,-28.55721491011855,85.066\pm{9.5565},85.066+-9.5565
51,,aircraft_pl,hideit3_base_patch16_224.fb_in1k,50,-1,hiresnet50.fb_ssl_yfcc100m_ft_in1k,86.9224,5.4239,91.71917191719172,0.01,75.63756375637564,6.239884043218658,-16.209179970287757,86.9224\pm{5.4239},86.9224+-5.4239
51,,aircraft_pl,hideit3_base_patch16_224.fb_in1k,50,-1,hiresnet50.fb_swsl_ig1b_ft_in1k,85.0456,9.5769,91.95919591959196,0.01,64.47644764476448,11.260886757013381,-28.6180732762719,85.0456\pm{9.5769},85.0456+-9.5769
51,,aircraft_pl,hideit3_base_patch16_224.fb_in1k,50,-1,hiresnet50.gluon_in1k,84.3513,11.4325,92.16921692169215,0.01,59.375937593759375,13.55342958350815,-34.161944706793236,84.3513\pm{11.4325},84.3513+-11.4325
51,,aircraft_pl,hideit3_base_patch16_224.fb_in1k,50,-1,hiresnet50.in1k_mocov3,86.3636,6.8374,92.07920792079209,0.01,70.92709270927092,7.91700369517209,-20.433066809630514,86.3636\pm{6.8374},86.3636+-6.8374
51,,aircraft_pl,hideit3_base_patch16_224.fb_in1k,50,-1,hiresnet50.in1k_spark,85.9586,8.1239,92.07920792079209,0.01,68.91689168916892,9.450998989872089,-24.27732808929438,85.9586\pm{8.1239},85.9586+-8.1239
51,,aircraft_pl,hideit3_base_patch16_224.fb_in1k,50,-1,hiresnet50.in1k_supcon,79.5417,25.9094,92.07920792079209,0.01,15.78157815781578,32.57333451662585,-77.40242279379837,79.5417\pm{25.9094},79.5417+-25.9094
51,,aircraft_pl,hideit3_base_patch16_224.fb_in1k,50,-1,hiresnet50.in1k_swav,84.2259,12.1908,92.31923192319232,0.01,55.055505550555054,14.473938245443563,-36.427684685521655,84.2259\pm{12.1908},84.2259+-12.1908
51,,aircraft_pl,hideit3_base_patch16_224.fb_in1k,50,-1,hiresnet50.in21k_miil,84.227,11.404,92.16921692169215,0.01,59.40594059405941,13.539576603102693,-34.076539405316666,84.227\pm{11.404},84.227+-11.404
51,,aircraft_pl,hideit3_base_patch16_224.fb_in1k,50,-1,hiresnet50.tv2_in1k,78.7541,28.4416,92.10921092109211,0.01,8.730873087308732,36.11440627074465,-84.96361035666327,78.7541\pm{28.4416},78.7541+-28.4416
51,,aircraft_pl,hideit3_base_patch16_224.fb_in1k,50,-1,hiresnet50.tv_in1k,76.2751,28.6182,92.22922292229222,0.01,7.320732073207321,37.51971534833597,-85.47943501961038,76.2751\pm{28.6182},76.2751+-28.6182
51,,aircraft_pl,hideit3_base_patch16_224.fb_in1k,50,-1,hivit_base_patch16_224.dino,74.6662,30.5998,92.16921692169215,0.01,2.7002700270027,40.98210384322191,-91.38953825665159,74.6662\pm{30.5998},74.6662+-30.5998
51,,aircraft_pl,hideit3_base_patch16_224.fb_in1k,50,-1,hivit_base_patch16_224.in1k_mocov3,83.1169,14.8897,92.52925292529252,0.01,50.22502250225023,17.914194017079357,-44.49001716735175,83.1169\pm{14.8897},83.1169+-14.8897
51,,aircraft_pl,hideit3_base_patch16_224.fb_in1k,50,-1,hivit_base_patch16_224.mae,76.2226,28.255,91.989198919892,0.01,8.250825082508252,37.069034335559984,-84.39427971019089,76.2226\pm{28.255},76.2226+-28.255
51,,aircraft_pl,hideit3_base_patch16_224.fb_in1k,50,-1,hivit_base_patch16_224.orig_in21k,83.8096,13.7699,92.22922292229222,0.01,50.495049504950494,16.430013590214344,-41.14550113553349,83.8096\pm{13.7699},83.8096+-13.7699
51,,aircraft_pl,hideit3_base_patch16_224.fb_in1k,50,-1,hivit_base_patch16_224_miil.in21k,83.7871,13.0831,91.56915691569156,0.01,52.175217521752174,15.614744067584214,-39.093289689600816,83.7871\pm{13.0831},83.7871+-13.0831
51,,aircraft_pl,hideit3_base_patch16_224.fb_in1k,50,-1,hivit_base_patch16_clip_224.laion2b,76.1814,28.9228,92.34923492349236,0.01,6.630663066306631,37.96565047710752,-86.38859936173267,76.1814\pm{28.9228},76.1814+-28.9228
51,,aircraft_pl,hideit3_base_patch16_224.fb_in1k,50,-1,hivit_base_patch16_siglip_224.v2_webli,79.5192,25.2609,91.95919591959196,0.01,17.461746174617463,31.766995516410073,-75.4649139708533,79.5192\pm{25.2609},79.5192+-25.2609
