serial,dataset_name,method,model_name_extractor,extractor_layer,n_cluster_ratio,acc_max,lr_acc_max,acc_mean,abs_dif_acc_mean,rel_dif_acc_mean,acc_std,abs_dif_acc_std,rel_dif_acc_std,ada_ratio,abs_dif_ada,rel_dif_ada,cva,abs_dif_cva,rel_dif_cva
32,aircraft,hideit3_base_patch16_224.fb_in1k,,,,90.22,0.01,77.814,0.0,0.0,23.6407,0.0,0.0,30.380996881365974,0.0,0.0,-70.6181967709847,0.0,0.0
32,cars,hideit3_base_patch16_224.fb_in1k,,,,91.97,0.01,78.04,0.0,0.0,27.9983,0.0,0.0,35.876810154424184,0.0,0.0,-83.63601983199364,0.0,0.0
32,cub,hideit3_base_patch16_224.fb_in1k,,,,87.81,0.01,76.452,0.0,0.0,18.6982,0.0,0.0,24.45740474330535,0.0,0.0,-55.84995117562236,0.0,0.0
32,soylocal,hideit3_base_patch16_224.fb_in1k,,,,48.5,5e-05,30.4444,0.0,0.0,18.0603,0.0,0.0,59.32200286278019,0.0,0.0,-53.58754258604477,0.0,0.0
32,aircraft,hideit3_base_patch16_224.fb_in22k_ft_in1k,,,,89.95,0.01,76.202,0.0,0.0,22.1054,0.0,0.0,29.00890364899617,0.0,0.0,-66.02600523933422,0.0,0.0
32,cars,hideit3_base_patch16_224.fb_in22k_ft_in1k,,,,90.56,0.01,73.591,0.0,0.0,30.9624,0.0,0.0,42.073671814597446,0.0,0.0,-92.46657075709524,0.0,0.0
32,cub,hideit3_base_patch16_224.fb_in22k_ft_in1k,,,,90.18,0.01,76.836,0.0,0.0,21.0371,0.0,0.0,27.37924064543156,0.0,0.0,-62.83754762051706,0.0,0.0
32,soylocal,hideit3_base_patch16_224.fb_in22k_ft_in1k,,,,58.3333,5e-06,32.1,0.0,0.0,20.4026,0.0,0.0,63.55957682827095,0.0,0.0,-60.57225764946917,0.0,0.0
32,aircraft,hideit_base_patch16_224.fb_in1k,,,,90.76,0.01,78.678,0.0,0.0,20.5644,0.0,0.0,26.137363997033678,0.0,0.0,-61.43169209678812,0.0,0.0
32,cars,hideit_base_patch16_224.fb_in1k,,,,92.04,0.03,80.43,0.0,0.0,24.033,0.0,0.0,29.880686384667182,0.0,0.0,-71.80030131371679,0.0,0.0
32,cub,hideit_base_patch16_224.fb_in1k,,,,88.66,0.03,78.668,0.0,0.0,13.399,0.0,0.0,17.032308661506068,0.0,0.0,-40.026606646885725,0.0,0.0
32,soylocal,hideit_base_patch16_224.fb_in1k,,,,51.8333,0.01,35.9444,0.0,0.0,15.8968,0.0,0.0,44.22599370818517,0.0,0.0,-47.24808853624659,0.0,0.0
32,aircraft,hiresnet50.a1_in1k,,,,91.96,0.0005,89.269,0.0,0.0,2.1427,0.0,0.0,2.4002855411974937,0.0,0.0,-6.404129843902797,0.0,0.0
32,cars,hiresnet50.a1_in1k,,,,92.65,0.0005,90.5811,0.0,0.0,1.9044,0.0,0.0,2.102380662742034,0.0,0.0,-5.692055485663208,0.0,0.0
32,cub,hiresnet50.a1_in1k,,,,85.71,0.0001,83.813,0.0,0.0,1.8524,0.0,0.0,2.210127488898546,0.0,0.0,-5.53502118192263,0.0,0.0
32,soylocal,hiresnet50.a1_in1k,,,,53.5,0.0001,32.25,0.0,0.0,13.9078,0.0,0.0,43.125002205223176,0.0,0.0,-41.29220254900185,0.0,0.0
32,aircraft,hiresnet50.fb_ssl_yfcc100m_ft_in1k,,,,92.77,0.01,90.58,0.0,0.0,1.9579,0.0,0.0,2.1615224616932176,0.0,0.0,-5.8521059127882165,0.0,0.0
32,cars,hiresnet50.fb_ssl_yfcc100m_ft_in1k,,,,93.58,0.01,89.402,0.0,0.0,5.0444,0.0,0.0,5.642406685337768,0.0,0.0,-15.076849207623638,0.0,0.0
32,cub,hiresnet50.fb_ssl_yfcc100m_ft_in1k,,,,87.23,0.01,81.633,0.0,0.0,6.2074,0.0,0.0,7.604042299660348,0.0,0.0,-18.546183128448597,0.0,0.0
32,soylocal,hiresnet50.fb_ssl_yfcc100m_ft_in1k,,,,57.1667,5e-05,32.0667,0.0,0.0,21.5233,0.0,0.0,67.12058295719292,0.0,0.0,-63.89882182348083,0.0,0.0
32,aircraft,hiresnet50.fb_swsl_ig1b_ft_in1k,,,,92.95,0.01,90.232,0.0,0.0,2.7784,0.0,0.0,3.0791604107825195,0.0,0.0,-8.304372461464023,0.0,0.0
32,cars,hiresnet50.fb_swsl_ig1b_ft_in1k,,,,93.69,0.01,89.094,0.0,0.0,6.6905,0.0,0.0,7.509481827431146,0.0,0.0,-19.996398399720203,0.0,0.0
32,cub,hiresnet50.fb_swsl_ig1b_ft_in1k,,,,87.37,0.01,81.129,0.0,0.0,7.0347,0.0,0.0,8.670953388051137,0.0,0.0,-21.017263788695505,0.0,0.0
32,soylocal,hiresnet50.fb_swsl_ig1b_ft_in1k,,,,54.8333,5e-05,26.4333,0.0,0.0,19.653,0.0,0.0,74.34945374060004,0.0,0.0,-58.215592539108336,0.0,0.0
32,aircraft,hiresnet50.gluon_in1k,,,,92.17,0.03,89.929,0.0,0.0,1.5099,0.0,0.0,1.678995619273425,0.0,0.0,-4.512921955176462,0.0,0.0
32,cars,hiresnet50.gluon_in1k,,,,93.27,0.03,90.793,0.0,0.0,2.7517,0.0,0.0,3.030738787448574,0.0,0.0,-8.224788613990066,0.0,0.0
32,cub,hiresnet50.gluon_in1k,,,,85.48,0.01,81.578,0.0,0.0,4.4521,0.0,0.0,5.457503971544383,0.0,0.0,-13.301792730003989,0.0,0.0
32,soylocal,hiresnet50.gluon_in1k,,,,59.3333,0.0001,33.45,0.0,0.0,20.8487,0.0,0.0,62.32786398406481,0.0,0.0,-61.9227328681684,0.0,0.0
32,aircraft_baseline,hiresnet50.in1k_mocov3,,,,92.6793,0.0001,90.9661,0.0,0.0,1.4327,0.0,0.0,1.575024664090497,0.0,0.0,-4.282465758750171,0.0,0.0
32,cars_baseline,hiresnet50.in1k_mocov3,,,,93.6824,0.0001,92.6216,0.0,0.0,0.6829,0.0,0.0,0.7373337995617737,0.0,0.0,-2.041417085888686,0.0,0.0
32,cub_baseline,hiresnet50.in1k_mocov3,,,,85.6231,0.03,83.5899,0.0,0.0,2.3789,0.0,0.0,2.845878864369851,0.0,0.0,-7.108144809427301,0.0,0.0
32,soylocal,hiresnet50.in1k_mocov3,,,,57.3333,0.0001,43.0667,0.0,0.0,14.1564,0.0,0.0,32.87080313229934,0.0,0.0,-42.14036304144713,0.0,0.0
32,aircraft_baseline,hiresnet50.in1k_spark,,,,90.5791,5e-05,87.3837,0.0,0.0,2.6284,0.0,0.0,3.007849921063616,0.0,0.0,-7.855036764626669,0.0,0.0
32,cars_baseline,hiresnet50.in1k_spark,,,,91.8418,0.01,87.3896,0.0,0.0,4.674,0.0,0.0,5.348403742265812,0.0,0.0,-13.96836668639408,0.0,0.0
32,cub_baseline,hiresnet50.in1k_spark,,,,77.6666,5e-05,71.2427,0.0,0.0,7.5846,0.0,0.0,10.646168990839133,0.0,0.0,-22.64738024159847,0.0,0.0
32,soylocal,hiresnet50.in1k_spark,,,,33.1667,1e-05,13.65,0.0,0.0,9.6566,0.0,0.0,70.7442200417118,0.0,0.0,-28.26233712992987,0.0,0.0
32,aircraft_baseline,hiresnet50.in1k_supcon,,,,93.3093,0.03,91.3081,0.0,0.0,2.128,0.0,0.0,2.33061009025364,0.0,0.0,-6.360802672920168,0.0,0.0
32,cars_baseline,hiresnet50.in1k_supcon,,,,94.1798,0.03,91.2983,0.0,0.0,4.1116,0.0,0.0,4.503430996720563,0.0,0.0,-12.28963756815748,0.0,0.0
32,cub_baseline,hiresnet50.in1k_supcon,,,,86.5205,0.01,81.0252,0.0,0.0,6.2324,0.0,0.0,7.691981415560079,0.0,0.0,-18.620412471199977,0.0,0.0
32,soylocal,hiresnet50.in1k_supcon,,,,55.5,5e-05,28.7,0.0,0.0,19.6112,0.0,0.0,68.33152353861581,0.0,0.0,-58.15014703081911,0.0,0.0
32,aircraft_baseline,hiresnet50.in1k_swav,,,,92.4092,0.0001,90.7651,0.0,0.0,1.5773,0.0,0.0,1.7377881024995372,0.0,0.0,-4.714535882031136,0.0,0.0
32,cars_baseline,hiresnet50.in1k_swav,,,,93.6326,0.0001,92.5333,0.0,0.0,0.6656,0.0,0.0,0.7193002354165862,0.0,0.0,-1.98958308449183,0.0,0.0
32,cub_baseline,hiresnet50.in1k_swav,,,,86.417,5e-05,84.7877,0.0,0.0,2.1724,0.0,0.0,2.5622007552467947,0.0,0.0,-6.491672799037146,0.0,0.0
32,soylocal,hiresnet50.in1k_swav,,,,63.5,0.0001,46.95,0.0,0.0,15.488,0.0,0.0,32.98823297886028,0.0,0.0,-46.13404382093611,0.0,0.0
32,aircraft_baseline,hiresnet50.in21k_miil,,,,92.9793,0.0001,90.7921,0.0,0.0,1.5445,0.0,0.0,1.7010884290514487,0.0,0.0,-4.61634981783489,0.0,0.0
32,cars_baseline,hiresnet50.in21k_miil,,,,93.558,0.0001,92.3753,0.0,0.0,0.6278,0.0,0.0,0.6796578618201455,0.0,0.0,-1.8767117956663504,0.0,0.0
32,cub_baseline,hiresnet50.in21k_miil,,,,88.6779,0.01,86.2392,0.0,0.0,2.916,0.0,0.0,3.38131627684695,0.0,0.0,-8.714249185889082,0.0,0.0
32,soylocal,hiresnet50.in21k_miil,,,,57.8333,0.0001,37.4667,0.0,0.0,14.2471,0.0,0.0,38.02610135967029,0.0,0.0,-42.36106930945244,0.0,0.0
32,aircraft,hiresnet50.tv2_in1k,,,,92.35,0.03,90.73,0.0,0.0,1.1922,0.0,0.0,1.3140359429241748,0.0,0.0,-3.563534073616069,0.0,0.0
32,cars,hiresnet50.tv2_in1k,,,,93.0,0.0001,91.42,0.0,0.0,1.346,0.0,0.0,1.4723325736334525,0.0,0.0,-4.023295990710771,0.0,0.0
32,cub,hiresnet50.tv2_in1k,,,,86.8,0.01,83.351,0.0,0.0,3.3941,0.0,0.0,4.072042127394418,0.0,0.0,-10.141543079539622,0.0,0.0
32,soylocal,hiresnet50.tv2_in1k,,,,58.3333,0.0001,33.6,0.0,0.0,21.0339,0.0,0.0,62.601057694484105,0.0,0.0,-62.47583679877784,0.0,0.0
32,aircraft,hiresnet50.tv_in1k,,,,92.71,0.03,90.817,0.0,0.0,1.3335,0.0,0.0,1.4682828231789484,0.0,0.0,-3.985668406347487,0.0,0.0
32,cars,hiresnet50.tv_in1k,,,,93.79,0.01,91.49,0.0,0.0,2.8561,0.0,0.0,3.1218052090478787,0.0,0.0,-8.537200705183233,0.0,0.0
32,cub,hiresnet50.tv_in1k,,,,86.71,0.01,82.209,0.0,0.0,4.8873,0.0,0.0,5.944927747860993,0.0,0.0,-14.60234767923852,0.0,0.0
32,soylocal,hiresnet50.tv_in1k,,,,54.5,5e-05,32.9833,0.0,0.0,18.3329,0.0,0.0,55.5823028436044,0.0,0.0,-54.44286007708022,0.0,0.0
32,aircraft_baseline,hivit_base_patch16_224.dino,,,,89.1989,0.003,56.4326,0.0,0.0,35.5019,0.0,0.0,62.91021335269073,0.0,0.0,-105.87658054014078,0.0,0.0
32,cars_baseline,hivit_base_patch16_224.dino,,,,88.8322,5e-06,52.8006,0.0,0.0,39.4507,0.0,0.0,74.71629587421003,0.0,0.0,-117.60488425888738,0.0,0.0
32,cub,hivit_base_patch16_224.dino,,,,86.21,0.003,64.2412,0.0,0.0,27.3052,0.0,0.0,42.50421802318972,0.0,0.0,-81.49068070223518,0.0,0.0
32,cub_baseline,hivit_base_patch16_224.dino,,,,85.4159,0.003,54.7342,0.0,0.0,31.6756,0.0,0.0,57.8716966339265,0.0,0.0,-94.44807884766256,0.0,0.0
32,soylocal,hivit_base_patch16_224.dino,,,,60.0,5e-06,41.6296,0.0,0.0,20.8473,0.0,0.0,50.07803623677132,0.0,0.0,-62.04111154265863,0.0,0.0
32,aircraft_baseline,hivit_base_patch16_224.in1k_mocov3,,,,89.3489,0.01,80.306,0.0,0.0,14.7774,0.0,0.0,18.401375977993165,0.0,0.0,-44.14822978012002,0.0,0.0
32,cars_baseline,hivit_base_patch16_224.in1k_mocov3,,,,92.3393,0.01,74.9372,0.0,0.0,32.4598,0.0,0.0,43.31597424742917,0.0,0.0,-96.94618801355148,0.0,0.0
32,cub_baseline,hivit_base_patch16_224.in1k_mocov3,,,,88.1084,0.01,78.564,0.0,0.0,14.2454,0.0,0.0,18.132158131150028,0.0,0.0,-42.55474631974838,0.0,0.0
32,soylocal,hivit_base_patch16_224.in1k_mocov3,,,,47.1667,5e-05,28.4,0.0,0.0,16.2639,0.0,0.0,57.26710689352696,0.0,0.0,-48.21893836461384,0.0,0.0
32,aircraft,hivit_base_patch16_224.mae,,,,87.01,0.01,51.378,0.0,0.0,34.5944,0.0,0.0,67.33315627559679,0.0,0.0,-103.1099555310724,0.0,0.0
32,cars,hivit_base_patch16_224.mae,,,,88.25,0.01,68.725,0.0,0.0,33.8789,0.0,0.0,49.29626655477064,0.0,0.0,-101.14361490375066,0.0,0.0
32,cub,hivit_base_patch16_224.mae,,,,80.64,0.03,56.732,0.0,0.0,28.0945,0.0,0.0,49.52139084704802,0.0,0.0,-83.78821245757138,0.0,0.0
32,soylocal,hivit_base_patch16_224.mae,,,,58.8333,0.0001,48.5667,0.0,0.0,10.5842,0.0,0.0,21.79319267407682,0.0,0.0,-31.534745440750623,0.0,0.0
32,aircraft,hivit_base_patch16_224.orig_in21k,,,,88.78,0.01,76.035,0.0,0.0,19.0067,0.0,0.0,24.997368632673595,0.0,0.0,-56.77027403323337,0.0,0.0
32,cars,hivit_base_patch16_224.orig_in21k,,,,90.95,0.03,71.986,0.0,0.0,31.8914,0.0,0.0,44.30219274977695,0.0,0.0,-95.23110749106556,0.0,0.0
32,cub,hivit_base_patch16_224.orig_in21k,,,,90.8,0.03,79.651,0.0,0.0,17.2258,0.0,0.0,21.62664388221067,0.0,0.0,-51.46124791703676,0.0,0.0
32,soylocal,hivit_base_patch16_224.orig_in21k,,,,52.1667,0.0001,36.3,0.0,0.0,18.3407,0.0,0.0,50.52532585761323,0.0,0.0,-54.51684175796244,0.0,0.0
32,aircraft,hivit_base_patch16_224_miil.in21k,,,,88.06,0.01,75.7209,0.0,0.0,17.2124,0.0,0.0,22.73132069923614,0.0,0.0,-51.40977483850244,0.0,0.0
32,cars,hivit_base_patch16_224_miil.in21k,,,,89.35,0.01,70.223,0.0,0.0,28.4838,0.0,0.0,40.56186429582498,0.0,0.0,-85.04565525041329,0.0,0.0
32,cub,hivit_base_patch16_224_miil.in21k,,,,89.97,0.01,75.968,0.0,0.0,21.492,0.0,0.0,28.29082590854377,0.0,0.0,-64.19301561952216,0.0,0.0
32,soylocal,hivit_base_patch16_224_miil.in21k,,,,53.8333,0.03,36.2666,0.0,0.0,18.2121,0.0,0.0,50.21716011109562,0.0,0.0,-54.13407349118103,0.0,0.0
32,aircraft,hivit_base_patch16_clip_224.laion2b,,,,85.18,1e-05,57.6175,0.0,0.0,29.4344,0.0,0.0,51.085865593329785,0.0,0.0,-87.79233716877705,0.0,0.0
32,cars,hivit_base_patch16_clip_224.laion2b,,,,91.64,5e-06,53.36,0.0,0.0,38.6721,0.0,0.0,72.4739173679257,0.0,0.0,-115.2915077488962,0.0,0.0
32,cub,hivit_base_patch16_clip_224.laion2b,,,,81.71,5e-06,43.418,0.0,0.0,32.0216,0.0,0.0,73.75188319480166,0.0,0.0,-95.32725910460894,0.0,0.0
32,soylocal,hivit_base_patch16_clip_224.laion2b,,,,58.8333,5e-06,43.4333,0.0,0.0,11.2834,0.0,0.0,25.978767594567177,0.0,0.0,-33.59055169552887,0.0,0.0
32,aircraft_baseline,hivit_base_patch16_siglip_224.v2_webli,,,,93.6394,0.003,80.003,0.0,0.0,23.3529,0.0,0.0,29.19001006418467,0.0,0.0,-69.76677304681468,0.0,0.0
32,cars_baseline,hivit_base_patch16_siglip_224.v2_webli,,,,95.5229,0.003,66.4796,0.0,0.0,32.7879,0.0,0.0,49.32016751298124,0.0,0.0,-97.87036706581264,0.0,0.0
32,cub_baseline,hivit_base_patch16_siglip_224.v2_webli,,,,87.815,0.01,66.613,0.0,0.0,27.2512,0.0,0.0,40.909763344586224,0.0,0.0,-81.34453706356622,0.0,0.0
32,soylocal,hivit_base_patch16_siglip_224.v2_webli,,,,54.0,0.01,41.8148,0.0,0.0,13.8715,0.0,0.0,33.173745006883,0.0,0.0,-41.28287898926052,0.0,0.0
23,aircraft,hideit3_base_patch16_224.fb_in1k,,,,92.3792,0.01,86.7253,8.911300000000011,11.452052329914942,6.7543,-16.8864,-71.42935699873523,7.788100080544363,-22.59289680082161,-74.36522537112285,-20.1848836687183,50.433313102266396,-71.41688036275123
23,cars,hideit3_base_patch16_224.fb_in1k,,,,93.0357,0.01,85.1138,7.073799999999991,9.06432598667349,16.9602,-11.0381,-39.42417932517331,19.92654477301384,-15.950265381410343,-44.45842680203669,-50.68144630512863,32.954573526865005,-39.40236944926779
23,cub,hideit3_base_patch16_224.fb_in1k,,,,88.9713,0.03,81.4367,4.984700000000004,6.520038717103547,10.5283,-8.1699,-43.693510605298904,12.928256697625995,-11.529148045679355,-47.13970336053417,-31.4557672275072,24.39418394811516,-43.67807569143023
23,aircraft,hideit3_base_patch16_224.fb_in22k_ft_in1k,,,,92.9793,0.01,86.0686,9.866600000000005,12.947954121939064,10.1712,-11.934199999999999,-53.98771340939317,11.817543266895624,-17.191360382100548,-59.26235817152449,-30.39540669996503,35.630598539369196,-53.96449233936491
23,cars,hideit3_base_patch16_224.fb_in22k_ft_in1k,,,,93.4461,0.03,85.2395,11.648500000000013,15.828701879305912,17.0715,-13.890899999999998,-44.86377025036819,20.02771908538173,-22.045952729215717,-52.398451997162944,-51.01432566621714,41.4522450908781,-44.829439170801464
23,cub,hideit3_base_patch16_224.fb_in22k_ft_in1k,,,,90.9734,0.01,80.4089,3.572900000000004,4.650033838304966,18.8389,-2.1982,-10.449158866954095,23.42890738926784,-3.95033325616372,-14.42820605334379,-56.28246763838691,6.555079982130145,-10.431788365957567
23,aircraft,hideit_base_patch16_224.fb_in1k,,,,91.6292,0.01,87.0754,8.397400000000005,10.673123363583219,4.291,-16.2734,-79.13384295189745,4.9279160680298295,-21.209447929003847,-81.14608623658798,-12.823727080384751,48.60796501640337,-79.12522568940402
23,cars,hideit_base_patch16_224.fb_in1k,,,,93.3466,0.03,86.6462,6.216199999999986,7.728708193460134,13.2024,-10.8306,-45.065534889526894,15.237107554325046,-14.643578830342136,-49.006835525224965,-39.45475806069937,32.34554325301742,-45.049314085313036
23,cub,hideit_base_patch16_224.fb_in1k,,,,88.35,0.03,79.0525,0.3844999999999885,0.4887629023236748,14.3931,0.9941000000000013,7.4192103888349985,18.20708057356314,1.1747719120570714,6.897314600175835,-42.99737538126402,-2.9707687343782965,7.421984982605158
23,aircraft,hiresnet50.a1_in1k,,,,92.3492,0.0005,89.739,0.46999999999999886,0.52649856053053,2.4133,0.27059999999999995,12.62892612124889,2.689227803486292,0.28894226228879827,12.037828722021382,-7.212964524140146,-0.8088346802373492,12.629891959598842
23,cars,hiresnet50.a1_in1k,,,,93.1227,0.0001,91.664,1.082899999999995,1.1955032561980314,1.4628,-0.4416,-23.188405797101446,1.595795563553122,-0.5065850991889118,-24.09578380197796,-4.372350265535794,1.319705220127414,-23.185037873425596
23,cub,hiresnet50.a1_in1k,,,,85.3814,0.0001,82.6579,-1.1551000000000045,-1.3781871547373372,2.4687,0.6163000000000001,33.27035197581516,2.986659410706089,0.776531921807543,35.13516417980669,-7.376265045014671,-1.841243863092041,33.26534447791347
23,aircraft,hiresnet50.fb_ssl_yfcc100m_ft_in1k,,,,92.9193,0.03,91.2421,0.6620999999999952,0.7309560609405997,1.4484,-0.5095000000000001,-26.022779508657237,1.587438226914193,-0.5740842347790247,-26.55925371829441,-4.329363445974555,1.5227424668136615,-26.020418794644744
23,cars,hiresnet50.fb_ssl_yfcc100m_ft_in1k,,,,94.4161,0.03,92.1465,2.744500000000002,3.069841837990204,2.3127,-2.7317000000000005,-54.15312029180875,2.5097741860702967,-3.1326324992674714,-55.51943831712557,-6.912910222173351,8.163938985450287,-54.148840205433466
23,cub,hiresnet50.fb_ssl_yfcc100m_ft_in1k,,,,85.9337,0.03,81.7639,0.13090000000001112,0.16035181850478497,5.3186,-0.8887999999999998,-14.318394174694717,6.504872048774877,-1.0991702508854706,-14.455078069917729,-15.890862510776978,2.6553206176716184,-14.317342815398687
23,aircraft,hiresnet50.fb_swsl_ig1b_ft_in1k,,,,93.3093,0.03,91.5091,1.2771000000000043,1.4153515382569426,1.5824,-1.196,-43.04635761589404,1.7292704627925055,-1.349889947990014,-43.839546106887006,-4.7300288816984,3.574343579765623,-43.04170599707762
23,cars,hiresnet50.fb_swsl_ig1b_ft_in1k,,,,94.3788,0.03,91.0285,1.9344999999999999,2.171302220127057,4.4744,-2.2161,-33.123084971227854,4.915430441313748,-2.594051386117398,-34.54368018631686,-13.37416906951332,6.622229330206883,-33.11711038073508
23,cub,hiresnet50.fb_swsl_ig1b_ft_in1k,,,,85.7784,0.01,81.3911,0.26209999999998956,0.3230657348173767,5.0385,-1.9962,-28.376476608810613,6.190468235853482,-2.480485152197655,-28.60683296505603,-15.053562180295753,5.963701608399752,-28.375252213408633
23,aircraft,hiresnet50.gluon_in1k,,,,93.1893,0.03,91.2391,1.3100999999999914,1.456815932569017,1.3384,-0.17149999999999999,-11.358368103847935,1.4669176829856034,-0.21207793628782157,-12.631238214879737,-4.000539178411507,0.5123827767649551,-11.353681314546913
23,cars,hiresnet50.gluon_in1k,,,,94.2793,0.03,92.2149,1.4218999999999937,1.5660898967982042,2.3182,-0.4335,-15.753897590580369,2.513915849310473,-0.5168229381381009,-17.052704782030656,-6.9294742927347945,1.2953143212552716,-15.748907139716502
23,cub,hiresnet50.gluon_in1k,,,,85.3297,0.03,81.9555,0.3774999999999977,0.4627473093235893,3.1525,-1.2995999999999999,-29.190718986545672,3.8466051598565336,-1.610898811687849,-29.51713494093879,-9.419046269778551,3.8827464602254373,-29.1896478845846
23,aircraft,hiresnet50.in1k_mocov3,,,,93.5794,0.0001,91.8632,0.8971000000000089,0.9861915592731896,1.1087,-0.32400000000000007,-22.614643679765482,1.2068952185115418,-0.3681294455789552,-23.372932117957195,-3.314009114998535,0.9684566437516362,-22.614463216029968
23,cars,hiresnet50.in1k_mocov3,,,,93.8565,5e-05,93.1078,0.48619999999999663,0.5249315494441865,0.4559,-0.22699999999999992,-33.24059159466978,0.4896036559212906,-0.24773014364048307,-33.598099502249696,-1.3626818354466308,0.6787352504420552,-33.248239917938314
23,cub,hiresnet50.in1k_mocov3,,,,85.3469,0.03,83.835,0.24509999999999366,0.2932172427530044,1.5564,-0.8224999999999998,-34.574803480600266,1.8564834503693128,-0.9893954140005383,-34.765900488164846,-4.650583867347647,2.4575609420796543,-34.57387276100891
23,aircraft,hiresnet50.in1k_spark,,,,90.8191,0.0001,87.4497,0.0660000000000025,0.07552896020654024,2.347,-0.2814000000000001,-10.706133008674481,2.683770915102104,-0.32407900596151196,-10.774440695728373,-7.0140143532062105,0.8410224114204583,-10.70679153543631
23,cars,hiresnet50.in1k_spark,,,,92.6129,0.01,88.7402,1.3506,1.5454928275218103,4.6442,-0.029800000000000715,-0.637569533590088,5.233443091312197,-0.11496065095361452,-2.1494385333167143,-13.88017230750261,0.08819437889147075,-0.6313864811222109
23,cub,hiresnet50.in1k_spark,,,,78.8747,0.01,72.6752,1.4325000000000045,2.0107323276630513,6.6171,-0.9675000000000002,-12.756111067162411,9.105098389451792,-1.5410706013873412,-14.475353554066341,-19.76039167876857,2.886988562829899,-12.747560786422037
23,aircraft,hiresnet50.in1k_supcon,,,,93.4293,0.03,91.7042,0.3961000000000041,0.4338059821636899,1.3057,-0.8223,-38.641917293233085,1.4238697702511185,-0.9067403200025217,-38.90570644117658,-3.903004739205643,2.457797933714525,-38.63974501485643
23,cars,hiresnet50.in1k_supcon,,,,94.6648,0.03,92.3828,1.0845000000000056,1.1878643961607231,2.5223,-1.5893000000000002,-38.654051950578854,2.7302923376937263,-1.7731386590268365,-39.37306156834759,-7.539657786776121,4.7499797813813585,-38.65028366408936
23,cub,hiresnet50.in1k_supcon,,,,85.3297,0.01,81.1736,0.1483999999999952,0.18315289564233744,4.5143,-1.7180999999999997,-27.567229317758805,5.561346532319712,-2.1306348832403668,-27.699428380447124,-13.487427106165905,5.132985365034072,-27.5664428646423
23,aircraft,hiresnet50.in1k_swav,,,,93.0393,5e-05,91.5812,0.8160999999999916,0.8991341385620591,1.3473,-0.22999999999999998,-14.581880428580487,1.4711472738019589,-0.2666408286975783,-15.343690540524307,-4.02716974323061,0.6873661388005257,-14.579720167585018
23,cars,hiresnet50.in1k_swav,,,,93.9933,0.0001,92.8753,0.34199999999999875,0.36959667492675474,0.6593,-0.006299999999999972,-0.9465144230769189,0.709909062348116,-0.009391173068470149,-1.3055984978277126,-1.9708905716346432,0.01869251285718687,-0.9395190883401195
23,cub,hiresnet50.in1k_swav,,,,86.6759,0.0001,84.9827,0.19499999999999318,0.22998618903448634,1.5271,-0.6453000000000002,-29.704474314122635,1.796935179409821,-0.7652655758369737,-29.8675103529607,-4.563284902665046,1.9283878963721,-29.705562126577316
23,aircraft,hiresnet50.in21k_miil,,,,93.1893,0.0001,91.5572,0.7650999999999897,0.8426944635050733,1.0687,-0.4758,-30.80608611201036,1.1671961152822443,-0.5338923137692044,-31.385335685747414,-3.194282883195424,1.4220669346394659,-30.80500808551004
23,cars,hiresnet50.in21k_miil,,,,93.6451,0.0001,92.6974,0.32210000000000605,0.3486862830215502,0.6466,0.018799999999999928,2.9945842625039707,0.6975160904021132,0.017858228581967617,2.6275321136053233,-1.9327630987588584,-0.056051303092508054,2.9866761226705205
23,cub,hiresnet50.in21k_miil,,,,88.4363,0.003,86.2461,0.0069000000000016826,0.008001001864583255,2.3678,-0.5482,-18.799725651577504,2.745444213491251,-0.6358720633556989,-18.805459510242695,-7.076062890567249,1.6381862953218338,-18.79893792771655
23,aircraft,hiresnet50.tv2_in1k,,,,92.8293,0.03,91.7282,0.9981999999999971,1.1001873691171575,1.0249,-0.1673,-14.032880389196444,1.1173102640792167,-0.19672567884495806,-14.971103332773136,-3.0634916727453065,0.5000424008707625,-14.032204843304564
23,cars,hiresnet50.tv2_in1k,,,,93.8316,0.03,93.0071,1.5870999999999924,1.7360533800043672,0.6637,-0.6823000000000001,-50.69093610698366,0.7135715157337429,-0.7587610578997096,-51.53462413911169,-1.9838805904012016,2.0394154003095695,-50.69016560099717
23,cub,hiresnet50.tv2_in1k,,,,86.952,0.03,84.0128,0.6617999999999995,0.7939916737651612,1.9572,-1.4368999999999998,-42.335228779352406,2.329648885965421,-1.742393241428997,-42.7891752324258,-5.848311192261421,4.293231887278201,-42.333122815794354
23,aircraft,hiresnet50.tv_in1k,,,,93.1893,0.01,91.7102,0.8932000000000073,0.9835163020139482,1.1881,-0.14539999999999997,-10.903637045369328,1.2954427373288386,-0.1728400858501098,-11.7715799110077,-3.551204171230327,0.43446423511716015,-10.900661841944553
23,cars,hiresnet50.tv_in1k,,,,94.3166,0.01,92.537,1.0470000000000113,1.1443873647393281,2.2136,-0.6425000000000001,-22.49571093449109,2.3921078592034344,-0.7296973498444443,-23.374211425157917,-6.616832752788853,1.92036795239438,-22.494117436274603
23,cub,hiresnet50.tv_in1k,,,,86.7622,0.01,83.1722,0.9632000000000005,1.1716478731039186,3.0178,-1.8695,-38.25220469379821,3.6283464861607664,-2.316581261700227,-38.96735771992757,-9.017048766145932,5.585298913092588,-38.24932151857823
23,aircraft,hivit_base_patch16_224.dino,,,,87.0687,0.003,67.7918,11.359199999999994,20.128790805314647,28.595,-6.9069,-19.45501508369975,42.18060215404077,-20.729611198649962,-32.95110617799762,-85.36311487847121,20.51346566166957,-19.374884943410446
23,cars,hivit_base_patch16_224.dino,,,,89.8271,0.003,61.5393,8.738699999999994,16.55038010931693,35.1378,-4.312899999999999,-10.932378893150183,57.09805594821932,-17.618239925990714,-23.580183840553634,-104.84227268471636,12.762611574171018,-10.852110143721816
23,cub,hivit_base_patch16_224.dino,,,,85.8819,0.003,71.8718,7.630599999999987,11.878047109954338,19.9869,-7.318300000000001,-26.801854591799366,27.80909941883065,-14.69511860435907,-34.57331833829201,-59.68257866888423,21.80810203335095,-26.761467502078162
23,aircraft,hivit_base_patch16_224.in1k_mocov3,,,,89.979,0.01,82.5803,2.2742999999999967,2.8320424376758857,12.3073,-2.4701000000000004,-16.715389716729604,14.903425759837788,-3.4979502181553777,-19.00917747856843,-36.77282449551696,7.375405284603062,-16.706004569914178
23,cars,hivit_base_patch16_224.in1k_mocov3,,,,92.8118,0.01,80.4315,5.4942999999999955,7.331872554619062,21.8599,-10.599900000000002,-32.655469226551,27.17826279933105,-16.137711448098116,-37.25579703209815,-65.30789516277508,31.638292850776395,-32.63490138091235
23,cub,hivit_base_patch16_224.in1k_mocov3,,,,88.0048,0.01,78.7056,0.14160000000001105,0.1802352222392076,14.4007,0.15530000000000044,1.0901764780209782,18.29697086118703,0.1648127300370028,0.9089526400823948,-43.01923042939036,-0.4644841096419796,1.0914977759517897
23,aircraft,hivit_base_patch16_224.mae,,,,88.6889,0.01,74.5074,23.129400000000004,45.01810113278058,19.5991,-14.9953,-43.346032883934974,26.30485947424168,-41.02829680135511,-60.933274289749555,-58.53418708213698,44.57576844893542,-43.23129441705794
23,cars,hivit_base_patch16_224.mae,,,,93.0481,0.01,81.8337,13.108699999999999,19.074136049472536,21.8161,-12.062800000000003,-35.60564245002052,26.659058588400526,-22.637207966370113,-45.92073507477292,-65.18171149257769,35.96190341117297,-35.55528784035918
23,cub,hivit_base_patch16_224.mae,,,,85.5713,0.01,68.4139,11.681899999999999,20.59137700063456,21.6396,-6.4548999999999985,-22.975671394756976,31.630428771488106,-17.890962075559912,-36.127745544986844,-64.60249697279052,19.185715484780857,-22.897869428227878
23,aircraft,hivit_base_patch16_224.orig_in21k,,,,89.2889,0.01,83.9984,7.963400000000007,10.47333464851714,5.2493,-13.757399999999999,-72.38184429701104,6.249338693064895,-18.7480299396087,-75.00001386187304,-15.68553806822272,41.08473596501065,-72.37015615066365
23,cars,hivit_base_patch16_224.orig_in21k,,,,91.7672,0.03,86.0451,14.0591,19.530325341038534,6.5572,-25.334200000000003,-79.43897100785792,7.620677201298237,-36.681515548478714,-82.79841983366252,-19.595458804267032,75.63564868679853,-79.42325851234541
23,cub,hivit_base_patch16_224.orig_in21k,,,,91.0079,0.03,80.4643,0.8132999999999981,1.0210794591404981,16.2433,-0.9824999999999982,-5.703653821593181,20.18702778632445,-1.439616095886219,-6.656678233234319,-48.5281572949178,2.9330906221189608,-5.699610368655541
23,aircraft,hivit_base_patch16_224_miil.in21k,,,,90.5791,0.01,83.8884,8.167500000000004,10.786321874145717,6.6588,-10.5536,-61.31393646440938,7.937745013398058,-14.793575685838082,-65.08014154380041,-19.89716441332427,31.512610425178174,-61.29692363790973
23,cars,hivit_base_patch16_224_miil.in21k,,,,92.0159,0.03,78.0363,7.813299999999998,11.126411574555343,21.3743,-7.109499999999997,-24.959801711850236,27.390190824909222,-13.17167347091576,-32.47304752772795,-63.84898075690408,21.196674493509207,-24.923876982423742
23,cub,hivit_base_patch16_224_miil.in21k,,,,90.0587,0.01,80.4039,4.4358999999999895,5.839169123841604,13.6303,-7.861700000000001,-36.579657546994234,16.952320058275124,-11.338505850268646,-40.07838402075225,-40.72144094433562,23.471574675186538,-36.56406300383939
23,aircraft,hivit_base_patch16_clip_224.laion2b,,,,87.7888,1e-05,63.9477,6.330199999999998,10.986592615090897,27.2108,-2.223600000000001,-7.554426113662929,42.55173060273922,-8.534134990590566,-16.70547203511583,-81.20699391521929,6.585343253557767,-7.5010456105043914
23,cars,hivit_base_patch16_clip_224.laion2b,,,,90.7599,5e-06,63.3923,10.0323,18.801161919040478,34.7372,-3.934899999999999,-10.17503574928695,54.79721640027344,-17.676700967652252,-24.39043121943249,-103.66367527232887,11.62783247656732,-10.085593209425824
23,cub,hivit_base_patch16_clip_224.laion2b,,,,80.6179,5e-06,52.1977,8.779699999999998,20.22133677276705,31.4347,-0.5869,-1.8328253428935468,60.22236069745617,-13.529522497345496,-18.344646822929008,-93.70179775411322,1.6254613504957263,-1.7051380326712209
23,aircraft,hivit_base_patch16_siglip_224.v2_webli,,,,94.0894,0.003,77.5706,-2.4324000000000012,-3.0403859855255444,21.5584,-1.7945000000000029,-7.684270476043672,27.791984563567667,-1.3980255006170026,-4.789397117517068,-64.39733150966583,5.369441537148845,-7.696273315588008
23,cars,hivit_base_patch16_siglip_224.v2_webli,,,,95.4359,0.003,78.4324,11.952799999999996,17.97965090042659,28.8497,-3.938200000000002,-12.011138255271003,36.78289869632398,-12.53726881665726,-25.420166736776405,-86.1813155179106,11.68905154790204,-11.943402174063342
23,cub,hivit_base_patch16_siglip_224.v2_webli,,,,87.815,0.01,74.2428,7.629800000000003,11.453920405926775,21.8581,-5.3931000000000004,-19.790321160169096,29.44141167183017,-11.468351672756054,-28.03328774150367,-65.27993791577417,16.064599147792052,-19.748835911670948
40,aircraft_pl,hideit3_base_patch16_224.fb_in1k,hideit3_base_patch16_224.fb_in1k,-1.0,25.0,91.6892,0.01,73.1293,-4.684699999999992,-6.020381936412462,33.23,9.589299999999998,40.562673694095345,45.43999261255326,15.058995731187288,49.567154725010504,-99.23547289070576,-28.61727611972107,40.52394061055834
40,cars_pl,hideit3_base_patch16_224.fb_in1k,hideit3_base_patch16_224.fb_in1k,-1.0,25.0,93.1103,0.03,73.4946,-4.545400000000001,-5.824449000512558,36.1277,8.129399999999997,29.035334288153198,49.15698441044676,13.280174256022576,37.01603960569755,-107.89163209655148,-24.25561226455784,29.00139474987216
40,cub_pl,hideit3_base_patch16_224.fb_in1k,hideit3_base_patch16_224.fb_in1k,-1.0,25.0,88.4363,0.01,82.6948,6.242800000000003,8.165646418667926,6.7248,-11.9734,-64.03504080606689,8.132098109454985,-16.325306633850367,-66.7499548917554,-20.09313497836072,35.75681619726164,-64.0230035024076
40,aircraft_pl,hideit3_base_patch16_224.fb_in22k_ft_in1k,hideit3_base_patch16_224.fb_in22k_ft_in1k,-1.0,25.0,92.5293,0.01,75.6796,-0.5224000000000046,-0.6855463111204492,30.1159,8.0105,36.2377518615361,39.79402271681772,10.785119067821551,37.178651073201664,-89.94990754440853,-23.923902305074307,36.234059925863754
40,cars_pl,hideit3_base_patch16_224.fb_in22k_ft_in1k,hideit3_base_patch16_224.fb_in22k_ft_in1k,-1.0,25.0,93.6202,0.03,73.665,0.07400000000001228,0.10055577448330949,36.2729,5.310500000000001,17.15144820814924,49.24038786881994,7.166716054222491,17.033730941771527,-108.32634697566134,-15.859776218566097,17.151902670024267
40,cub_pl,hideit3_base_patch16_224.fb_in22k_ft_in1k,hideit3_base_patch16_224.fb_in22k_ft_in1k,-1.0,25.0,90.6628,0.01,76.669,-0.1670000000000016,-0.21734603571242855,22.733,1.6959000000000017,8.061472351227126,29.65081548748822,2.2715748420566584,8.296705052832385,-67.90242523294285,-5.064877612425789,8.06027256667168
40,aircraft_pl,hideit_base_patch16_224.fb_in1k,hideit_base_patch16_224.fb_in1k,-1.0,25.0,91.3291,0.01,87.0954,8.4174,10.698543430183788,4.4115,-16.1529,-78.54787885861003,5.065080563260707,-21.07228343377297,-80.62130303639057,-13.183704036689704,48.247988060098415,-78.5392464594362
40,cars_pl,hideit_base_patch16_224.fb_in1k,hideit_base_patch16_224.fb_in1k,-1.0,25.0,92.9362,0.03,86.877,6.4469999999999885,8.015665796344633,11.2607,-12.772300000000001,-53.14484250821786,12.961665484793231,-16.91902089987395,-56.621928566392256,-33.65249739426836,38.14780391944843,-53.13042316183239
40,cub_pl,hideit_base_patch16_224.fb_in1k,hideit_base_patch16_224.fb_in1k,-1.0,25.0,88.3845,0.03,77.0349,-1.633100000000013,-2.0759393908577985,19.4085,6.009500000000001,44.850361967311,25.194475179764613,8.162166518258545,47.92166863852978,-57.97364885394416,-17.947042207058438,44.83778094252916
40,aircraft_pl,hiresnet50.a1_in1k,hiresnet50.a1_in1k,-1.0,25.0,91.8392,0.0005,89.0369,-0.23210000000000264,-0.2600006721258249,2.7357,0.593,27.67536285994306,3.072536389480054,0.6722508482825602,28.007119850714787,-8.176348093800097,-1.7722182498973007,27.673053062541868
40,cars_pl,hiresnet50.a1_in1k,hiresnet50.a1_in1k,-1.0,25.0,92.8616,0.0001,91.2523,0.6711999999999989,0.7409934301968059,1.4332,-0.47120000000000006,-24.74270111321151,1.5705550222657694,-0.5318256404762645,-25.296353315133228,-4.283798605025943,1.408256880637265,-24.74074408066285
40,cub_pl,hiresnet50.a1_in1k,hiresnet50.a1_in1k,-1.0,25.0,85.4159,0.0001,83.476,-0.3370000000000033,-0.4020855953133801,1.98,0.12759999999999994,6.8883610451306385,2.371909600868019,0.1617821119694729,7.320035282222552,-5.916207390825964,-0.3811862089033333,6.886806687358069
40,aircraft_pl,hiresnet50.fb_ssl_yfcc100m_ft_in1k,hiresnet50.fb_ssl_yfcc100m_ft_in1k,-1.0,25.0,93.6694,0.03,91.1191,0.5391000000000048,0.5951644954736198,1.5442,-0.41369999999999996,-21.129781909188416,1.694686399894055,-0.4668360617991627,-21.597557743326387,-4.61560364743641,1.236502265351806,-21.129184669227538
40,cars_pl,hiresnet50.fb_ssl_yfcc100m_ft_in1k,hiresnet50.fb_ssl_yfcc100m_ft_in1k,-1.0,25.0,94.1301,0.03,91.9823,2.580299999999994,2.886177043019165,2.6929,-2.3515000000000006,-46.61604948061217,2.9275749820245505,-2.7148317033132177,-48.11478248046031,-8.049279293069544,7.027569914554094,-46.61166148030843
40,cub_pl,hiresnet50.fb_ssl_yfcc100m_ft_in1k,hiresnet50.fb_ssl_yfcc100m_ft_in1k,-1.0,25.0,85.6403,0.01,82.061,0.4280000000000115,0.5242977717344842,3.8016,-2.4057999999999997,-38.75696749041467,4.63265953502779,-2.9713827646325575,-39.07635764684372,-11.358496834993018,7.187686293455579,-38.75560940854807
40,aircraft_pl,hiresnet50.fb_swsl_ig1b_ft_in1k,hiresnet50.fb_swsl_ig1b_ft_in1k,-1.0,25.0,93.0693,0.03,91.2782,1.046199999999999,1.1594556254987132,1.5392,-1.2392,-44.60120932911028,1.6862341171465007,-1.3929262936360187,-45.23721105137321,-4.600627579229012,3.7037448822350116,-44.599936953960494
40,cars_pl,hiresnet50.fb_swsl_ig1b_ft_in1k,hiresnet50.fb_swsl_ig1b_ft_in1k,-1.0,25.0,94.2918,0.03,90.5087,1.4147000000000105,1.5878734819404343,4.518,-2.1725000000000003,-32.471414692474404,4.991821748406386,-2.5176600790247603,-33.52641549551502,-13.504174704729506,6.492223694990697,-32.46696512648767
40,cub_pl,hiresnet50.fb_swsl_ig1b_ft_in1k,hiresnet50.fb_swsl_ig1b_ft_in1k,-1.0,25.0,85.4505,0.03,81.4904,0.36139999999998906,0.4454633977985542,6.2729,-0.7618,-10.829175373505624,7.697666521135737,-0.9732868669153998,-11.224681108961116,-18.741611314562796,2.275652474132709,-10.82753919354958
40,aircraft_pl,hiresnet50.gluon_in1k,hiresnet50.gluon_in1k,-1.0,25.0,92.6193,0.03,90.9361,1.007099999999994,1.1198834636212947,1.2407,-0.2692000000000001,-17.82899529770184,1.3643237879729604,-0.3146718313004646,-18.741670775569798,-3.708344885287772,0.80457706988869,-17.828295678054328
40,cars_pl,hiresnet50.gluon_in1k,hiresnet50.gluon_in1k,-1.0,25.0,94.1176,0.03,91.8617,1.0686999999999927,1.1770731223772677,2.4976,-0.2541000000000002,-9.234291528873069,2.718923777343297,-0.3118150101052768,-10.288415860734013,-7.46575957294187,0.7590290410481959,-9.2285537862592
40,cub_pl,hiresnet50.gluon_in1k,hiresnet50.gluon_in1k,-1.0,25.0,85.088,0.03,81.5085,-0.069500000000005,-0.08519453774302509,3.718,-0.7340999999999998,-16.488847959389943,4.561435164401146,-0.8960688071432363,-16.419022538790088,-11.108253685992066,2.1935390440119225,-16.490551976983514
40,aircraft_pl,hiresnet50.in1k_mocov3,hiresnet50.in1k_mocov3,-1.0,25.0,93.1893,0.0001,91.4881,0.5220000000000056,0.5738401448451738,1.228,-0.2047000000000001,-14.287708522370355,1.3422198693360314,-0.23280479475446558,-14.781025342793566,-3.6704937808045366,0.6119719779456347,-14.290177958696335
40,cars_pl,hiresnet50.in1k_mocov3,hiresnet50.in1k_mocov3,-1.0,25.0,93.5456,0.0001,92.782,0.16039999999999566,0.17317774687545417,0.4993,-0.18359999999999993,-26.88534192414701,0.5381756751761684,-0.19915812438560532,-27.01057845225226,-1.4926085466213934,0.5488085392672926,-26.883704611905944
40,cub_pl,hiresnet50.in1k_mocov3,hiresnet50.in1k_mocov3,-1.0,25.0,85.2951,0.03,83.1722,-0.4176999999999964,-0.49970151896341114,2.2919,-0.08699999999999974,-3.657152465425186,2.7555713747262534,-0.0903074896435978,-3.1732724387618707,-6.84805504661432,0.26008976281298146,-3.6590386069236076
40,aircraft_pl,hiresnet50.in1k_spark,hiresnet50.in1k_spark,-1.0,25.0,90.489,5e-05,87.7318,0.3481000000000023,0.3983580461802399,2.3125,-0.31590000000000007,-12.018718612083399,2.6358266016547054,-0.3720233194089104,-12.368413623421677,-6.911013729271021,0.9440230353556478,-12.018060050423138
40,cars_pl,hiresnet50.in1k_spark,hiresnet50.in1k_spark,-1.0,25.0,92.1278,5e-05,87.7291,0.339500000000001,0.3884901635892612,3.8731,-0.8009000000000004,-17.135216089003002,4.414819720697231,-0.9335840215685804,-17.455376717186173,-11.575101923347276,2.3932647630468047,-17.13346174809378
40,cub_pl,hiresnet50.in1k_spark,hiresnet50.in1k_spark,-1.0,25.0,78.5986,0.01,71.9296,0.6868999999999943,0.9641689604689243,6.3783,-1.2062999999999997,-15.90459615536745,8.867368728556954,-1.7788002622821786,-16.708360198046915,-19.046112223432115,3.601268018166355,-15.901477255861954
40,aircraft_pl,hiresnet50.in1k_supcon,hiresnet50.in1k_supcon,-1.0,25.0,93.2493,0.03,91.4612,0.15310000000000912,0.1676740617754713,1.4999,-0.6281000000000001,-29.515977443609025,1.63990916260204,-0.6907009276516003,-29.636056693482836,-4.483240245587567,1.8775624273326015,-29.517696490192094
40,cars_pl,hiresnet50.in1k_supcon,hiresnet50.in1k_supcon,-1.0,25.0,94.2296,0.03,91.6988,0.40050000000000807,0.4386719139348795,3.1517,-0.9599000000000002,-23.346142620877522,3.4370359557853973,-1.0663950409351655,-23.679613204059827,-9.420792852624151,2.868844715533328,-23.343607161911113
40,cub_pl,hiresnet50.in1k_supcon,hiresnet50.in1k_supcon,-1.0,25.0,85.5195,0.01,81.3963,0.37109999999999843,0.4580056574991465,4.7916,-1.4408000000000003,-23.11790000641808,5.886787450297404,-1.8051939652626752,-23.468516988496038,-14.316008347607598,4.304404123592379,-23.116588476490314
40,aircraft_pl,hiresnet50.in1k_swav,hiresnet50.in1k_swav,-1.0,25.0,92.9493,0.0005,90.9871,0.2219999999999942,0.24458740198599924,1.5527,-0.024599999999999955,-1.5596272110568665,1.7065361097391336,-0.03125199276040358,-1.7983776454363143,-4.641117789015974,0.073418093015162,-1.557270850243942
40,cars_pl,hiresnet50.in1k_swav,hiresnet50.in1k_swav,-1.0,25.0,93.7321,0.0001,92.5755,0.04220000000000823,0.04560520374828114,0.6266,-0.038999999999999924,-5.8593749999999885,0.6768447189974741,-0.04245551641911205,-5.902335954960968,-1.873009716583624,0.11657336790820616,-5.85918571668902
40,cub_pl,hiresnet50.in1k_swav,hiresnet50.in1k_swav,-1.0,25.0,86.2271,5e-05,84.5806,-0.20709999999999695,-0.24425712691816967,1.5481,-0.6243000000000001,-28.737801509850858,1.8303315045726187,-0.731869250674176,-28.56408691533936,-4.626012241524468,1.865660557512678,-28.7392882430765
40,aircraft_pl,hiresnet50.in21k_miil,hiresnet50.in21k_miil,-1.0,25.0,92.1392,0.0005,90.8161,0.02400000000000091,0.026434017937685007,1.2859,-0.25859999999999994,-16.743282615733243,1.4159642522032443,-0.28512417684820446,-16.761278954039664,-3.843610041634869,0.7727397762000212,-16.73919453015896
40,cars_pl,hiresnet50.in21k_miil,hiresnet50.in21k_miil,-1.0,25.0,,,,,,,,,,,,,,
40,cub_pl,hiresnet50.in21k_miil,hiresnet50.in21k_miil,-1.0,25.0,88.6434,0.01,86.1046,-0.13459999999999184,-0.156077514633707,2.4909,-0.42510000000000003,-14.578189300411525,2.8928247950858794,-0.4884914817610704,-14.446784676900581,-7.443635671882813,1.2706135140062695,-14.580871936319705
40,aircraft_pl,hiresnet50.tv2_in1k,hiresnet50.tv2_in1k,-1.0,25.0,92.6193,0.0001,91.6112,0.8811999999999927,0.9712333296594209,0.9763,-0.21589999999999998,-18.109377621204494,1.065733319531739,-0.2483026233924357,-18.896182005484437,-2.918334316673286,0.645199756942783,-18.105614920866227
40,cars_pl,hiresnet50.tv2_in1k,hiresnet50.tv2_in1k,-1.0,25.0,93.9311,0.03,92.8765,1.4564999999999912,1.593196237147223,0.7622,-0.5838000000000001,-43.37295690936107,0.8206346749701849,-0.6516978986632675,-44.26295460236909,-2.278323698755947,1.744972291954824,-43.37171055730728
40,cub_pl,hiresnet50.tv2_in1k,hiresnet50.tv2_in1k,-1.0,25.0,86.3652,0.03,83.5934,0.2424000000000035,0.29081834651054395,1.9788,-1.4153,-41.69883032320792,2.3672217450835062,-1.704820382310912,-41.86647212812057,-5.912849078813501,4.2286940007261204,-41.696751348001804
40,aircraft_pl,hiresnet50.tv_in1k,hiresnet50.tv_in1k,-1.0,25.0,92.6193,0.03,91.3622,0.5452000000000083,0.6003281323981285,0.8995,-0.43399999999999994,-32.54593175853018,0.98451814014921,-0.4837646830297384,-32.94764982555265,-2.688585933894944,1.2970824724525434,-32.54366244785539
40,cars_pl,hiresnet50.tv_in1k,hiresnet50.tv_in1k,-1.0,25.0,94.2047,0.03,92.3853,0.895300000000006,0.9785768936495858,2.3274,-0.5287000000000002,-18.51125660866217,2.5192582543326827,-0.602546954715196,-19.301234842226663,-6.957078794021755,1.580121911161478,-18.508665377892903
40,cub_pl,hiresnet50.tv_in1k,hiresnet50.tv_in1k,-1.0,25.0,86.3652,0.01,82.5923,0.3832999999999913,0.46625065382134717,3.2536,-1.6336999999999997,-33.42745483191128,3.93933616446702,-2.0055915833939735,-33.736180967306,-9.72137521265316,4.88097246658536,-33.42594337433207
40,aircraft_pl,hivit_base_patch16_224.dino,hivit_base_patch16_224.dino,-1.0,25.0,88.3888,0.003,65.2865,8.853900000000003,15.689335596800436,32.8271,-2.6747999999999976,-7.534244646061191,50.28162674576914,-12.628586606921594,-20.073984705984877,-97.97855998975652,7.89802055038426,-7.4596483094671715
40,cars_pl,hivit_base_patch16_224.dino,hivit_base_patch16_224.dino,-1.0,25.0,91.22,0.003,60.8631,8.0625,15.269712844172224,38.7057,-0.7449999999999974,-1.888432904866067,63.5946957805088,-11.121600093701232,-14.885106339352264,-115.4811205084916,2.1237637503957814,-1.8058465545705333
40,cub_pl,hivit_base_patch16_224.dino,hivit_base_patch16_224.dino,-1.0,25.0,85.1398,0.003,59.2492,-4.992000000000004,-7.770714121155899,31.4977,4.192499999999999,15.354218244143969,53.16129491985955,10.657076896669828,25.07298661712932,-93.9613607449391,-12.470680042703918,15.303197783156895
40,aircraft_pl,hivit_base_patch16_224.in1k_mocov3,hivit_base_patch16_224.in1k_mocov3,-1.0,25.0,89.589,0.01,78.8179,-1.4881000000000029,-1.853037132966407,21.3227,6.545300000000001,44.29263605235022,27.053061145215143,8.651685167221977,47.01651212153278,-63.69742531375309,-19.549195533633068,44.280814046220456
40,cars_pl,hivit_base_patch16_224.in1k_mocov3,hivit_base_patch16_224.in1k_mocov3,-1.0,25.0,92.5507,0.01,76.3628,1.4255999999999887,1.902392937019249,30.8327,-1.6271000000000022,-5.012661815537995,40.37664868146863,-2.9393255659605373,-6.78577734202755,-92.09447886894868,4.851709144602793,-5.004538336179453
40,cub_pl,hivit_base_patch16_224.in1k_mocov3,hivit_base_patch16_224.in1k_mocov3,-1.0,25.0,87.7287,0.01,78.0773,-0.486699999999999,-0.6194949340664924,14.3831,0.1377000000000006,0.966627823718538,18.42162938393703,0.2894712527870027,1.596452284903182,-42.96512727609226,-0.4103809563438787,0.9643600111262636
40,aircraft_pl,hivit_base_patch16_224.mae,hivit_base_patch16_224.mae,-1.0,25.0,90.429,0.01,78.0041,26.626099999999994,51.8239324224376,27.5352,-7.059200000000001,-20.40561478158315,35.299724505553634,-32.03343177004316,-47.57452871944586,-82.2526602518641,20.8572952792083,-20.228207035665836
40,cars_pl,hivit_base_patch16_224.mae,hivit_base_patch16_224.mae,-1.0,25.0,92.389,0.01,67.0812,-1.6437999999999988,-2.391851582393596,35.1193,1.240400000000001,3.6612758973874624,52.3534695435405,3.057202988769859,6.201692749638864,-104.83448959004558,-3.6908746862949187,3.6491425482539794
40,cub_pl,hivit_base_patch16_224.mae,hivit_base_patch16_224.mae,-1.0,25.0,85.1398,0.03,71.1176,14.385599999999997,25.35711767609109,19.4976,-8.596900000000002,-30.599939489935757,27.41594024635281,-22.105450600695207,-44.638186090068025,-58.21854417539737,25.569668282174007,-30.517023256847686
40,aircraft_pl,hivit_base_patch16_224.orig_in21k,hivit_base_patch16_224.orig_in21k,-1.0,25.0,89.3189,0.01,83.825,7.790000000000006,10.245281778128502,5.6587,-13.347999999999999,-70.22786701531565,6.7506374043441175,-18.246731228329477,-72.99460793837122,-16.908668039380803,39.861605993852564,-70.21563075513347
40,cars_pl,hivit_base_patch16_224.orig_in21k,hivit_base_patch16_224.orig_in21k,-1.0,25.0,91.6553,0.03,84.9286,12.942599999999999,17.97932931403328,9.9694,-21.922,-68.73953479621466,11.73861571968791,-32.563577030089036,-73.50330764441222,-29.79095155175144,65.44015593931411,-68.7172056099984
40,cub_pl,hivit_base_patch16_224.orig_in21k,hivit_base_patch16_224.orig_in21k,-1.0,25.0,90.8353,0.03,80.9354,1.284400000000005,1.6125346825526423,14.5356,-2.690199999999999,-15.617271766768448,17.959552325123006,-3.6670915570876623,-16.956359835860084,-43.42733795372008,8.033909963316681,-15.611572374359339
40,aircraft_pl,hivit_base_patch16_224_miil.in21k,hivit_base_patch16_224_miil.in21k,-1.0,25.0,89.889,0.01,83.005,7.284099999999995,9.619669074192192,6.6363,-10.576099999999999,-61.444656178104154,7.995031618093443,-14.736289081142697,-64.8281253699346,-19.82886967258284,31.580905165919603,-61.42976752014024
40,cars_pl,hivit_base_patch16_224_miil.in21k,hivit_base_patch16_224_miil.in21k,-1.0,25.0,91.9164,0.01,76.3873,6.164299999999997,8.778178089799635,27.058,-1.4257999999999988,-5.00565233571363,35.42214291489875,-5.1397213809262325,-12.67131447273064,-80.81979178877685,4.225863461636436,-4.968935155115875
40,cub_pl,hivit_base_patch16_224_miil.in21k,hivit_base_patch16_224_miil.in21k,-1.0,25.0,90.145,0.03,79.0818,3.1137999999999977,4.098831086773375,15.8088,-5.683200000000001,-26.44332774986042,19.990396528957334,-8.300429379586436,-29.33965026832152,-47.22639823854032,16.966617380981837,-26.43062834365739
40,aircraft_pl,hivit_base_patch16_clip_224.laion2b,hivit_base_patch16_clip_224.laion2b,-1.0,25.0,88.5989,5e-06,65.1965,7.579000000000001,13.15398967327635,26.6919,-2.7424999999999997,-9.317329383306607,40.940600087578325,-10.14526550575146,-19.859241666791128,-79.66615506559333,8.126182103183723,-9.256140530307881
40,cars_pl,hivit_base_patch16_clip_224.laion2b,hivit_base_patch16_clip_224.laion2b,-1.0,25.0,91.0708,1e-05,62.3321,8.972099999999998,16.814280359820085,35.2481,-3.4239999999999995,-8.853928284215234,56.54884403045944,-15.925073337466252,-21.973523601077076,-105.17877879524195,10.11272895365424,-8.771443058650659
40,cub_pl,hivit_base_patch16_clip_224.laion2b,hivit_base_patch16_clip_224.laion2b,-1.0,25.0,81.1874,1e-05,57.5557,14.137700000000002,32.56184071122576,27.4728,-4.5488,-14.205411347340545,47.73258958087749,-26.019293613924177,-35.27949726408902,-81.94115228839455,13.386106816214394,-14.042265498817006
40,aircraft_pl,hivit_base_patch16_siglip_224.v2_webli,hivit_base_patch16_siglip_224.v2_webli,-1.0,25.0,93.0093,0.003,79.5192,-0.48380000000000223,-0.6047273227254005,23.8528,0.4998999999999967,2.140633497338646,29.996298808191423,0.8062887440067534,2.762207831493855,-71.2584762889561,-1.4917032421414262,2.1381284772057154
40,cars_pl,hivit_base_patch16_siglip_224.v2_webli,hivit_base_patch16_siglip_224.v2_webli,-1.0,25.0,95.1872,0.003,68.2723,1.7926999999999964,2.696616706478373,36.009,3.2211,9.824050945623233,52.743224975192206,3.423057462210963,6.940482230337117,-107.4996412666125,-9.629274200799856,9.838804624411674
40,cub_pl,hivit_base_patch16_siglip_224.v2_webli,hivit_base_patch16_siglip_224.v2_webli,-1.0,25.0,87.1246,0.01,72.2601,5.647099999999995,8.47747436686532,21.3061,-5.9451,-21.815920032879283,29.485354335260965,-11.42440900932526,-27.9258741075976,-63.623574983681245,17.720962079884977,-21.78506722097027
40,aircraft_pl,hideit3_base_patch16_224.fb_in1k,hideit3_base_patch16_224.fb_in1k,-1.0,50.0,92.3492,0.01,86.692,8.878,11.40925797414347,6.4759,-17.1648,-72.60698710275076,7.469955517172183,-22.911041364193792,-75.41240813676579,-19.352861955669,51.2653348153157,-72.59507769869788
40,cars_pl,hideit3_base_patch16_224.fb_in1k,hideit3_base_patch16_224.fb_in1k,-1.0,50.0,93.4461,0.01,82.6569,4.616899999999987,5.91606868272679,24.7958,-3.2025000000000006,-11.438194461806612,29.99847914563168,-5.878331008792504,-16.38476493169394,-74.08749393329279,9.548525898700845,-11.416762679383517
40,aircraft_pl,hideit3_base_patch16_224.fb_in22k_ft_in1k,hideit3_base_patch16_224.fb_in22k_ft_in1k,-1.0,50.0,92.3492,0.01,72.6943,-3.5077,-4.603160022046666,34.5375,12.432100000000002,56.240104227926224,47.51063513288974,18.50173148389357,63.779492350907255,-103.13742179532429,-37.11141655599006,56.207272303491365
40,cars_pl,hideit3_base_patch16_224.fb_in22k_ft_in1k,hideit3_base_patch16_224.fb_in22k_ft_in1k,-1.0,50.0,93.272,0.03,81.0803,7.4893,10.176923808617904,28.8832,-2.0792,-6.715241712528745,35.62297979957448,-6.450692015022966,-15.3318969721699,-86.29343874763401,6.173132009461227,-6.676068939203678
40,cub_pl,hideit3_base_patch16_224.fb_in22k_ft_in1k,hideit3_base_patch16_224.fb_in22k_ft_in1k,-1.0,50.0,90.6628,0.01,77.1194,0.2834000000000003,0.3688375240772559,23.1345,2.0974000000000004,9.970005371462799,29.998294854022184,2.6190542085906223,9.565839471255138,-69.10355905488349,-6.266011434366433,9.971763176067235
40,aircraft_pl,hideit_base_patch16_224.fb_in1k,hideit_base_patch16_224.fb_in1k,-1.0,50.0,91.8392,0.01,86.8753,8.197299999999998,10.418795597244463,4.1636,-16.4008,-79.75336017583786,4.792611403775919,-21.34475259325776,-81.66375383409041,-12.442866880704406,48.98882521608371,-79.74519916999817
40,cars_pl,hideit_base_patch16_224.fb_in1k,hideit_base_patch16_224.fb_in1k,-1.0,50.0,92.9113,0.03,82.4137,1.983699999999999,2.4663682705458148,25.8008,1.7677999999999976,7.355719219406638,31.30644507358288,1.4257586889156961,4.771505816704741,-77.08935559104968,-5.289054277332895,7.366339946434834
40,cub_pl,hideit_base_patch16_224.fb_in1k,hideit_base_patch16_224.fb_in1k,-1.0,50.0,88.6779,0.03,77.6407,-1.027300000000011,-1.3058676971576892,17.7187,4.319699999999999,32.23897305769087,22.82146354643628,5.789154884930213,33.98925536157064,-52.92799012187323,-12.901383474987504,32.23201903874431
40,aircraft_pl,hiresnet50.a1_in1k,hiresnet50.a1_in1k,-1.0,50.0,91.5392,0.0001,88.9859,-0.28310000000000457,-0.31713136699190597,2.4247,0.28200000000000003,13.160965137443414,2.7248368728459256,0.32455133164843186,13.521363441056035,-7.246913475772949,-0.8427836318701525,13.160002254990887
40,cars_pl,hiresnet50.a1_in1k,hiresnet50.a1_in1k,-1.0,50.0,93.0108,0.0001,91.4948,0.9136999999999915,1.0087093223641481,1.3604,-0.544,-28.565427431211933,1.48689009292969,-0.6154905698123438,-29.275886176083315,-4.0664142335763165,1.6256412520868917,-28.55982792475328
40,cub_pl,hiresnet50.a1_in1k,hiresnet50.a1_in1k,-1.0,50.0,85.1571,5e-06,82.6251,-1.187899999999999,-1.4173218951713924,2.3907,0.5382999999999998,29.059598358885758,2.893423850154449,0.6832963612559029,30.916603892223204,-7.143152282448967,-1.6081311005263368,29.05374790214878
40,aircraft_pl,hiresnet50.fb_ssl_yfcc100m_ft_in1k,hiresnet50.fb_ssl_yfcc100m_ft_in1k,-1.0,50.0,93.2193,0.01,91.2421,0.6620999999999952,0.7309560609405997,1.5077,-0.45019999999999993,-22.994024209612338,1.6523995136607892,-0.5091229480324284,-23.553905039395683,-4.50653003770448,1.3455758750837363,-22.99301986560666
40,cars_pl,hiresnet50.fb_ssl_yfcc100m_ft_in1k,hiresnet50.fb_ssl_yfcc100m_ft_in1k,-1.0,50.0,94.1425,0.03,91.894,2.4920000000000044,2.787409677635852,2.3576,-2.6868000000000003,-53.263024343826814,2.5656059424358864,-3.0768007429018818,-54.529935796673215,-7.047260023847089,8.02958918377655,-53.25774021614789
40,cub_pl,hiresnet50.fb_ssl_yfcc100m_ft_in1k,hiresnet50.fb_ssl_yfcc100m_ft_in1k,-1.0,50.0,85.9165,0.03,81.1466,-0.48639999999998906,-0.595837467690749,5.8732,-0.33420000000000005,-5.383896639494797,7.237815432670745,-0.36622686698960294,-4.816212910940294,-17.54735512908441,0.9988279993641882,-5.385625669963613
40,aircraft_pl,hiresnet50.fb_swsl_ig1b_ft_in1k,hiresnet50.fb_swsl_ig1b_ft_in1k,-1.0,50.0,93.5494,0.01,91.5032,1.2712000000000074,1.408812838017563,1.5578,-1.2206,-43.93175928591995,1.7024897979526248,-1.3766706128298947,-44.70928529767749,-4.656471504180214,3.6479009572838095,-43.927472836890324
40,cars_pl,hiresnet50.fb_swsl_ig1b_ft_in1k,hiresnet50.fb_swsl_ig1b_ft_in1k,-1.0,50.0,94.1425,0.03,91.2984,2.204400000000007,2.4742406896087354,3.2708,-3.4197,-51.11277184066961,3.5825801192509643,-3.9269017081801816,-52.29257888121825,-9.77668380771998,10.219714592000223,-51.10777644909906
40,cub_pl,hiresnet50.fb_swsl_ig1b_ft_in1k,hiresnet50.fb_swsl_ig1b_ft_in1k,-1.0,50.0,85.5195,0.03,81.1961,0.06709999999999638,0.08270778636492053,4.9336,-2.1010999999999997,-29.867656047876952,6.076209314927799,-2.594744073123338,-29.92455335648537,-14.740165590073817,6.2770981986216885,-29.866391085589044
40,aircraft_pl,hiresnet50.gluon_in1k,hiresnet50.gluon_in1k,-1.0,50.0,92.9193,0.03,91.0021,1.0730999999999966,1.193274694481198,1.4869,-0.02299999999999991,-1.5232796873965102,1.6339463281551132,-0.045049291118311796,-2.6831095091127515,-4.444436951200582,0.06848500397587998,-1.5175313168738835
40,cars_pl,hiresnet50.gluon_in1k,hiresnet50.gluon_in1k,-1.0,50.0,93.8316,0.03,92.0495,1.2564999999999884,1.3839172623440004,2.3899,-0.3618000000000001,-13.148235636152203,2.596280395305239,-0.4344583921433349,-14.335065560337632,-7.1436257845923175,1.0811628293977487,-13.14517466818211
40,cub_pl,hiresnet50.gluon_in1k,hiresnet50.gluon_in1k,-1.0,50.0,85.5368,0.03,81.0166,-0.5614000000000061,-0.6881757336536886,4.7759,0.3238000000000003,7.272972305204293,5.894954077551335,0.43745010600695267,8.015571006229823,-14.268721017832403,-0.9669282878284147,7.2691576801326745
40,aircraft_pl,hiresnet50.in1k_mocov3,hiresnet50.in1k_mocov3,-1.0,50.0,93.0093,0.0001,91.4641,0.49800000000000466,0.5474566899097627,1.0791,-0.35360000000000014,-24.680672855447764,1.179827138866904,-0.3951975252235931,-25.09151343682616,-3.2255576128168477,1.0569081459333236,-24.679897177783392
40,cars_pl,hiresnet50.in1k_mocov3,hiresnet50.in1k_mocov3,-1.0,50.0,93.8067,0.0001,92.9001,0.278499999999994,0.3006858011522085,0.5982,-0.0847,-12.402987260213793,0.643935452722899,-0.09339834683887471,-12.667037221728476,-1.788211263559756,0.25320582232892996,-12.403434069363751
40,aircraft_pl,hiresnet50.in1k_spark,hiresnet50.in1k_spark,-1.0,50.0,91.1191,5e-05,87.7108,0.3271000000000015,0.3743261042963407,2.824,0.19559999999999977,7.44178968193577,3.2197302772884093,0.2118803562247935,7.044246281738345,-8.43995238570643,-0.5849156210797615,7.446376619315049
40,cars_pl,hiresnet50.in1k_spark,hiresnet50.in1k_spark,-1.0,50.0,91.904,0.01,87.4717,0.08209999999999695,0.09394710583410035,5.3942,0.7201999999999993,15.408643560119794,6.16677660445671,0.8183728621908983,15.301254385933863,-16.120888927383074,-2.1525222409889935,15.409978054811967
40,cub_pl,hiresnet50.in1k_spark,hiresnet50.in1k_spark,-1.0,50.0,77.6148,5e-05,71.0373,-0.20539999999999736,-0.2883102409088894,6.9029,-0.6817000000000002,-8.987949265617173,9.71727881688335,-0.9288901739557822,-8.725112054440222,-20.611495981237866,2.0358842603606035,-8.98949122875198
40,aircraft_pl,hiresnet50.in1k_supcon,hiresnet50.in1k_supcon,-1.0,50.0,93.3393,0.01,91.1281,-0.1799999999999926,-0.19713475584312085,1.9555,-0.1725000000000001,-8.106203007518802,2.145831666554176,-0.18477842369946407,-7.928328486699148,-5.844908564121925,0.5158941087982427,-8.110518991487625
40,cars_pl,hiresnet50.in1k_supcon,hiresnet50.in1k_supcon,-1.0,50.0,94.1798,0.03,91.5869,0.2886000000000024,0.31610665258827647,3.0641,-1.0475000000000003,-25.476700068100016,3.3455326199584565,-1.1578983767621063,-25.7114714893,-9.158750508147252,3.1308870600102274,-25.475829068567275
40,cub_pl,hiresnet50.in1k_supcon,hiresnet50.in1k_supcon,-1.0,50.0,85.554,0.01,81.0131,-0.012100000000003774,-0.014933625588093302,5.585,-0.6474000000000002,-10.387651626981583,6.893998010599459,-0.79798340496062,-10.374224297349217,-16.68618866326766,1.934223807932316,-10.387652856369117
40,aircraft_pl,hiresnet50.in1k_swav,hiresnet50.in1k_swav,-1.0,50.0,92.7693,0.0001,90.9181,0.1529999999999916,0.16856699326061622,1.5389,-0.03839999999999999,-2.434540036771698,1.6925847303320352,-0.04520337216750203,-2.601201613849469,-4.599670262494453,0.1148656195366824,-2.4364141542432276
40,cars_pl,hiresnet50.in1k_swav,hiresnet50.in1k_swav,-1.0,50.0,93.9684,0.0001,92.8019,0.2686000000000064,0.2902738797816639,0.6774,0.011800000000000033,1.7728365384615434,0.7299021269918218,0.010601891575235611,1.4739174343652863,-2.024789666755276,-0.035206582263445974,1.769545717284698
40,aircraft_pl,hiresnet50.in21k_miil,hiresnet50.in21k_miil,-1.0,50.0,92.5293,0.0001,91.1521,0.35999999999999943,0.39651026906525944,1.261,-0.2835000000000001,-18.35545483975397,1.3833706811301436,-0.31771774792130514,-18.677321090148684,-3.769080988103192,0.8472688297316981,-18.35365306282345
40,cub_pl,hiresnet50.in21k_miil,hiresnet50.in21k_miil,-1.0,50.0,88.7642,0.01,86.2634,0.02420000000000755,0.028061484800424343,2.6493,-0.2666999999999997,-9.146090534979415,3.071211719324476,-0.3101045575224739,-9.171119532528435,-7.917280069579457,0.7969691163096257,-9.14558557265211
40,aircraft_pl,hiresnet50.tv2_in1k,hiresnet50.tv2_in1k,-1.0,50.0,92.8293,0.03,91.5361,0.8061000000000007,0.8884602667254499,0.9127,-0.27949999999999997,-23.444053011239724,0.9971297430110116,-0.31690619991316316,-24.117011533789523,-2.728231234341412,0.8353028392746569,-23.440293316096728
40,cars_pl,hiresnet50.tv2_in1k,hiresnet50.tv2_in1k,-1.0,50.0,94.1674,0.03,92.7907,1.3706999999999994,1.4993436884707934,0.8145,-0.5315000000000001,-39.48736998514116,0.8777828614405323,-0.5945497121929202,-40.38148193146866,-2.434725019552553,1.588570971158218,-39.484317704340086
40,cub_pl,hiresnet50.tv2_in1k,hiresnet50.tv2_in1k,-1.0,50.0,86.8657,0.03,83.7142,0.3632000000000062,0.4357476215042485,2.132,-1.2620999999999998,-37.18511534722017,2.546734704461033,-1.5253074229333854,-37.45804623856839,-6.370467640820733,3.7710754387188885,-37.184434450877255
40,aircraft_pl,hiresnet50.tv_in1k,hiresnet50.tv_in1k,-1.0,50.0,92.9793,0.01,91.4581,0.6411000000000087,0.7059251021284657,1.2113,-0.12219999999999986,-9.163854518185218,1.324467474660369,-0.14381534851857936,-9.794798811798925,-3.6207548796011886,0.3649135267462986,-9.155641903504703
40,cars_pl,hiresnet50.tv_in1k,hiresnet50.tv_in1k,-1.0,50.0,93.9062,0.01,92.098,0.6080000000000041,0.6645535031150991,2.5586,-0.2974999999999999,-10.416301950211823,2.77807826862682,-0.34372694042105856,-11.010518511047396,-7.647881955410038,0.8893187497731949,-10.416983042617922
40,cub_pl,hiresnet50.tv_in1k,hiresnet50.tv_in1k,-1.0,50.0,86.5205,0.01,82.6752,0.4662000000000006,0.5670911943947751,3.5027,-1.3845999999999998,-28.330571071962023,4.236676947526,-1.7082508003349934,-28.734593131928783,-10.465674107681616,4.136673571556903,-28.32882535346276
40,aircraft_pl,hivit_base_patch16_224.dino,hivit_base_patch16_224.dino,-1.0,50.0,88.2688,0.003,61.6995,5.2669,9.333080524377753,33.858,-1.6439000000000021,-4.630456398108277,54.87558618397653,-8.034627168714202,-12.77157831856336,-101.02511273904598,4.851467801094799,-4.582191620039591
40,cars_pl,hivit_base_patch16_224.dino,hivit_base_patch16_224.dino,-1.0,50.0,89.1929,0.003,64.6468,11.846199999999996,22.435729897008738,33.0617,-6.388999999999996,-16.194896415019244,51.14206880017018,-23.574227074039854,-31.551653890509602,-98.67373128959932,18.931152969288064,-16.097250627460603
40,cub_pl,hivit_base_patch16_224.dino,hivit_base_patch16_224.dino,-1.0,50.0,85.0362,0.003,59.4805,-4.760700000000007,-7.410664807008597,31.1245,3.819300000000002,13.987445614754705,52.32724124223957,9.823023219049851,23.110702127705405,-92.8502417688485,-11.359561066613324,13.93970570465703
40,aircraft_pl,hivit_base_patch16_224.in1k_mocov3,hivit_base_patch16_224.in1k_mocov3,-1.0,50.0,90.219,0.01,80.318,0.012000000000000455,0.014942843623142051,18.1045,3.3271000000000015,22.514786092276054,22.54100044361587,4.139624465622706,22.49627674894217,-54.0880457290743,-9.939815948954283,22.514642146377042
40,cars_pl,hivit_base_patch16_224.in1k_mocov3,hivit_base_patch16_224.in1k_mocov3,-1.0,50.0,92.4636,0.01,85.6582,10.72099999999999,14.30664609833299,14.3622,-18.0976,-55.753886345572056,16.766842278915203,-26.549131968513965,-61.29178075704871,-42.91886304503152,54.027324968519956,-55.72918964175035
40,cub_pl,hivit_base_patch16_224.in1k_mocov3,hivit_base_patch16_224.in1k_mocov3,-1.0,50.0,87.7287,0.01,77.7546,-0.8093999999999966,-1.0302428593248774,15.5034,1.2579999999999991,8.830920858663141,19.93883086414364,1.8066727329936114,9.96391449890264,-46.31066231403582,-3.7559159942874345,8.826080094723597
40,aircraft_pl,hivit_base_patch16_224.mae,hivit_base_patch16_224.mae,-1.0,50.0,89.799,0.01,76.1139,24.7359,48.14492584374635,25.8834,-8.710999999999999,-25.180376014615078,34.00618336874872,-33.32697290684807,-49.49563446935368,-77.31020987099309,25.79974566007931,-25.021585478527825
40,cars_pl,hivit_base_patch16_224.mae,hivit_base_patch16_224.mae,-1.0,50.0,91.7299,0.01,77.5401,8.815100000000001,12.826627864678068,27.8313,-6.047600000000003,-17.85063859806547,35.89283414443061,-13.40343241034003,-27.18954871653037,-83.13509012383258,18.008524779918076,-17.80490523010788
40,cub_pl,hivit_base_patch16_224.mae,hivit_base_patch16_224.mae,-1.0,50.0,85.019,0.03,71.7792,15.047200000000004,26.523302545300716,18.4369,-9.657599999999999,-34.37541155742227,25.68559534094796,-23.83579550610006,-48.13232241339788,-55.05390572322991,28.734306734341466,-34.2939727338042
40,aircraft_pl,hivit_base_patch16_224.orig_in21k,hivit_base_patch16_224.orig_in21k,-1.0,50.0,88.7489,0.01,79.2709,3.235900000000001,4.255803248503979,14.5982,-4.408499999999998,-23.19445248254562,18.415538291275325,-6.58183034139827,-26.330092731421665,-43.61035002108742,13.15992401214595,-23.181011957846316
40,cars_pl,hivit_base_patch16_224.orig_in21k,hivit_base_patch16_224.orig_in21k,-1.0,50.0,91.5931,0.03,78.673,6.686999999999998,9.289306253993828,23.9791,-7.912300000000002,-24.810136902111548,30.479425662429183,-13.822767087347767,-31.201090125312955,-71.63247797289524,23.598629518170313,-24.78037916379824
40,cub_pl,hivit_base_patch16_224.orig_in21k,hivit_base_patch16_224.orig_in21k,-1.0,50.0,90.8181,0.03,84.5185,4.867500000000007,6.111034387515545,8.893,-8.332799999999999,-48.37395070185419,10.521941487575493,-11.104702394635176,-51.34732164230771,-26.57373141171223,24.887516505324527,-48.36166535535037
40,aircraft_pl,hivit_base_patch16_224_miil.in21k,hivit_base_patch16_224_miil.in21k,-1.0,50.0,90.129,0.01,77.1827,1.4617999999999967,1.9305105987910822,21.0082,3.7958,22.052706188561736,27.21874775238684,4.4874270531507,19.74116292020593,-62.75230578692055,-11.342530948418108,22.06298507248727
40,cars_pl,hivit_base_patch16_224_miil.in21k,hivit_base_patch16_224_miil.in21k,-1.0,50.0,92.5134,0.03,84.5003,14.277299999999997,20.33137291200888,9.4872,-18.9966,-66.69264634634425,11.227399324286488,-29.334464971538495,-72.32030746318009,-28.34928059795085,56.69637465246244,-66.66580965896775
40,cub_pl,hivit_base_patch16_224_miil.in21k,hivit_base_patch16_224_miil.in21k,-1.0,50.0,89.9551,0.01,83.3199,7.3519000000000005,9.677627422072451,8.8889,-12.603100000000001,-58.640889633351954,10.66842956991084,-17.62239633863293,-62.29014449985006,-26.560093808104508,37.632921811417646,-58.62463610445005
40,aircraft_pl,hivit_base_patch16_clip_224.laion2b,hivit_base_patch16_clip_224.laion2b,-1.0,50.0,88.8989,5e-06,67.4468,9.829299999999996,17.059573914175374,25.2658,-4.168600000000001,-14.162340662626047,37.46033497309335,-13.625530620236432,-26.671820986068404,-75.42273208566358,12.36960508311347,-14.089618162611877
40,cars_pl,hivit_base_patch16_clip_224.laion2b,hivit_base_patch16_clip_224.laion2b,-1.0,50.0,91.22,1e-05,71.6524,18.2924,34.28110944527736,26.6723,-11.9998,-31.029605322700345,37.22458649842117,-35.249330869504526,-48.63726448034475,-79.6446989369942,35.64680881190199,-30.918850406172503
40,cub_pl,hivit_base_patch16_clip_224.laion2b,hivit_base_patch16_clip_224.laion2b,-1.0,50.0,79.7031,5e-06,58.4096,14.991599999999998,34.5285365516606,26.2283,-5.793299999999999,-18.091850500911878,44.90404504756136,-28.847838147240303,-39.114713953871785,-78.23571148175802,17.091547622850925,-17.9293391873307
40,aircraft_pl,hivit_base_patch16_siglip_224.v2_webli,hivit_base_patch16_siglip_224.v2_webli,-1.0,50.0,93.0693,0.003,86.9744,6.971400000000003,8.713923227878958,5.4468,-17.906100000000002,-76.67613015942345,6.2625727295981,-22.92743733458657,-78.54549307853065,-16.277882125058465,53.48889092175621,-76.66814528724765
40,cars_pl,hivit_base_patch16_siglip_224.v2_webli,hivit_base_patch16_siglip_224.v2_webli,-1.0,50.0,95.1499,0.003,87.2226,20.742999999999995,31.20205296060745,10.0651,-22.7228,-69.30239509087193,11.539505776480985,-37.78066173650026,-76.60286580850774,-30.07978572943084,67.7905813363818,-69.26568620182677
40,cub_pl,hivit_base_patch16_siglip_224.v2_webli,hivit_base_patch16_siglip_224.v2_webli,-1.0,50.0,87.3317,0.01,73.246,6.632999999999996,9.957515800219168,21.6461,-5.6051,-20.568268553311412,29.552629526078167,-11.357133818508057,-27.761426344234764,-64.642852937225,16.70168412634122,-20.53202922931356
40,aircraft_pl,hideit3_base_patch16_224.fb_in1k,hideit3_base_patch16_224.fb_in1k,-1.0,70.0,92.0192,0.01,86.1086,8.294600000000003,10.659521422880205,7.1842,-16.4565,-69.61088292647848,8.34314456448937,-22.037852316876602,-72.53827911879154,-21.46906627677697,49.149130494207725,-69.59839353247536
40,cars_pl,hideit3_base_patch16_224.fb_in1k,hideit3_base_patch16_224.fb_in1k,-1.0,70.0,93.2098,0.03,69.214,-8.826000000000008,-11.309584828293193,39.9918,11.993499999999997,42.836529360711175,57.779863564434365,21.90305341001018,61.050726961881765,-119.39750900171612,-35.76148916972248,42.75847803561127
40,aircraft_pl,hideit3_base_patch16_224.fb_in22k_ft_in1k,hideit3_base_patch16_224.fb_in22k_ft_in1k,-1.0,70.0,92.4992,0.01,74.8755,-1.3264999999999958,-1.740767958846219,30.9507,8.845300000000002,40.01420467397108,41.33616884915119,12.327265200155022,42.49476419141265,-92.4386028297458,-26.41259759041158,40.00332519689769
40,cars_pl,hideit3_base_patch16_224.fb_in22k_ft_in1k,hideit3_base_patch16_224.fb_in22k_ft_in1k,-1.0,70.0,93.3466,0.03,69.4332,-4.157799999999995,-5.649875664143706,39.8674,8.905000000000005,28.760690385758227,57.418280756373065,15.344608941775618,36.470810081405375,-119.0279309304042,-26.561360173308955,28.725365238302427
40,cub_pl,hideit3_base_patch16_224.fb_in22k_ft_in1k,hideit3_base_patch16_224.fb_in22k_ft_in1k,-1.0,70.0,90.6455,0.01,84.1714,7.335400000000007,9.546827008173262,8.0101,-13.027,-61.92393438259075,9.516361680437234,-17.86287896499433,-65.24241923405896,-23.934994605417145,38.90255301509991,-61.90972513764662
40,aircraft_pl,hideit_base_patch16_224.fb_in1k,hideit_base_patch16_224.fb_in1k,-1.0,70.0,91.3291,0.01,86.8487,8.170699999999997,10.384986908665697,4.2416,-16.3228,-79.37406391628252,4.883922540656082,-21.253441456377594,-81.31440285558116,-12.676030481293775,48.75566161549435,-79.36564979958199
40,cars_pl,hideit_base_patch16_224.fb_in1k,hideit_base_patch16_224.fb_in1k,-1.0,70.0,92.9984,0.01,83.1516,2.721599999999995,3.383812010443858,23.067,-0.9660000000000011,-4.019473224316569,27.740863724554053,-2.139822660113129,-7.161223248242203,-68.92352597902247,2.8767753346943152,-4.006634069855545
40,cub_pl,hideit_base_patch16_224.fb_in1k,hideit_base_patch16_224.fb_in1k,-1.0,70.0,88.4191,0.03,78.7332,0.06519999999999015,0.0828799511872555,14.258,0.859,6.4109261885215325,18.10927394204061,1.0769652805345409,6.323072825520948,-42.592929009019386,-2.5663223621336613,6.411541165039866
40,aircraft_pl,hiresnet50.a1_in1k,hiresnet50.a1_in1k,-1.0,70.0,91.7492,0.0005,89.0429,-0.2261000000000024,-0.25327941390628594,2.6435,0.5007999999999999,23.37238064124702,2.9688448746192435,0.5685593334217498,23.687154034936093,-7.900950051147747,-1.4968202072449506,23.3727335911222
40,cars_pl,hiresnet50.a1_in1k,hiresnet50.a1_in1k,-1.0,70.0,92.9984,0.0001,91.6249,1.0437999999999903,1.1523375185331048,1.3514,-0.5530000000000002,-29.03801722327243,1.4749604072541798,-0.6274202554878541,-29.843323172005398,-4.039542407179225,1.6525130784839828,-29.031921467494985
40,cub_pl,hiresnet50.a1_in1k,hiresnet50.a1_in1k,-1.0,70.0,84.9845,5e-05,83.1049,-0.7081000000000017,-0.8448570030902147,2.0548,0.20240000000000014,10.926365795724472,2.4724827708206614,0.2623552819221153,11.870594942596025,-6.1395411418943375,-0.6045199599717073,10.92172803143136
40,aircraft_pl,hiresnet50.fb_ssl_yfcc100m_ft_in1k,hiresnet50.fb_ssl_yfcc100m_ft_in1k,-1.0,70.0,93.3993,0.01,91.2871,0.707099999999997,0.7806359019651103,1.4288,-0.5290999999999999,-27.02385208641912,1.5651481742262294,-0.5963742874669882,-27.590473753384984,-4.270684594208859,1.5814213185793573,-27.023115134050855
40,cars_pl,hiresnet50.fb_ssl_yfcc100m_ft_in1k,hiresnet50.fb_ssl_yfcc100m_ft_in1k,-1.0,70.0,94.1301,0.03,91.7249,2.322900000000004,2.5982640209391334,2.6042,-2.4402000000000004,-48.37443501704861,2.8390913491232856,-2.8033153362144825,-49.68297204629215,-7.784071040912126,7.292778166711512,-48.37070442426329
40,cub_pl,hiresnet50.fb_ssl_yfcc100m_ft_in1k,hiresnet50.fb_ssl_yfcc100m_ft_in1k,-1.0,70.0,85.951,0.03,81.4066,-0.22639999999999816,-0.2773388213100072,5.4221,-0.7852999999999994,-12.651029416502874,6.66054629571085,-0.9434960039494982,-12.407821613402145,-16.19977137566311,2.3464117527854853,-12.65172319573534
40,aircraft_pl,hiresnet50.fb_swsl_ig1b_ft_in1k,hiresnet50.fb_swsl_ig1b_ft_in1k,-1.0,70.0,93.3393,0.03,91.2571,1.0250999999999948,1.1360714602358308,1.7513,-1.0271,-36.967319320472214,1.919087082086704,-1.1600733286958154,-37.674988436247176,-5.234719357666094,3.069653103797929,-36.96429944637579
40,cars_pl,hiresnet50.fb_swsl_ig1b_ft_in1k,hiresnet50.fb_swsl_ig1b_ft_in1k,-1.0,70.0,94.2669,0.03,90.9899,1.8959000000000117,2.127977192628024,3.8153,-2.8752,-42.97436663926462,4.193128772350375,-3.3163530550807705,-44.162208941854956,-11.404043516590894,8.592354883129309,-42.96951236603456
40,cub_pl,hiresnet50.fb_swsl_ig1b_ft_in1k,hiresnet50.fb_swsl_ig1b_ft_in1k,-1.0,70.0,85.6748,0.03,80.5316,-0.5974000000000075,-0.736358145669252,6.3895,-0.6452,-9.171677541330832,7.934160192707557,-0.73679319534358,-8.49725701857544,-19.08917208682824,1.9280917018672667,-9.173847372579127
40,aircraft_pl,hiresnet50.gluon_in1k,hiresnet50.gluon_in1k,-1.0,70.0,92.9193,0.03,91.0441,1.1150999999999982,1.2399782050284094,1.3422,-0.16769999999999996,-11.106695807669379,1.474270381542903,-0.20472523773052198,-12.193315776435174,-4.011965897511478,0.5009560576649843,-11.100481298826187
40,cars_pl,hiresnet50.gluon_in1k,hiresnet50.gluon_in1k,-1.0,70.0,94.2171,0.03,92.1764,1.3833999999999946,1.523685746698528,2.0826,-0.6691000000000003,-24.31587745757169,2.259354834003815,-0.7713839534447589,-25.452010468185154,-6.225179588066239,1.999609025923827,-24.311980766564197
40,cub_pl,hiresnet50.gluon_in1k,hiresnet50.gluon_in1k,-1.0,70.0,85.3469,0.03,81.4601,-0.11790000000000589,-0.14452425899140195,4.0122,-0.43989999999999974,-9.88073044181397,4.925371801466425,-0.5321321700779578,-9.750467848535036,-11.98739057697055,1.3144021530334378,-9.88139102535124
40,aircraft_pl,hiresnet50.in1k_mocov3,hiresnet50.in1k_mocov3,-1.0,70.0,92.5893,0.0001,91.3321,0.36599999999999966,0.4023476877650022,1.0779,-0.3548,-24.764430795002443,1.1802290409533434,-0.39479562313715366,-25.06599624362896,-3.221982321465536,1.0604834372846352,-24.76338392473534
40,cars_pl,hiresnet50.in1k_mocov3,hiresnet50.in1k_mocov3,-1.0,70.0,93.6575,0.0001,92.8914,0.2698000000000036,0.2912927438092233,0.5636,-0.11929999999999996,-17.469614877727334,0.6067000813011545,-0.1306337182606192,-17.71703919422383,-1.6846501431824037,0.3567669427062823,-17.47643561780868
40,aircraft_pl,hiresnet50.in1k_spark,hiresnet50.in1k_spark,-1.0,70.0,90.9691,5e-05,87.2187,-0.16500000000000625,-0.18882240051635057,2.8001,0.17169999999999996,6.532491249429309,3.210441028744145,0.20259110768052935,6.7354127698263095,-8.368211341456677,-0.513174576830008,6.53306397165409
40,cars_pl,hiresnet50.in1k_spark,hiresnet50.in1k_spark,-1.0,70.0,92.5258,5e-05,87.999,0.6093999999999937,0.6973369828904054,4.4279,-0.2461000000000002,-5.265297389816007,5.031755895267727,-0.3166478469980847,-5.920417796730117,-13.233367051877265,0.7349996345168162,-5.2618867403641705
40,cub_pl,hiresnet50.in1k_spark,hiresnet50.in1k_spark,-1.0,70.0,78.1843,0.01,71.6931,0.4504000000000019,0.6322051241741286,6.664,-0.9206000000000003,-12.137752814914435,9.29517985572944,-1.3509891351096925,-12.689908795099893,-19.89906712310242,2.74831311849605,-12.135236346003397
40,aircraft_pl,hiresnet50.in1k_supcon,hiresnet50.in1k_supcon,-1.0,70.0,93.4893,0.01,91.4611,0.1530000000000058,0.16756454246666594,1.6124,-0.5156000000000001,-24.229323308270676,1.7629016889619722,-0.567708401291668,-24.35878930009628,-4.819480928522003,1.5413217443981653,-24.231560443779074
40,cars_pl,hiresnet50.in1k_supcon,hiresnet50.in1k_supcon,-1.0,70.0,94.2544,0.01,91.9811,0.6828000000000003,0.747878109450012,2.7568,-1.3548,-32.95067613581087,2.997093069529849,-1.5063379271907138,-33.44867342893989,-8.24030658943666,4.049330978720819,-32.94914887655157
40,cub_pl,hiresnet50.in1k_supcon,hiresnet50.in1k_supcon,-1.0,70.0,85.5368,0.01,81.1305,0.10529999999999973,0.12995956813435786,5.1265,-1.1059,-17.744368140684166,6.318781910460871,-1.3731995050992083,-17.85235079119365,-15.316186463225616,3.3042260079743606,-17.74518160156214
40,aircraft_pl,hiresnet50.in1k_swav,hiresnet50.in1k_swav,-1.0,70.0,93.0693,0.0001,91.1971,0.43200000000000216,0.47595386332412143,1.4473,-0.1299999999999999,-8.241932416154182,1.5869763354399051,-0.15081176705963206,-8.678374932059487,-4.325960375653799,0.38857550637733684,-8.242073368416683
40,cars_pl,hiresnet50.in1k_swav,hiresnet50.in1k_swav,-1.0,70.0,93.9435,0.0001,92.8168,0.28350000000000364,0.30637619105770963,0.6629,-0.0026999999999999247,-0.40564903846152717,0.714224298880898,-0.005075936535688164,-0.70567702966876,-1.9816183884095369,0.007964696082293221,-0.40031985315795576
40,aircraft_pl,hiresnet50.in21k_miil,hiresnet50.in21k_miil,-1.0,70.0,92.6793,0.0001,91.1011,0.3089999999999975,0.3403379809476788,1.2725,-0.272,-17.61087730657171,1.3967539984709434,-0.30433443058050536,-17.890570847642916,-3.803407230718329,0.8129425871165612,-17.61007330891225
40,cub_pl,hiresnet50.in21k_miil,hiresnet50.in21k_miil,-1.0,70.0,,,,,,,,,,,,,,
40,aircraft_pl,hiresnet50.tv2_in1k,hiresnet50.tv2_in1k,-1.0,70.0,93.0093,0.03,91.5722,0.8421999999999912,0.9282486498401754,1.0486,-0.14359999999999995,-12.044958899513501,1.1450903206619,-0.16894562226227472,-12.857001604256997,-3.134300918536465,0.4292331550796038,-12.045153665222085
40,cars_pl,hiresnet50.tv2_in1k,hiresnet50.tv2_in1k,-1.0,70.0,94.0306,0.01,92.9163,1.496300000000005,1.6367315685845603,0.8059,-0.5401000000000001,-40.12630014858841,0.8672987589507656,-0.6050338146826869,-41.093556273741335,-2.408912762699403,1.6143832280113681,-40.12588762394697
40,cub_pl,hiresnet50.tv2_in1k,hiresnet50.tv2_in1k,-1.0,70.0,86.7794,0.03,83.7642,0.41320000000000334,0.4957349042003136,2.214,-1.1801,-34.769158245190184,2.643155502583392,-1.4288866248110264,-35.09017294291426,-6.615625801245642,3.5259172782939796,-34.76706898191315
40,aircraft_pl,hiresnet50.tv_in1k,hiresnet50.tv_in1k,-1.0,70.0,93.1293,0.01,91.6112,0.7942000000000036,0.8745058744508227,1.0421,-0.2913999999999999,-21.852268466441686,1.1375671501901357,-0.33071567298881277,-22.5239761555466,-3.11504005597262,0.8706283503748673,-21.84397349735176
40,cars_pl,hiresnet50.tv_in1k,hiresnet50.tv_in1k,-1.0,70.0,94.155,0.01,92.3082,0.8182000000000045,0.8943053885670614,2.3174,-0.5387,-18.861384405307938,2.510530091287519,-0.6112751177603597,-19.58082189076726,-6.927168605946667,1.610032099236566,-18.859016612542085
40,cub_pl,hiresnet50.tv_in1k,hiresnet50.tv_in1k,-1.0,70.0,86.3997,0.01,82.5751,0.366100000000003,0.4453283703730771,3.6976,-1.1896999999999998,-24.342684099605094,4.477839649183067,-1.4670880986779267,-24.677980303558613,-11.04796062126208,3.55438705797644,-24.341202771318983
40,aircraft_pl,hivit_base_patch16_224.dino,hivit_base_patch16_224.dino,-1.0,70.0,88.2688,0.003,64.9398,8.507200000000005,15.074974394233129,33.5041,-1.997799999999998,-5.627304454127802,51.59249576843734,-11.317717584253394,-17.990270547650788,-99.9963001384078,5.880280401732975,-5.55390093988122
40,cars_pl,hivit_base_patch16_224.dino,hivit_base_patch16_224.dino,-1.0,70.0,88.4467,0.003,56.4731,3.6724999999999994,6.9554133854539515,37.3276,-2.123100000000001,-5.38165355747807,66.09811401965538,-8.61818185455465,-11.534541098054358,-111.32193687969612,6.282947379191256,-5.342420443491449
40,cub_pl,hivit_base_patch16_224.dino,hivit_base_patch16_224.dino,-1.0,70.0,85.0017,0.01,60.5454,-3.6958000000000055,-5.753005859168268,30.8776,3.572400000000002,13.08322224338222,50.99903485299492,8.494816829805195,19.98582076059025,-92.1227185951256,-10.632037892890423,13.046937148236143
40,aircraft_pl,hivit_base_patch16_224.in1k_mocov3,hivit_base_patch16_224.in1k_mocov3,-1.0,70.0,89.979,0.01,81.2661,0.9600999999999971,1.1955520135481745,14.8813,0.10389999999999944,0.703100680769279,18.3118261802148,-0.08954979777836414,-0.4866472914061416,-44.46082463870789,-0.3125948585878717,0.7080575147514373
40,cars_pl,hivit_base_patch16_224.in1k_mocov3,hivit_base_patch16_224.in1k_mocov3,-1.0,70.0,92.5134,0.01,82.136,7.198799999999991,9.606443795604841,24.6783,-7.781500000000001,-23.97272934522086,30.04571514923161,-13.270259098197556,-30.635947427605547,-73.73458863342634,23.211599380125136,-23.942766451921283
40,cub_pl,hivit_base_patch16_224.in1k_mocov3,hivit_base_patch16_224.in1k_mocov3,-1.0,70.0,87.8322,0.01,78.3466,-0.21739999999999782,-0.27671707143220536,14.0721,-0.17329999999999934,-1.216533056284831,17.961356992956233,-0.17080113819379505,-0.9419790901799401,-42.03670781837949,0.518038501368892,-1.217345998202992
40,aircraft_pl,hivit_base_patch16_224.mae,hivit_base_patch16_224.mae,-1.0,70.0,90.099,0.01,75.7651,24.387100000000004,47.4660360465569,28.5871,-6.007300000000001,-17.364949240339477,37.73124804920548,-29.60190822639131,-43.96334564390497,-85.38399851903962,17.72595701203278,-17.19131476755513
40,cars_pl,hivit_base_patch16_224.mae,hivit_base_patch16_224.mae,-1.0,70.0,91.4936,0.01,69.5809,0.8559000000000054,1.2453983266642497,36.3755,2.496600000000001,7.36918849195222,52.27792701997521,2.9816604652045697,6.048450873844157,-108.60359452130172,-7.459979617551056,7.375630804426016
40,cub_pl,hivit_base_patch16_224.mae,hivit_base_patch16_224.mae,-1.0,70.0,85.7784,0.03,72.3737,15.6417,27.57121201438342,17.8125,-10.282,-36.59791062307569,24.611841269827607,-24.90954957722041,-50.300585567469525,-53.19139028655248,30.596822171018893,-36.5168575311384
40,aircraft_pl,hivit_base_patch16_224.orig_in21k,hivit_base_patch16_224.orig_in21k,-1.0,70.0,89.1389,0.01,78.7879,2.752899999999997,3.620569474584069,15.2592,-3.7474999999999987,-19.716731468376935,19.367393840110115,-5.62997479256348,-22.52226974484284,-45.583808925437104,11.186465107796266,-19.70479321845038
40,cars_pl,hivit_base_patch16_224.orig_in21k,hivit_base_patch16_224.orig_in21k,-1.0,70.0,91.8542,0.03,86.1722,14.1862,19.706887450337565,6.7668,-25.1246,-78.78174053193024,7.85262179691022,-36.44957095286673,-82.27486878299098,-20.2218151324245,75.00929235864106,-78.76553610980353
40,cub_pl,hivit_base_patch16_224.orig_in21k,hivit_base_patch16_224.orig_in21k,-1.0,70.0,90.7318,0.03,81.0338,1.3828000000000031,1.7360736211723684,13.5958,-3.629999999999999,-21.073041600390106,16.777958686339087,-4.848685195871582,-22.419961332326476,-40.61968797121136,10.841559945825395,-21.067425265908074
40,aircraft_pl,hivit_base_patch16_224_miil.in21k,hivit_base_patch16_224_miil.in21k,-1.0,70.0,89.889,0.01,76.1446,0.42369999999999663,0.5595548917141723,24.3924,7.18,41.714113081266994,32.034256010117005,9.302935310880866,40.9256260732509,-72.85674496609109,-21.446970127588642,41.71768928177898
40,cars_pl,hivit_base_patch16_224_miil.in21k,hivit_base_patch16_224_miil.in21k,-1.0,70.0,92.0781,0.03,75.2668,5.0438000000000045,7.18254702875127,27.4125,-1.0712999999999973,-3.7610852484570083,36.420426226372086,-4.141438069452896,-10.210176828285412,-81.87322013407788,3.172435116335407,-3.730273001006704
40,cub_pl,hivit_base_patch16_224_miil.in21k,hivit_base_patch16_224_miil.in21k,-1.0,70.0,90.1277,0.03,80.0621,4.094099999999997,5.38924283909014,14.3837,-7.108300000000002,-33.07416713195608,17.96564469371539,-10.32518121482838,-36.49657047202075,-42.97138237281781,21.22163324670435,-33.059100031204174
40,aircraft_pl,hivit_base_patch16_clip_224.laion2b,hivit_base_patch16_clip_224.laion2b,-1.0,70.0,87.9688,5e-06,74.6818,17.064299999999996,29.616522757842663,15.5131,-13.9213,-47.29602098225206,20.77228089685005,-30.313584696479737,-59.33849675327365,-46.33159030828448,41.46074686049257,-47.22592904752728
40,cars_pl,hivit_base_patch16_clip_224.laion2b,hivit_base_patch16_clip_224.laion2b,-1.0,70.0,91.2697,5e-06,71.4357,18.075699999999998,33.87499999999999,26.8417,-11.830400000000001,-30.5915634268633,37.57458217493976,-34.89933519298593,-48.15433808526418,-80.14921936769622,35.142288381199975,-30.481246249064192
40,cub_pl,hivit_base_patch16_clip_224.laion2b,hivit_base_patch16_clip_224.laion2b,-1.0,70.0,79.1508,1e-05,54.9802,11.562200000000004,26.629969137224204,29.6528,-2.3688000000000002,-7.3975066829889835,53.93349098605248,-19.81839220874918,-26.871710050308334,-88.41894265697134,6.908316447637603,-7.246947528467852
40,aircraft_pl,hivit_base_patch16_siglip_224.v2_webli,hivit_base_patch16_siglip_224.v2_webli,-1.0,70.0,93.6694,0.003,68.4468,-11.556200000000004,-14.444708323437876,27.5933,4.2403999999999975,18.15791614745919,40.31344630622761,11.123436242042942,38.1069969403371,-82.37671118719248,-12.609938140377807,18.07441793519148
40,cars_pl,hivit_base_patch16_siglip_224.v2_webli,hivit_base_patch16_siglip_224.v2_webli,-1.0,70.0,92.6004,0.003,70.0472,3.5675999999999988,5.366458281939119,30.0415,-2.7464000000000013,-8.376260754729644,42.8875307103384,-6.43263680264284,-13.042609396956623,-89.69573225938917,8.17463480642347,-8.352512667012334
40,cub_pl,hivit_base_patch16_siglip_224.v2_webli,hivit_base_patch16_siglip_224.v2_webli,-1.0,70.0,87.4353,0.01,67.171,0.5580000000000069,0.8376743278339167,25.8736,-1.377600000000001,-5.055190230155006,38.51901573263527,-2.3907476119509568,-5.843953659212099,-77.23565969532278,4.108877368243441,-5.05120259647256
