serial,dataset_name,method,acc,acc_std,acc_max,acc_min,acc_z_score,acc_std_z_score,acc_max_z_score,acc_min_z_score
23,aircraft,hivit_base_patch16_224.orig_in21k,84.0,5.25,89.2889,73.3573,-0.18470141837725806,-0.25448229020877094,-1.1804754936942448,0.126132623992949
23,aircraft,hideit_base_patch16_224.fb_in1k,87.08,4.29,91.6292,77.5278,0.19251638208504238,-0.36089927777584874,-0.04236453581146353,0.29065160024484443
23,aircraft,hivit_base_patch16_224_miil.in21k,83.89,6.66,90.5791,69.0069,-0.198173482679483,-0.09818233971962541,-0.5530385164433097,-0.04548309457466739
23,aircraft,hideit3_base_patch16_224.fb_in22k_ft_in1k,86.07,10.17,92.9793,60.006,0.06881833712824835,0.29090477107250284,0.6142024018621427,-0.4005529551059429
23,aircraft,hideit3_base_patch16_224.fb_in1k,86.73,6.75,92.3792,70.117,0.1496507229415998,-0.08820574713521187,0.3223678567929403,-0.0016915790400242067
23,aircraft,hivit_base_patch16_224.in1k_mocov3,82.58,12.31,89.979,49.2049,-0.3586135211877995,0.5281259725241139,-0.8448730615125122,-0.8266375767087113
23,aircraft,hivit_base_patch16_224.dino,67.79,28.59,87.0687,9.631,-2.169993803277872,2.3327807200158084,-2.2601806377746367,-2.387759148293624
23,aircraft,hivit_base_patch16_clip_224.laion2b,63.95,27.21,87.7888,16.3516,-2.640291320737364,2.179806300388134,-1.9099889098887346,-2.122643159371795
23,aircraft,hivit_base_patch16_siglip_224.v2_webli,77.57,21.56,94.0894,39.844,-0.9722048134982307,1.5534979881443947,1.1540549739023422,-1.1959088115238095
23,aircraft,hivit_base_patch16_224.mae,74.51,19.6,88.6889,37.0237,-1.3469731477237616,1.336229971861611,-1.472261407777765,-1.30716474455899
23,aircraft,hiresnet50.tv_in1k,91.71,1.19,93.1893,89.589,0.7595678158968768,-0.7045374667945375,0.7163274717913797,0.7664449766671821
23,aircraft,hiresnet50.tv2_in1k,91.73,1.02,92.8293,89.799,0.7620172821336463,-0.7233821416762076,0.5412559233412662,0.7747291116660789
23,aircraft,hiresnet50.gluon_in1k,91.24,1.34,93.1893,88.8689,0.7020053593328246,-0.6879098124871816,0.7163274717913797,0.7380382832733468
23,aircraft,hiresnet50.a1_in1k,89.74,2.41,92.3492,84.6085,0.5182953915752107,-0.5692992117613761,0.30777856108876356,0.5699729082766862
23,aircraft,hiresnet50.in21k_miil,91.49,1.03,92.9493,89.679,0.732623687292427,-0.7222736313890504,0.599613106157966,0.7699953202381379
23,aircraft,hiresnet50.fb_swsl_ig1b_ft_in1k,91.51,1.58,93.3093,89.0489,0.7350731535291964,-0.6613055655954122,0.7746846546080796,0.7451389704152583
23,aircraft,hiresnet50.fb_ssl_yfcc100m_ft_in1k,91.24,1.45,92.9193,88.8089,0.7020053593328246,-0.675716199328454,0.5850238104537963,0.7356713875593762
23,aircraft,hiresnet50.in1k_mocov3,91.86,1.11,93.5794,89.559,0.777938812672639,-0.713405549091794,0.9060369469313522,0.7652615288101968
23,aircraft,hiresnet50.in1k_supcon,91.7,1.31,93.4293,88.9589,0.7583430827784939,-0.6912353433486528,0.8330418374247864,0.7415886268443026
23,aircraft,hiresnet50.in1k_swav,91.58,1.35,93.0393,89.1089,0.7436462853578842,-0.6868013022000246,0.6433809932704961,0.7475058661292289
23,aircraft,hiresnet50.in1k_spark,87.7,2.28,90.7891,83.2583,0.2684498354248567,-0.583709845494418,-0.4509134465140727,0.5167098650599714
23,cars,hivit_base_patch16_224.orig_in21k,86.05,6.56,91.7672,70.8494,0.2708012531619401,-0.5834895414885294,-0.3951272378963868,0.4937639933295515
23,cars,hideit_base_patch16_224.fb_in1k,86.65,13.2,93.3466,51.6602,0.3238995380956548,-0.040244688279204806,0.28784111604989704,-0.08062026298478644
23,cars,hivit_base_patch16_224_miil.in21k,78.04,21.37,92.0159,34.4733,-0.4380608507031404,0.6281755603232324,-0.28758372160764345,-0.595070306490972
23,cars,hideit3_base_patch16_224.fb_in22k_ft_in1k,85.24,17.07,93.4461,39.9453,0.19911856850142606,0.27637542947984445,0.33086717101865715,-0.4312786606405948
23,cars,hideit3_base_patch16_224.fb_in1k,85.11,16.96,93.0357,40.1318,0.18761394009912177,0.2673758912489671,0.15340091012239704,-0.4256962151085965
23,cars,hivit_base_patch16_224.in1k_mocov3,80.43,21.86,92.8118,34.834,-0.2265526823838464,0.6682644124425952,0.056581475876117455,-0.5842735874379327
23,cars,hivit_base_patch16_224.dino,61.54,35.14,89.8271,3.2086,-1.8982636863802747,1.7547541188612445,-1.2340704463877077,-1.5309066862457759
23,cars,hivit_base_patch16_clip_224.laion2b,63.39,34.74,90.7599,4.7258,-1.7345439745013234,1.722028525294418,-0.8307065863388937,-1.4854928183575828
23,cars,hivit_base_patch16_siglip_224.v2_webli,78.43,28.85,95.4359,9.7749,-0.40354696549622626,1.2401441600228933,1.1913017858612072,-1.334359704493705
23,cars,hivit_base_patch16_224.mae,81.83,21.82,93.0481,28.2179,-0.10265668420518127,0.6649918530859125,0.1587629511436289,-0.7823112168441243
23,cars,hiresnet50.tv_in1k,92.54,2.21,94.3166,86.6435,0.8451477018616135,-0.9393803715277708,0.7072910991624066,0.9665237948144642
23,cars,hiresnet50.tv2_in1k,93.01,0.66,93.8316,92.2025,0.8867413583930227,-1.0661920465992245,0.4975661076061518,1.13291958415698
23,cars,hiresnet50.gluon_in1k,92.21,2.32,94.2793,86.0838,0.8159436451480697,-0.9303808332968933,0.6911617338324154,0.9497704716817051
23,cars,hiresnet50.a1_in1k,91.66,1.46,93.1227,88.4591,0.7672702172921655,-1.000740859465571,0.19102168180361745,1.0208695755538546
23,cars,hiresnet50.in21k_miil,62.68,26.52,87.2031,16.3786,-1.7973769450062183,1.0495175774961272,-2.3687475141064955,-1.1366932403668528
23,cars,hiresnet50.fb_swsl_ig1b_ft_in1k,91.03,4.47,94.3788,80.8233,0.7115170181117663,-0.7544807678751992,0.7341877888011694,0.7923095884587688
23,cars,hiresnet50.fb_ssl_yfcc100m_ft_in1k,92.15,2.31,94.4161,86.3823,0.8106338166546994,-0.9311989731360639,0.7503171541311667,0.9587053778012845
23,cars,hiresnet50.in1k_mocov3,93.11,0.46,93.8565,92.4014,0.8955910725486411,-1.0825548433826377,0.5083334319149173,1.1388731949683175
23,cars,hiresnet50.in1k_supcon,92.38,2.52,94.6648,86.2952,0.8309881592126221,-0.91401803651348,0.8578606704199101,0.9560982410407638
23,cars,hiresnet50.in1k_swav,92.88,0.66,93.9933,91.5558,0.8752367299907171,-1.0661920465992245,0.5674888522136747,1.1135621175320825
23,cars,hiresnet50.in1k_spark,62.43,26.37,86.7429,16.3786,-1.8195012303952656,1.0372454799085673,-2.5677484236202868,-1.1366932403668528
23,cub,hivit_base_patch16_224.orig_in21k,80.46,16.24,91.0079,41.3531,0.37375456721450334,0.5152930050317572,1.553644623566023,-0.45836950378739705
23,cub,hideit_base_patch16_224.fb_in1k,79.05,14.39,88.35,41.8364,0.22952320092724407,0.3097577561048195,0.6533604448703951,-0.4380786637002805
23,cub,hivit_base_patch16_224_miil.in21k,80.4,13.63,90.0587,49.465,0.3676170622661105,0.22532165384294225,1.2321314957516243,-0.11779994926084815
23,cub,hideit3_base_patch16_224.fb_in22k_ft_in1k,80.41,18.84,90.9734,31.222,0.3686399797575086,0.8041533548750217,1.541958779792741,-0.8837130378378557
23,cub,hideit3_base_patch16_224.fb_in1k,81.44,10.53,88.9713,54.8671,0.4740004813716062,-0.11908876327787299,0.8638072488222353,0.10900151408409786
23,cub,hivit_base_patch16_224.in1k_mocov3,78.71,14.4,88.0048,40.9562,0.19474400621967758,0.31086875745037046,0.5364342631157311,-0.47503293112150935
23,cub,hivit_base_patch16_224.dino,71.87,19.99,85.8819,25.5437,-0.5049315578972404,0.9319185096133884,-0.18263465706672163,-1.1221104664881227
23,cub,hivit_base_patch16_clip_224.laion2b,52.2,31.43,80.6179,7.1626,-2.5170102634790825,2.2029040489237515,-1.9656573127925805,-1.893821537717791
23,cub,hivit_base_patch16_siglip_224.v2_webli,74.24,21.86,87.815,21.436,-0.2625001124356773,1.1396757612314286,0.4721451863572247,-1.2945679128482486
23,cub,hivit_base_patch16_224.mae,68.41,21.64,85.5713,33.69,-0.8588610099212968,1.1152337316293064,-0.28784112303717496,-0.7800966642913967
23,cub,hiresnet50.tv_in1k,83.17,3.02,86.7622,76.1477,0.6509652073836344,-0.9534507737866863,0.11554065521205581,1.002445030653295
23,cub,hiresnet50.tv2_in1k,84.01,1.96,86.952,80.4971,0.7368902766611511,-1.0712169164150938,0.1798297319705574,1.1850499962541743
23,cub,hiresnet50.gluon_in1k,81.96,3.15,85.3297,74.0421,0.527192190924354,-0.9390077562945229,-0.36967590146106405,0.914043638376381
23,cub,hiresnet50.a1_in1k,82.66,2.47,85.3814,77.0625,0.5987964153222847,-1.014555847791992,-0.35216407180661474,1.040851942533482
23,cub,hiresnet50.in21k_miil,48.94,25.0,85.6576,13.7729,-2.8504813656751584,1.4885301837344478,-0.2586095775985054,-1.6162950733522483
23,cub,hiresnet50.fb_swsl_ig1b_ft_in1k,81.39,5.04,85.7784,68.9679,0.46888589391461144,-0.7290285019853809,-0.21769218838655843,0.701008710236412
23,cub,hiresnet50.fb_ssl_yfcc100m_ft_in1k,81.76,5.32,85.9337,67.6907,0.5067338410963751,-0.6979204643099524,-0.16508895540133417,0.6473868170866807
23,cub,hiresnet50.in1k_mocov3,83.84,1.56,85.3469,80.428,0.7195006793073678,-1.1156569702371346,-0.36384991557989205,1.1821489057306487
23,cub,hiresnet50.in1k_supcon,81.17,4.51,85.3297,70.4522,0.44638170910383346,-0.7879115732995848,-0.36967590146106405,0.7633254781679395
23,cub,hiresnet50.in1k_swav,84.98,1.53,86.6759,81.5499,0.8361132733268544,-1.1189899742737877,0.0863091097733862,1.229250692392631
23,cub,hiresnet50.in1k_spark,71.86,7.13,78.4432,59.5444,-0.5059544753886399,-0.4968292207652185,-2.7022719346404207,0.30537301488995433
23,all,hivit_base_patch16_224.orig_in21k,83.39,10.7,91.7672,41.3531,0.19274240304888077,-0.26798266840580326,-0.9665235268345944,-0.18523143357941343
23,all,hideit_base_patch16_224.fb_in1k,84.07,11.86,93.3466,41.8364,0.2706909024977052,-0.13567505181955744,0.1396098432098933,-0.16788090766692668
23,all,hivit_base_patch16_224_miil.in21k,80.67,15.0,92.0159,34.4733,-0.11905159474642034,0.22246797928459072,-0.7923463904979698,-0.432217049496497
23,all,hideit3_base_patch16_224.fb_in22k_ft_in1k,83.91,15.4,93.4461,31.222,0.252350079097982,0.26809129534881343,0.20929470475189269,-0.5489390956360962
23,all,hideit3_base_patch16_224.fb_in1k,84.43,11.91,93.0357,40.1318,0.3119577551470849,-0.1299721373115295,-0.07812908597006189,-0.22907624487037165
23,all,hivit_base_patch16_224.in1k_mocov3,80.57,16.19,92.8118,34.834,-0.13051460937124856,0.3581973445756534,-0.23493753319873253,-0.4192678777674798
23,all,hivit_base_patch16_224.dino,67.07,27.66,89.8271,3.2086,-1.6780215837229275,1.6664459327172387,-2.325273274348411,-1.554623396477928
23,all,hivit_base_patch16_clip_224.laion2b,59.54,30.48,90.7599,4.7258,-2.541186584972419,1.9880903109700088,-1.6719864517717975,-1.5001557409545987
23,all,hivit_base_patch16_siglip_224.v2_webli,76.71,23.39,95.4359,9.7749,-0.5729869738895804,1.1794170337316616,1.6028518655183448,-1.318892466829341
23,all,hivit_base_patch16_224.mae,74.42,20.96,93.0481,28.2179,-0.8354900087981236,0.9022553886415089,-0.06944474141608495,-0.6567866331773781
23,all,hiresnet50.tv_in1k,89.14,4.83,94.3166,76.1477,0.8518657439764478,-0.937504831648271,0.8189496994484375,1.0638987317725679
23,all,hiresnet50.tv2_in1k,89.58,4.24,93.8316,80.4971,0.9023030083256874,-1.0047992228429996,0.47927977132916544,1.2200426949502423
23,all,hiresnet50.gluon_in1k,88.47,5.24,94.2793,74.0421,0.775063545990105,-0.8907409326824428,0.7928266307497888,0.9883074481778398
23,all,hiresnet50.a1_in1k,88.02,4.46,93.1227,77.0625,0.723479980178382,-0.979706399007677,-0.017198604018777344,1.0967401576048519
23,all,hiresnet50.in21k_miil,67.7,27.16,92.9493,13.7729,-1.6058045915865147,1.6094167876369605,-0.1386393577010086,-1.1753638043047763
23,all,hiresnet50.fb_swsl_ig1b_ft_in1k,87.98,6.11,94.3788,68.9679,0.7188947743284521,-0.7915102202427584,0.8625114922917781,0.8061430811487885
23,all,hiresnet50.fb_ssl_yfcc100m_ft_in1k,88.38,5.82,94.4161,67.6907,0.76474683282776,-0.8245871243893199,0.8886345609904369,0.7602914533908162
23,all,hiresnet50.in1k_mocov3,89.6,4.32,93.8565,80.428,0.9045956112506524,-0.9956745596301549,0.4967184954738473,1.217561996956133
23,all,hiresnet50.in1k_supcon,88.42,6.01,94.6648,70.4522,0.7693320386776916,-0.8029160492588142,1.0628116973270616,0.85942962286595
23,all,hiresnet50.in1k_swav,89.81,3.71,93.9933,81.5499,0.9286679419627906,-1.0652501166280945,0.5925264257145054,1.257838336747606
23,all,hiresnet50.in1k_spark,74.0,18.59,90.7891,16.3786,-0.8836346702223983,0.6319372409609894,-1.6515362210479134,-1.0818188728539864
24,aircraft,hivit_base_patch16_224.orig_in21k_fz,38.95,2.88,40.7141,31.5932,-0.23648615047481591,-0.5392986440117482,-0.3156035403495237,-0.0988186573770912
24,aircraft,hideit_base_patch16_224.fb_in1k_fz,43.52,3.96,45.9646,33.2733,0.21915680999633677,0.5079011202165427,0.22918272673965984,0.06839137137157834
24,aircraft,hivit_base_patch16_224_miil.in21k_fz,27.34,3.17,29.913,19.592,-1.3940386167921208,-0.25810611472822564,-1.4363141297137723,-1.2932243457400063
24,aircraft,hideit3_base_patch16_224.fb_in22k_ft_in1k_fz,51.82,4.72,55.6856,40.084,1.0466921649001806,1.244819472821636,1.2378232947567935,0.7462184904707777
24,aircraft,hideit3_base_patch16_224.fb_in1k_fz,46.21,4.91,50.195,34.6535,0.4873580274290282,1.4290490609729096,0.6681245083402857,0.20575419601232242
24,aircraft,hivit_base_patch16_224.in1k_mocov3_fz,45.88,5.14,49.4749,32.8833,0.45445601934248997,1.6520638255770823,0.5934077021445096,0.0295770679301277
24,aircraft,hivit_base_patch16_224.dino_fz,55.71,3.21,57.6358,47.1047,1.4345370481021027,-0.21932093827532595,1.440173961946076,1.444945619115373
24,aircraft,hivit_base_patch16_clip_224.laion2b_fz,60.08,2.68,61.7162,52.8653,1.8702393976117166,-0.7332245262762462,1.86355190390031,2.018262738102091
24,aircraft,hivit_base_patch16_siglip_224.v2_webli_fz,30.74,2.29,32.2532,24.9925,-1.055048230445968,-1.1113799966920181,-1.1934974794438726,-0.7557457669308936
24,aircraft,hivit_base_patch16_224.mae_fz,23.26,6.29,31.0231,10.9511,-1.8008270804075042,2.7671376485979478,-1.321131340437379,-2.153200024220084
24,aircraft,hiresnet50.tv_in1k_fz,43.97,3.25,46.1146,35.3735,0.2640231846597978,-0.18053576182242628,0.24474656638605174,0.2774113715965388
24,aircraft,hiresnet50.tv2_in1k_fz,35.94,2.4,37.4137,29.3729,-0.5365923454459695,-1.004720761446544,-0.6580495161425234,-0.3197914725849186
24,aircraft,hiresnet50.gluon_in1k_fz,40.35,3.08,41.9742,32.0132,-0.09690187374404718,-0.34537276174724973,-0.18485691142673893,-0.05701863828629844
24,aircraft,hiresnet50.a1_in1k_fz,33.76,3.71,36.2436,24.0924,-0.7539450049267381,0.2654937673859198,-0.7794578412774731,-0.8453271887966618
24,aircraft,hiresnet50.in21k_miil_fz,45.85,3.01,47.9148,37.7138,0.4514649276982591,-0.4132468205398244,0.4315333939289424,0.5103270494017357
24,aircraft,hiresnet50.fb_swsl_ig1b_ft_in1k_fz,48.44,3.06,50.135,40.024,0.7096958396501811,-0.3647653499736996,0.6618989724817289,0.7402470591720928
24,aircraft,hiresnet50.fb_ssl_yfcc100m_ft_in1k_fz,48.47,3.21,50.255,39.754,0.712686931294412,-0.21932093827532595,0.6743500441988424,0.7133756183280112
24,aircraft,hiresnet50.in1k_mocov3_fz,45.24,2.25,46.2946,38.9439,0.390646064265567,-1.1501651731449178,0.26342317396172127,0.6327513434102701
24,aircraft,hiresnet50.in1k_supcon_fz,42.93,2.81,44.3744,35.1335,0.16033200765979813,-0.6071727028043225,0.06418527470171713,0.25352564640179975
24,aircraft,hiresnet50.in1k_swav_fz,38.23,2.9,39.754,30.423,-0.3082723499363548,-0.5199060557852984,-0.41522248997952615,-0.21528147247243873
24,aircraft,hiresnet50.in1k_spark_fz,21.07,3.23,23.8224,13.4713,-2.01917677043635,-0.19992835004887613,-2.0682682747158454,-1.9023800049043311
24,cars,hivit_base_patch16_224.orig_in21k_fz,38.99,2.51,40.5795,32.297,-0.35198697084863756,-0.9554658063989067,-0.4001211075592744,-0.1841176820686086
24,cars,hideit_base_patch16_224.fb_in1k_fz,51.67,3.34,53.4884,42.5693,0.4054036602428798,-0.24254761266890096,0.38556051498363303,0.4291122466271431
24,cars,hivit_base_patch16_224_miil.in21k_fz,15.38,1.68,16.6397,11.1305,-1.7622387689614707,-1.668384000128912,-1.8571825850943628,-1.4477033722975374
24,cars,hideit3_base_patch16_224.fb_in22k_ft_in1k_fz,58.41,4.56,61.4351,46.5987,0.80799142471897,0.8053562383559264,0.8692249751515578,0.6696570783285793
24,cars,hideit3_base_patch16_224.fb_in1k_fz,55.77,4.65,58.724,43.8751,0.6503012617787807,0.8826606208085782,0.704217774934957,0.507065153073695
24,cars,hivit_base_patch16_224.in1k_mocov3_fz,51.35,5.31,54.5703,37.2964,0.3862897010986144,1.449559425461353,0.4514088016253434,0.11433365848039616
24,cars,hivit_base_patch16_224.dino_fz,61.29,4.69,63.7359,48.5263,0.980017057017359,0.9170181241208677,1.0092598562914477,0.7847298478693764
24,cars,hivit_base_patch16_clip_224.laion2b_fz,90.54,0.45,90.8842,89.6655,2.7271523850478707,-2.724877226981812,2.6616020692826106,3.2406344342424633
24,cars,hivit_base_patch16_siglip_224.v2_webli_fz,29.96,2.16,31.0782,24.1388,-0.8913590054508775,-1.2560939603814387,-0.9784040596517789,-0.6711412701925612
24,cars,hivit_base_patch16_224.mae_fz,17.01,4.5,22.92,8.9541,-1.664877039570369,0.7538199833874926,-1.4749411629703846,-1.5776288628705768
24,cars,hiresnet50.tv_in1k_fz,46.28,4.0,48.9118,35.6299,0.08345291090665904,0.32435119198387474,0.10701234172875689,0.014847888383001264
24,cars,hiresnet50.tv2_in1k_fz,37.16,3.02,38.9255,28.8894,-0.4612949247049058,-0.5174076391672162,-0.5007894374468691,-0.387542650675799
24,cars,hiresnet50.gluon_in1k_fz,42.38,3.41,44.1985,33.0307,-0.14949846616407572,-0.1824219818723942,-0.1798558803142897,-0.14031767635576173
24,cars,hiresnet50.a1_in1k_fz,35.34,4.05,37.6819,24.4124,-0.570005567337915,0.36729807112423635,-0.576479361901653,-0.6548080528516387
24,cars,hiresnet50.in21k_miil_fz,45.11,4.32,47.4692,33.4287,0.013567497785438493,0.5992112184821904,0.019210568635743726,-0.11655809849871836
24,cars,hiresnet50.fb_swsl_ig1b_ft_in1k_fz,53.01,4.62,55.5528,40.4179,0.485443364159491,0.8568924933243609,0.5112072503040381,0.30067919184914427
24,cars,hiresnet50.fb_ssl_yfcc100m_ft_in1k_fz,49.27,4.09,51.3866,38.1047,0.2620489666608892,0.40165557443652583,0.2576374824819728,0.16258709260564344
24,cars,hiresnet50.in1k_mocov3_fz,50.75,3.59,52.5308,40.7288,0.3504510277031166,-0.02781321696709203,0.32727756897374155,0.31923912339626687
24,cars,hiresnet50.in1k_supcon_fz,50.93,3.89,53.0531,40.2811,0.3612026297217659,0.2298680578750789,0.3590666068820189,0.292512583178683
24,cars,hiresnet50.in1k_swav_fz,42.27,4.17,44.3975,30.8668,-0.1560688896199169,0.47037058106110474,-0.1677440316760605,-0.26949694903128113
24,cars,hiresnet50.in1k_spark_fz,19.67,3.06,22.0619,12.1627,-1.5059922541836626,-0.4830501358549268,-1.5271681846611613,-1.3860836831919081
24,cub,hivit_base_patch16_224.orig_in21k_fz,82.29,0.79,82.9306,80.2727,1.597698006285755,-1.933339937146194,1.5743324137877754,1.7690874892010202
24,cub,hideit_base_patch16_224.fb_in1k_fz,66.22,2.03,67.6562,60.718,0.8320308622177423,-0.7633615043484507,0.8307760982960546,0.8827748908577071
24,cub,hivit_base_patch16_224_miil.in21k_fz,33.47,2.39,34.9154,26.9244,-0.7283673312002671,-0.4236903464394282,-0.7630428807965012,-0.6489128069016343
24,cub,hideit3_base_patch16_224.fb_in22k_ft_in1k_fz,80.51,1.66,81.5326,75.9924,1.5128885777579977,-1.1124679721993902,1.5062779089262146,1.575083806470583
24,cub,hideit3_base_patch16_224.fb_in1k_fz,68.68,2.53,70.107,61.7881,0.949239398272958,-0.2915960072525865,0.9500808053881243,0.9312769446599733
24,cub,hivit_base_patch16_224.in1k_mocov3_fz,61.16,4.0,63.3069,50.1553,0.5909433856163643,1.0953945542092545,0.6190525947235318,0.4040227707780884
24,cub,hivit_base_patch16_224.dino_fz,73.21,2.35,74.5599,66.7069,1.1650746293014638,-0.4614315862070974,1.166847546946096,1.1542205034326005
24,cub,hivit_base_patch16_clip_224.laion2b_fz,76.31,1.03,77.2351,74.0939,1.312776443029581,-1.706892498540179,1.2970760243464166,1.4890346997108383
24,cub,hivit_base_patch16_siglip_224.v2_webli_fz,37.17,2.49,38.8505,30.4108,-0.5520780696538048,-0.3293372470202553,-0.5714825931851076,-0.490892472001885
24,cub,hivit_base_patch16_224.mae_fz,16.2,4.63,22.1436,7.2144,-1.5512093709049701,1.6898190805500433,-1.3847728702034277,-1.5422643445548176
24,cub,hiresnet50.tv_in1k_fz,44.05,3.99,46.3065,33.3103,-0.22427533467011326,1.0859592442673374,-0.20852523392344938,-0.35947325417208265
24,cub,hiresnet50.tv2_in1k_fz,33.13,2.93,34.7428,25.0431,-0.7445668849639958,0.08581639042410519,-0.771445032112027,-0.734182327337298
24,cub,hiresnet50.gluon_in1k_fz,39.87,3.37,41.543,30.5834,-0.42343455447125156,0.5009700278684657,-0.44041195345710127,-0.4830694138893055
24,cub,hiresnet50.a1_in1k_fz,27.59,3.84,29.8585,17.5354,-1.00852431982005,0.9444295951385778,-1.0092122839684805,-1.0744672253199872
24,cub,hiresnet50.in21k_miil_fz,59.39,3.36,61.4256,50.1899,0.5066104145522461,0.4915347179265482,0.5274710925804316,0.4055910083835072
24,cub,hiresnet50.fb_swsl_ig1b_ft_in1k_fz,55.85,4.0,58.0773,44.7705,0.3379444724240094,1.0953945542092545,0.364476172245693,0.15995786159722283
24,cub,hiresnet50.fb_ssl_yfcc100m_ft_in1k_fz,54.39,3.76,56.5758,44.1836,0.2683816827327027,0.8689471156032395,0.2913832973890165,0.13335674452727594
24,cub,hiresnet50.in1k_mocov3_fz,36.7,3.22,38.6607,27.9772,-0.5744715704448418,0.35944037873970647,-0.5807220388379861,-0.6011948719020771
24,cub,hiresnet50.in1k_supcon_fz,36.82,3.2,38.8678,28.2016,-0.5687540808811729,0.3405697588558719,-0.5706404308574213,-0.5910239898599983
24,cub,hiresnet50.in1k_swav_fz,29.31,2.75,30.7214,21.7121,-0.9265736360741271,-0.08401918853040607,-0.9672063953811838,-0.8851591904485488
24,cub,hiresnet50.in1k_spark_fz,11.58,1.3,12.3749,8.2844,-1.771332719106228,-1.4521391301084123,-1.8603122419066678,-1.4937668232311796
24,all,hivit_base_patch16_224.orig_in21k_fz,53.41,20.88,82.9306,31.5932,0.5668929836859234,3.206006543726595,1.5238665576275097,0.1789400648114661
24,all,hideit_base_patch16_224.fb_in1k_fz,53.8,10.04,67.6562,33.2733,0.5931430743535762,0.6046330644397582,0.6899888582601891,0.3214179713654291
24,all,hivit_base_patch16_224_miil.in21k_fz,25.4,8.01,34.9154,11.1305,-1.3184019896498458,0.11747548483161442,-1.097434738047723,-1.5563629876507563
24,all,hideit3_base_patch16_224.fb_in22k_ft_in1k_fz,63.58,13.04,81.5326,40.084,1.2514145787885573,1.324570374205488,1.4475453257810533,0.8989873292411965
24,all,hideit3_base_patch16_224.fb_in1k_fz,56.89,10.19,70.107,34.6535,0.8011245619511318,0.6406299299280447,0.823785764561545,0.4384633892725657
24,all,hivit_base_patch16_224.in1k_mocov3_fz,52.8,7.96,63.3069,32.8833,0.5258351495647232,0.1054765296688523,0.4525468456208522,0.28834471170466747
24,all,hivit_base_patch16_224.dino_fz,63.4,8.18,74.5599,47.1047,1.239299152326564,0.15827193238500578,1.066883628144582,1.494365365395835
24,all,hivit_base_patch16_clip_224.laion2b_fz,75.65,12.76,90.8842,52.8653,2.0638212309900124,1.25737622529402,1.9580786818149034,1.9828828515542538
24,all,hivit_base_patch16_siglip_224.v2_webli_fz,32.63,3.98,38.8505,24.1388,-0.831765693426439,-0.849640301287016,-0.8826052105520215,-0.4532171321505375
24,all,hivit_base_patch16_224.mae_fz,18.83,5.96,31.0231,7.2144,-1.7606150555126092,-0.37448167684163425,-1.3099276784740193,-1.8884609162597525
24,all,hiresnet50.tv_in1k_fz,44.76,3.79,48.9118,33.3103,-0.015320565737653868,-0.8952363309055121,-0.33332709182759207,0.32455569087170644
24,all,hiresnet50.tv2_in1k_fz,35.41,3.19,38.9255,25.0431,-0.6446496625134285,-1.0392237928586583,-0.8785107238649796,-0.3765295713525203
24,all,hiresnet50.gluon_in1k_fz,40.86,3.36,44.1985,30.5834,-0.27782147241418004,-0.9984273453052669,-0.5906410131880376,0.09330576325906345
24,all,hiresnet50.a1_in1k_fz,32.23,5.05,37.6819,17.5354,-0.8586888633419806,-0.5928626608039057,-0.9464027724517131,-1.0132067804681613
24,all,hiresnet50.in21k_miil_fz,50.12,7.53,61.4256,33.4287,0.34544991113059753,0.0022855152690977602,0.3498407415630995,0.33459639329179414
24,all,hiresnet50.fb_swsl_ig1b_ft_in1k_fz,52.43,4.91,58.0773,40.024,0.5009312173928478,-0.6264597352596397,0.16704647790681182,0.893899135447233
24,all,hiresnet50.fb_ssl_yfcc100m_ft_in1k_fz,50.71,4.46,56.5758,38.1047,0.38516158675602097,-0.7344503317244993,0.08507485443223789,0.7311362963013361
24,all,hiresnet50.in1k_mocov3_fz,44.23,6.58,52.5308,27.9772,-0.05099376587574597,-0.2256946328233834,-0.13575446088887544,-0.12770841450472364
24,all,hiresnet50.in1k_supcon_fz,43.56,6.7,53.0531,28.2016,-0.09609007548427705,-0.1968971404327542,-0.10724045560031728,-0.10867856971530088
24,all,hiresnet50.in1k_swav_fz,36.6,6.38,44.3975,21.7121,-0.5645532320146932,-0.2736904534744321,-0.5797769751784205,-0.6590091301473843
24,all,hiresnet50.in1k_spark_fz,17.44,4.98,23.8224,8.2844,-1.8541730709691144,-0.6096611980317725,-1.7030366156390973,-1.7977214602674065
