serial,setting,dataset_name,method,acc,acc_std,acc_max,acc_min,ada_ratio,acc_mean_std_latex,acc_mean_std
23,ft_448,aircraft,hivit_base_patch16_224.orig_in21k,86.58,4.72,91.1131113111311,76.68466846684669,5.457025659365362,86.58\pm{4.72},86.58+-4.72
23,ft_448,aircraft,hideit_base_patch16_224.fb_in1k,89.25,3.79,92.95829582958297,80.66906690669066,4.245662198337791,89.25\pm{3.79},89.25+-3.79
23,ft_448,aircraft,hivit_base_patch16_224_miil.in21k,86.32,6.1,92.25622562256224,72.48724872487249,7.072297926011436,86.32\pm{6.1},86.32+-6.1
23,ft_448,aircraft,hideit3_base_patch16_224.fb_in1k,88.69,6.09,93.59135913591358,73.55985598559856,6.868323034168007,88.69\pm{6.09},88.69+-6.09
23,ft_448,aircraft,hideit3_base_patch16_224.fb_in22k_ft_in1k,88.03,9.44,94.1029102910291,63.63036303630363,10.72843733866328,88.03\pm{9.44},88.03+-9.44
23,ft_448,aircraft,hivit_base_patch16_224.in1k_mocov3,84.88,11.95,91.77767776777677,52.24122412241224,14.079076994649013,84.88\pm{11.95},84.88+-11.95
23,ft_448,aircraft,hivit_base_patch16_224.dino,70.83,27.93,89.06240624062406,13.86888688868887,39.42907326773271,70.83\pm{27.93},70.83+-27.93
23,ft_448,aircraft,hivit_base_patch16_clip_224.laion2b,66.9,26.45,89.5994599459946,20.10801080108011,39.53536032407303,66.9\pm{26.45},66.9+-26.45
23,ft_448,aircraft,hivit_base_patch16_siglip_224.v2_webli,79.82,20.49,95.03750375037504,43.65436543654366,25.66900808276914,79.82\pm{20.49},79.82+-20.49
23,ft_448,aircraft,hivit_base_patch16_224.mae,77.04,19.11,90.35403540354037,39.71497149714971,24.802834582165715,77.04\pm{19.11},77.04+-19.11
23,ft_448,aircraft,hiresnet50.tv_in1k,93.0,0.99,94.39093909390938,91.3906390639064,1.0664796374733878,93.0\pm{0.99},93.0+-0.99
23,ft_448,aircraft,hiresnet50.tv2_in1k,93.15,0.78,94.1029102910291,91.81968196819682,0.8349678127188818,93.15\pm{0.78},93.15+-0.78
23,ft_448,aircraft,hiresnet50.gluon_in1k,92.66,1.08,94.33993399339934,91.05910591059106,1.163479843062789,92.66\pm{1.08},92.66+-1.08
23,ft_448,aircraft,hiresnet50.a1_in1k,91.62,1.89,93.6018601860186,87.30873087308731,2.063596938946918,91.62\pm{1.89},91.62+-1.89
23,ft_448,aircraft,hiresnet50.in21k_miil,92.47,0.93,93.90246716979392,90.6921461376907,1.0020159835853906,92.47\pm{0.93},92.47+-0.93
23,ft_448,aircraft,hiresnet50.fb_swsl_ig1b_ft_in1k,92.76,1.39,94.27242724272426,90.44704470447044,1.4994289698762562,92.76\pm{1.39},92.76+-1.39
23,ft_448,aircraft,hiresnet50.fb_ssl_yfcc100m_ft_in1k,92.58,1.25,94.22892289228923,90.77707770777076,1.3499712623438562,92.58\pm{1.25},92.58+-1.25
23,ft_448,aircraft,hiresnet50.in1k_mocov3,93.28,0.78,94.4959495949595,91.74617461746176,0.8398543193240493,93.28\pm{0.78},93.28+-0.78
23,ft_448,aircraft,hiresnet50.in1k_supcon,92.89,1.21,94.38043804380438,90.2010201020102,1.2983827040758225,92.89\pm{1.21},92.89+-1.21
23,ft_448,aircraft,hiresnet50.in1k_swav,93.12,0.96,94.23042304230422,91.2001200120012,1.0332869729993968,93.12\pm{0.96},93.12+-0.96
23,ft_448,aircraft,hiresnet50.in1k_spark,88.91,2.07,92.05670567056706,85.17401740174017,2.325312325842401,88.91\pm{2.07},88.91+-2.07
23,ft_448,cars,hivit_base_patch16_224.orig_in21k,86.37,6.46,91.97575838462028,71.41121265708367,7.479001405665447,86.37\pm{6.46},86.37+-6.46
23,ft_448,cars,hideit_base_patch16_224.fb_in1k,86.94,13.01,93.5240429384769,52.44863974569356,14.96845002837068,86.94\pm{13.01},86.94+-13.01
23,ft_448,cars,hivit_base_patch16_224_miil.in21k,78.45,21.12,92.2222997382318,35.34525799181633,26.92360776498775,78.45\pm{21.12},78.45+-21.12
23,ft_448,cars,hideit3_base_patch16_224.fb_in1k,85.44,16.74,93.23279169864202,41.032695241764,19.594451439456666,85.44\pm{16.74},85.44+-16.74
23,ft_448,cars,hideit3_base_patch16_224.fb_in22k_ft_in1k,85.57,16.83,93.63390671588596,40.904571388706046,19.671590085279476,85.57\pm{16.83},85.57+-16.83
23,ft_448,cars,hivit_base_patch16_224.in1k_mocov3,80.78,21.61,92.99092152717324,35.656771242504114,26.74694688602951,80.78\pm{21.61},80.78+-21.61
23,ft_448,cars,hivit_base_patch16_224.dino,62.14,34.78,90.08320164037356,4.312532417700747,55.95851594605404,62.14\pm{34.78},62.14+-34.78
23,ft_448,cars,hivit_base_patch16_clip_224.laion2b,63.97,34.34,90.99845001683444,5.837400396140511,53.680868946298055,63.97\pm{34.34},63.97+-34.34
23,ft_448,cars,hivit_base_patch16_siglip_224.v2_webli,78.84,28.5,95.57511655206092,10.973880812057716,36.15119883298167,78.84\pm{28.5},78.84+-28.5
23,ft_448,cars,hivit_base_patch16_224.mae,82.18,21.57,93.21410697007106,29.156972952642096,26.249595921749037,82.18\pm{21.57},82.18+-21.57
23,ft_448,cars,hiresnet50.tv_in1k,92.73,2.17,94.46677242546583,86.95466223409903,2.3352587691239353,92.73\pm{2.17},92.73+-2.17
23,ft_448,cars,hiresnet50.tv2_in1k,93.19,0.64,93.99704562895649,92.40556780645532,0.69196597016222,93.19\pm{0.64},93.19+-0.64
23,ft_448,cars,hiresnet50.gluon_in1k,92.42,2.27,94.43328550932569,86.39448436518938,2.46069997596296,92.42\pm{2.27},92.42+-2.27
23,ft_448,cars,hiresnet50.a1_in1k,91.84,1.47,93.3072879541132,88.57762503753628,1.6054015852128727,91.84\pm{1.47},91.84+-1.47
23,ft_448,cars,hiresnet50.in21k_miil,92.87,0.65,93.81323157840455,91.70252456162169,0.7036275531739327,92.87\pm{0.65},92.87+-0.65
23,ft_448,cars,hiresnet50.fb_swsl_ig1b_ft_in1k,91.24,4.42,94.52403990524174,81.1366745429673,4.8436858347014065,91.24\pm{4.42},91.24+-4.42
23,ft_448,cars,hiresnet50.fb_ssl_yfcc100m_ft_in1k,92.35,2.27,94.5668085209642,86.6749372878631,2.4611736806348863,92.35\pm{2.27},92.35+-2.27
23,ft_448,cars,hiresnet50.in1k_mocov3,93.26,0.46,94.01591235163689,92.49753549643442,0.4971628285387403,93.26\pm{0.46},93.26+-0.46
23,ft_448,cars,hiresnet50.in1k_supcon,92.58,2.48,94.8117119275906,86.59170531513796,2.67530327569991,92.58\pm{2.48},92.58+-2.48
23,ft_448,cars,hiresnet50.in1k_swav,93.04,0.67,94.1417916106782,91.67589275693776,0.7172903048053136,93.04\pm{0.67},93.04+-0.67
23,ft_448,cars,hiresnet50.in1k_spark,88.98,4.61,92.81159666465462,79.00946672692693,5.181227477754176,88.98\pm{4.61},88.98+-4.61
23,ft_448,cub,hivit_base_patch16_224.orig_in21k,82.91,15.11,92.57763560875586,46.417024343083305,18.223488227035926,82.91\pm{15.11},82.91+-15.11
23,ft_448,cub,hideit_base_patch16_224.fb_in1k,81.66,13.4,90.19785545426166,46.90227698113312,16.40864570668113,81.66\pm{13.4},81.66+-13.4
23,ft_448,cub,hivit_base_patch16_224_miil.in21k,82.95,12.58,91.77325905215864,54.306144424717424,15.169811027925062,82.95\pm{12.58},82.95+-12.58
23,ft_448,cub,hideit3_base_patch16_224.fb_in1k,83.89,9.75,90.68592732968712,59.20116565151201,11.61902323353745,83.89\pm{9.75},83.89+-9.75
23,ft_448,cub,hideit3_base_patch16_224.fb_in22k_ft_in1k,82.85,17.61,92.53349047716624,36.81607707932509,21.25789196180986,82.85\pm{17.61},82.85+-17.61
23,ft_448,cub,hivit_base_patch16_224.in1k_mocov3,81.39,13.37,89.81533307570545,46.20888211049485,16.43092341051555,81.39\pm{13.37},81.39+-13.37
23,ft_448,cub,hivit_base_patch16_224.dino,74.92,18.82,88.02408591385235,31.214940032758165,25.120857649903215,74.92\pm{18.82},74.92+-18.82
23,ft_448,cub,hivit_base_patch16_clip_224.laion2b,56.42,29.77,83.22498751971747,13.447349710581216,52.75398156468547,56.42\pm{29.77},56.42+-29.77
23,ft_448,cub,hivit_base_patch16_siglip_224.v2_webli,77.18,20.53,89.70510777050583,27.49175888781773,26.604502890555835,77.18\pm{20.53},77.18+-20.53
23,ft_448,cub,hivit_base_patch16_224.mae,71.71,20.26,87.62464811104219,39.01755766028052,28.25860954510887,71.71\pm{20.26},71.71+-20.26
23,ft_448,cub,hiresnet50.tv_in1k,85.54,2.73,88.74209754011224,79.17064912596764,3.1902927130800602,85.54\pm{2.73},85.54+-2.73
23,ft_448,cub,hiresnet50.tv2_in1k,86.34,1.75,88.94508263115985,83.12397630740413,2.0216953291971698,86.34\pm{1.75},86.34+-1.75
23,ft_448,cub,hiresnet50.gluon_in1k,84.45,2.88,87.4383721585869,77.13949173963448,3.4109250603886103,84.45\pm{2.88},84.45+-2.88
23,ft_448,cub,hiresnet50.a1_in1k,85.13,2.34,87.63963820245425,79.86706951964321,2.7435830559450447,85.13\pm{2.34},85.13+-2.34
23,ft_448,cub,hiresnet50.in21k_miil,87.01,2.26,89.09994311745517,82.33440454023184,2.6016531067884485,87.01\pm{2.26},87.01+-2.26
23,ft_448,cub,hiresnet50.fb_swsl_ig1b_ft_in1k,83.92,4.65,87.90327127802219,72.4132121840563,5.543106940227396,83.92\pm{4.65},83.92+-4.65
23,ft_448,cub,hiresnet50.fb_ssl_yfcc100m_ft_in1k,84.26,4.86,88.02422343762677,71.36266807124281,5.773466162647394,84.26\pm{4.86},84.26+-4.86
23,ft_448,cub,hiresnet50.in1k_mocov3,86.27,1.44,87.63372468015407,83.06917308329677,1.6710914565646648,86.27\pm{1.44},86.27+-1.44
23,ft_448,cub,hiresnet50.in1k_supcon,83.77,4.19,87.52638737421731,73.81849887299268,4.996878549662532,83.77\pm{4.19},83.77+-4.19
23,ft_448,cub,hiresnet50.in1k_swav,87.21,1.39,88.64122385157333,84.03747797900563,1.589394018251828,87.21\pm{1.39},87.21+-1.39
23,ft_448,cub,hiresnet50.in1k_spark,74.0,6.37,79.9386122279645,60.066184704591606,8.612532180891645,74.0\pm{6.37},74.0+-6.37
23,ft_448,all,hivit_base_patch16_224.orig_in21k,85.2,9.9,92.57763560875586,46.417024343083305,11.625055555967073,85.2\pm{9.9},85.2+-9.9
23,ft_448,all,hideit_base_patch16_224.fb_in1k,85.8,11.18,93.5240429384769,46.90227698113312,13.032405023848034,85.8\pm{11.18},85.8+-11.18
23,ft_448,all,hivit_base_patch16_224_miil.in21k,82.44,14.68,92.25622562256224,35.34525799181633,17.808203253712648,82.44\pm{14.68},82.44+-14.68
23,ft_448,all,hideit3_base_patch16_224.fb_in1k,86.01,11.45,93.59135913591358,41.032695241764,13.310211024949648,86.01\pm{11.45},86.01+-11.45
23,ft_448,all,hideit3_base_patch16_224.fb_in22k_ft_in1k,85.48,14.65,94.1029102910291,36.81607707932509,17.141724249952837,85.48\pm{14.65},85.48+-14.65
23,ft_448,all,hivit_base_patch16_224.in1k_mocov3,82.35,15.75,92.99092152717324,35.656771242504114,19.125824543822624,82.35\pm{15.75},82.35+-15.75
23,ft_448,all,hivit_base_patch16_224.dino,69.3,27.26,90.08320164037356,4.312532417700747,39.3302174932406,69.3\pm{27.26},69.3+-27.26
23,ft_448,all,hivit_base_patch16_clip_224.laion2b,62.19,29.4,90.99845001683444,5.837400396140511,47.27004008579384,62.19\pm{29.4},62.19+-29.4
23,ft_448,all,hivit_base_patch16_siglip_224.v2_webli,78.56,22.55,95.57511655206092,10.973880812057716,28.699333202665695,78.56\pm{22.55},78.56+-22.55
23,ft_448,all,hivit_base_patch16_224.mae,76.59,19.97,93.21410697007106,29.156972952642096,26.068267290286045,76.59\pm{19.97},76.59+-19.97
23,ft_448,all,hiresnet50.tv_in1k,90.42,4.05,94.46677242546583,79.17064912596764,4.481976561808627,90.42\pm{4.05},90.42+-4.05
23,ft_448,all,hiresnet50.tv2_in1k,90.89,3.46,94.1029102910291,83.12397630740413,3.810784782031878,90.89\pm{3.46},90.89+-3.46
23,ft_448,all,hiresnet50.gluon_in1k,89.84,4.43,94.43328550932569,77.13949173963448,4.927408829490288,89.84\pm{4.43},89.84+-4.43
23,ft_448,all,hiresnet50.a1_in1k,89.53,3.68,93.6018601860186,79.86706951964321,4.106441568899297,89.53\pm{3.68},89.53+-3.68
23,ft_448,all,hiresnet50.in21k_miil,90.79,3.06,93.90246716979392,82.33440454023184,3.3739572992225066,90.79\pm{3.06},90.79+-3.06
23,ft_448,all,hiresnet50.fb_swsl_ig1b_ft_in1k,89.31,5.37,94.52403990524174,72.4132121840563,6.007407179046003,89.31\pm{5.37},89.31+-5.37
23,ft_448,all,hiresnet50.fb_ssl_yfcc100m_ft_in1k,89.73,4.99,94.5668085209642,71.36266807124281,5.56416562934259,89.73\pm{4.99},89.73+-4.99
23,ft_448,all,hiresnet50.in1k_mocov3,90.94,3.49,94.4959495949595,83.06917308329677,3.8381772711823614,90.94\pm{3.49},90.94+-3.49
23,ft_448,all,hiresnet50.in1k_supcon,89.74,5.13,94.8117119275906,73.81849887299268,5.713220061965737,89.74\pm{5.13},89.74+-5.13
23,ft_448,all,hiresnet50.in1k_swav,91.12,2.99,94.23042304230422,84.03747797900563,3.2808810633229664,91.12\pm{2.99},91.12+-2.99
23,ft_448,all,hiresnet50.in1k_spark,83.96,8.48,92.81159666465462,60.066184704591606,10.095023528339624,83.96\pm{8.48},83.96+-8.48
24,fz_448,aircraft,hivit_base_patch16_224.orig_in21k_fz,45.23,2.63,46.91569156915692,38.36933693369337,5.814378617013023,45.23\pm{2.63},45.23+-2.63
24,fz_448,aircraft,hideit_base_patch16_224.fb_in1k_fz,50.35,3.38,52.4002400240024,41.37563756375638,6.715607699630965,50.35\pm{3.38},50.35+-3.38
24,fz_448,aircraft,hivit_base_patch16_224_miil.in21k_fz,32.86,2.7,34.90999099909991,26.12211221122112,8.200678167300762,32.86\pm{2.7},32.86+-2.7
24,fz_448,aircraft,hideit3_base_patch16_224.fb_in22k_ft_in1k_fz,58.29,4.27,61.73117311731173,47.548754875487546,7.316830768506642,58.29\pm{4.27},58.29+-4.27
24,fz_448,aircraft,hideit3_base_patch16_224.fb_in1k_fz,52.56,4.38,55.81908190819081,41.88868886888689,8.341742724888555,52.56\pm{4.38},52.56+-4.38
24,fz_448,aircraft,hivit_base_patch16_224.in1k_mocov3_fz,52.72,4.37,55.6030603060306,41.56165616561656,8.298016810995986,52.72\pm{4.37},52.72+-4.37
24,fz_448,aircraft,hivit_base_patch16_224.dino_fz,62.21,2.94,64.04590459045905,54.37143714371437,4.725139485196048,62.21\pm{2.94},62.21+-2.94
24,fz_448,aircraft,hivit_base_patch16_clip_224.laion2b_fz,65.43,2.25,67.03720372037203,59.52745274527451,3.439648223654337,65.43\pm{2.25},65.43+-2.25
24,fz_448,aircraft,hivit_base_patch16_siglip_224.v2_webli_fz,35.88,1.86,36.99219921992199,31.155115511551152,5.174755483704438,35.88\pm{1.86},35.88+-1.86
24,fz_448,aircraft,hivit_base_patch16_224.mae_fz,30.03,6.61,37.82028202820282,16.647164716471647,22.007465214067466,30.03\pm{6.61},30.03+-6.61
24,fz_448,aircraft,hiresnet50.tv_in1k_fz,49.68,2.82,51.576657665766575,42.21122112211221,5.6751681261869225,49.68\pm{2.82},49.68+-2.82
24,fz_448,aircraft,hiresnet50.tv2_in1k_fz,43.36,2.07,44.58595859585959,37.64326432643264,4.77485134666437,43.36\pm{2.07},43.36+-2.07
24,fz_448,aircraft,hiresnet50.gluon_in1k_fz,46.5,2.45,47.85778577857785,39.88898889888989,5.262656911507209,46.5\pm{2.45},46.5+-2.45
24,fz_448,aircraft,hiresnet50.a1_in1k_fz,41.01,3.21,42.9012901290129,32.36573657365736,7.835901647826304,41.01\pm{3.21},41.01+-3.21
24,fz_448,aircraft,hiresnet50.in21k_miil_fz,52.46,2.71,54.12091209120912,45.190519051905184,5.161632263508522,52.46\pm{2.71},52.46+-2.71
24,fz_448,aircraft,hiresnet50.fb_swsl_ig1b_ft_in1k_fz,56.17,2.64,57.529252925292525,48.87788778877888,4.700535246820597,56.17\pm{2.64},56.17+-2.64
24,fz_448,aircraft,hiresnet50.fb_ssl_yfcc100m_ft_in1k_fz,54.91,2.73,56.38313831383138,47.48574857485748,4.973081341506664,54.91\pm{2.73},54.91+-2.73
24,fz_448,aircraft,hiresnet50.in1k_mocov3_fz,53.14,1.97,54.18541854185418,47.7002700270027,3.7096831550724088,53.14\pm{1.97},53.14+-1.97
24,fz_448,aircraft,hiresnet50.in1k_supcon_fz,50.1,2.51,51.51065106510651,43.19081908190819,5.017609405645797,50.1\pm{2.51},50.1+-2.51
24,fz_448,aircraft,hiresnet50.in1k_swav_fz,46.2,2.96,47.74527452745274,38.22232223222322,6.401113673339412,46.2\pm{2.96},46.2+-2.96
24,fz_448,aircraft,hiresnet50.in1k_spark_fz,26.79,3.13,29.36093609360936,19.363936393639364,11.698645089377429,26.79\pm{3.13},26.79+-3.13
24,fz_448,cars,hivit_base_patch16_224.orig_in21k_fz,40.35,2.42,41.88442767402429,33.89779817459908,5.997014358163011,40.35\pm{2.42},40.35+-2.42
24,fz_448,cars,hideit_base_patch16_224.fb_in1k_fz,52.67,3.22,54.424185803852815,43.90698887712667,6.114808182247207,52.67\pm{3.22},52.67+-3.22
24,fz_448,cars,hivit_base_patch16_224_miil.in21k_fz,16.7,1.63,17.916228111416793,12.547826535347806,9.790364049967247,16.7\pm{1.63},16.7+-1.63
24,fz_448,cars,hideit3_base_patch16_224.fb_in22k_ft_in1k_fz,59.47,4.39,62.37053394038479,48.10886887627737,7.379940021996903,59.47\pm{4.39},59.47+-4.39
24,fz_448,cars,hideit3_base_patch16_224.fb_in1k_fz,56.74,4.48,59.58723735975079,45.26684886299179,7.895278676676655,56.74\pm{4.48},56.74+-4.48
24,fz_448,cars,hivit_base_patch16_224.in1k_mocov3_fz,52.23,5.12,55.34234608606501,38.67769146538624,9.81140331436266,52.23\pm{5.12},52.23+-5.12
24,fz_448,cars,hivit_base_patch16_224.dino_fz,61.84,4.52,64.2059445342619,49.54237581176955,7.311337431422165,61.84\pm{4.52},61.84+-4.52
24,fz_448,cars,hivit_base_patch16_clip_224.laion2b_fz,90.66,0.44,90.99123091715931,89.79486230629003,0.4880466637187906,90.66\pm{0.44},90.66+-0.44
24,fz_448,cars,hivit_base_patch16_siglip_224.v2_webli_fz,31.13,2.08,32.19312001601548,25.50756640510069,6.697211842770989,31.13\pm{2.08},31.13+-2.08
24,fz_448,cars,hivit_base_patch16_224.mae_fz,18.6,4.43,24.3772616559644,10.59751699369997,23.797922554844767,18.6\pm{4.43},18.6+-4.43
24,fz_448,cars,hiresnet50.tv_in1k_fz,47.2,3.86,49.74335797331359,36.94789811969753,8.16744885412409,47.2\pm{3.86},47.2+-3.86
24,fz_448,cars,hiresnet50.tv2_in1k_fz,38.29,2.91,40.00436785862698,30.323737188373,7.598216086947887,38.29\pm{2.91},38.29+-2.91
24,fz_448,cars,hiresnet50.gluon_in1k_fz,43.42,3.29,45.175245161231615,34.406593039938606,7.570773895959366,43.42\pm{3.29},43.42+-3.29
24,fz_448,cars,hiresnet50.a1_in1k_fz,36.54,3.9,38.79513833068936,26.0011950946521,10.68403773061155,36.54\pm{3.9},36.54+-3.9
24,fz_448,cars,hiresnet50.in21k_miil_fz,45.72,4.12,47.86499676960455,34.50547650607709,9.00864827274768,45.72\pm{4.12},45.72+-4.12
24,fz_448,cars,hiresnet50.fb_swsl_ig1b_ft_in1k_fz,53.85,4.44,56.29969576651369,41.73258392203372,8.252905063142173,53.85\pm{4.44},53.85+-4.44
24,fz_448,cars,hiresnet50.fb_ssl_yfcc100m_ft_in1k_fz,50.17,3.93,52.20780087417837,39.43254236671206,7.833449423700163,50.17\pm{3.93},50.17+-3.93
24,fz_448,cars,hiresnet50.in1k_mocov3_fz,51.46,3.46,53.17776881288275,41.82018375338585,6.72060004377531,51.46\pm{3.46},51.46+-3.46
24,fz_448,cars,hiresnet50.in1k_supcon_fz,51.72,3.75,53.76451782177317,41.45328362871989,7.244188338627419,51.72\pm{3.75},51.72+-3.75
24,fz_448,cars,hiresnet50.in1k_swav_fz,43.16,4.03,45.2246262295977,32.14822813568267,9.335663213570584,43.16\pm{4.03},43.16+-4.03
24,fz_448,cars,hiresnet50.in1k_spark_fz,21.2,3.09,23.548885134417816,13.630934145431493,14.592885666839594,21.2\pm{3.09},21.2+-3.09
24,fz_448,cub,hivit_base_patch16_224.orig_in21k_fz,85.09,0.67,85.65345109035724,83.44041851235032,0.7875205672846419,85.09\pm{0.67},85.09+-0.67
24,fz_448,cub,hideit_base_patch16_224.fb_in1k_fz,70.47,1.78,71.76176206461692,65.68527409175861,2.526050464984473,70.47\pm{1.78},70.47+-1.78
24,fz_448,cub,hivit_base_patch16_224_miil.in21k_fz,40.1,2.1,41.40015705215039,34.39758398233094,5.238016764790085,40.1\pm{2.1},40.1+-2.1
24,fz_448,cub,hideit3_base_patch16_224.fb_in22k_ft_in1k_fz,83.69,1.38,84.57464584189992,79.93019293210314,1.654257076096765,83.69\pm{1.38},83.69+-1.38
24,fz_448,cub,hideit3_base_patch16_224.fb_in1k_fz,72.8,2.2,74.03331100864061,66.80898085256489,3.0252822244611437,72.8\pm{2.2},72.8+-2.2
24,fz_448,cub,hivit_base_patch16_224.in1k_mocov3_fz,66.08,3.38,67.94114532549814,56.77194570011291,5.121747156549064,66.08\pm{3.38},66.08+-3.38
24,fz_448,cub,hivit_base_patch16_224.dino_fz,76.73,2.02,77.93032220445109,71.17137250102111,2.6329446411003836,76.73\pm{2.02},76.73+-2.02
24,fz_448,cub,hivit_base_patch16_clip_224.laion2b_fz,79.32,0.94,80.19018162764888,77.31841017015816,1.182891139469126,79.32\pm{0.94},79.32+-0.94
24,fz_448,cub,hivit_base_patch16_siglip_224.v2_webli_fz,43.64,2.12,45.090607538778265,37.949341742453726,4.856052459199275,43.64\pm{2.12},43.64+-2.12
24,fz_448,cub,hivit_base_patch16_224.mae_fz,24.42,4.67,30.14858068588607,15.197958597092471,19.102954262456766,24.42\pm{4.67},24.42+-4.67
24,fz_448,cub,hiresnet50.tv_in1k_fz,50.6,3.5,52.63110485225133,41.22777100091178,6.90954825940995,50.6\pm{3.5},50.6+-3.5
24,fz_448,cub,hiresnet50.tv2_in1k_fz,40.77,2.56,42.229425411918086,33.71505348987206,6.284300236420479,40.77\pm{2.56},40.77+-2.56
24,fz_448,cub,hiresnet50.gluon_in1k_fz,46.85,2.95,48.413525738262,38.75151791866019,6.28825519226677,46.85\pm{2.95},46.85+-2.95
24,fz_448,cub,hiresnet50.a1_in1k_fz,35.84,3.54,37.92871317629035,26.51657780338776,9.881410892638433,35.84\pm{3.54},35.84+-3.54
24,fz_448,cub,hiresnet50.in21k_miil_fz,64.96,3.06,66.92388196609488,56.65058096918504,4.711652626670006,64.96\pm{3.06},64.96+-3.06
24,fz_448,cub,hiresnet50.fb_swsl_ig1b_ft_in1k_fz,61.62,3.45,63.54471654287234,52.08252251607996,5.604243821209479,61.62\pm{3.45},61.62+-3.45
24,fz_448,cub,hiresnet50.fb_ssl_yfcc100m_ft_in1k_fz,60.23,3.25,62.14032375846974,51.44344953633859,5.390927034801148,60.23\pm{3.25},60.23+-3.25
24,fz_448,cub,hiresnet50.in1k_mocov3_fz,43.7,2.83,45.53281523543382,36.10432278480142,6.48157574483267,43.7\pm{2.83},43.7+-2.83
24,fz_448,cub,hiresnet50.in1k_supcon_fz,44.37,2.81,46.23831219822127,36.853346022193584,6.338505880427103,44.37\pm{2.81},44.37+-2.81
24,fz_448,cub,hiresnet50.in1k_swav_fz,36.95,2.54,38.27162870781287,29.949996355619977,6.88578737905364,36.95\pm{2.54},36.95+-2.54
24,fz_448,cub,hiresnet50.in1k_spark_fz,19.33,1.32,20.306210436129145,15.988170204924176,6.836652845705074,19.33\pm{1.32},19.33+-1.32
24,fz_448,all,hivit_base_patch16_224.orig_in21k_fz,56.89,20.48,85.65345109035724,33.89779817459908,36.00517640722885,56.89\pm{20.48},56.89+-20.48
24,fz_448,all,hideit_base_patch16_224.fb_in1k_fz,57.83,9.55,71.76176206461692,41.37563756375638,16.52190581725049,57.83\pm{9.55},57.83+-9.55
24,fz_448,all,hivit_base_patch16_224_miil.in21k_fz,29.89,10.17,41.40015705215039,12.547826535347806,34.03262345954873,29.89\pm{10.17},29.89+-10.17
24,fz_448,all,hideit3_base_patch16_224.fb_in22k_ft_in1k_fz,67.15,12.41,84.57464584189992,47.548754875487546,18.480958555512693,67.15\pm{12.41},67.15+-12.41
24,fz_448,all,hideit3_base_patch16_224.fb_in1k_fz,60.7,9.61,74.03331100864061,41.88868886888689,15.837972209599993,60.7\pm{9.61},60.7+-9.61
24,fz_448,all,hivit_base_patch16_224.in1k_mocov3_fz,57.01,7.76,67.94114532549814,38.67769146538624,13.609806277999661,57.01\pm{7.76},57.01+-7.76
24,fz_448,all,hivit_base_patch16_224.dino_fz,66.93,7.75,77.93032220445109,49.54237581176955,11.578737037249173,66.93\pm{7.75},66.93+-7.75
24,fz_448,all,hivit_base_patch16_clip_224.laion2b_fz,78.47,10.58,90.99123091715931,59.52745274527451,13.488465797232543,78.47\pm{10.58},78.47+-10.58
24,fz_448,all,hivit_base_patch16_siglip_224.v2_webli_fz,36.88,5.6,45.090607538778265,25.50756640510069,15.172171277095245,36.88\pm{5.6},36.88+-5.6
24,fz_448,all,hivit_base_patch16_224.mae_fz,24.35,6.99,37.82028202820282,10.59751699369997,28.72057146451467,24.35\pm{6.99},24.35+-6.99
24,fz_448,all,hiresnet50.tv_in1k_fz,49.16,3.61,52.63110485225133,36.94789811969753,7.335705445338025,49.16\pm{3.61},49.16+-3.61
24,fz_448,all,hiresnet50.tv2_in1k_fz,40.81,3.23,44.58595859585959,30.323737188373,7.912075797509875,40.81\pm{3.23},40.81+-3.23
24,fz_448,all,hiresnet50.gluon_in1k_fz,45.59,3.22,48.413525738262,34.406593039938606,7.062310862989698,45.59\pm{3.22},45.59+-3.22
24,fz_448,all,hiresnet50.a1_in1k_fz,37.8,4.15,42.9012901290129,26.0011950946521,10.986617939465317,37.8\pm{4.15},37.8+-4.15
24,fz_448,all,hiresnet50.in21k_miil_fz,54.38,8.73,66.92388196609488,34.50547650607709,16.04849113832872,54.38\pm{8.73},54.38+-8.73
24,fz_448,all,hiresnet50.fb_swsl_ig1b_ft_in1k_fz,57.22,4.79,63.54471654287234,41.73258392203372,8.375518901088185,57.22\pm{4.79},57.22+-4.79
24,fz_448,all,hiresnet50.fb_ssl_yfcc100m_ft_in1k_fz,55.11,5.28,62.14032375846974,39.43254236671206,9.575644285044563,55.11\pm{5.28},55.11+-5.28
24,fz_448,all,hiresnet50.in1k_mocov3_fz,49.43,4.99,54.18541854185418,36.10432278480142,10.094387333061707,49.43\pm{4.99},49.43+-4.99
24,fz_448,all,hiresnet50.in1k_supcon_fz,48.73,4.37,53.76451782177317,36.853346022193584,8.960487088004014,48.73\pm{4.37},48.73+-4.37
24,fz_448,all,hiresnet50.in1k_swav_fz,42.1,5.01,47.74527452745274,29.949996355619977,11.894267236367293,42.1\pm{5.01},42.1+-5.01
24,fz_448,all,hiresnet50.in1k_spark_fz,22.44,4.12,29.36093609360936,13.630934145431493,18.348082830988062,22.44\pm{4.12},22.44+-4.12
