dataset_name,model_name,cka_avg_test,cka_avg_train,dist_avg_train,dist_avg_test,dist_norm_avg_train,dist_norm_avg_test,l2_norm_avg_train,l2_norm_avg_test,cka_0_train,cka_0_test,cka_11_train,cka_11_test,cka_15_train,cka_15_test,cka_high_mean_train,cka_mid_mean_train,cka_low_mean_train,cka_high_mean_test,cka_mid_mean_test,cka_low_mean_test,cka_avg_test_ft,cka_avg_train_ft,dist_avg_train_ft,dist_avg_test_ft,dist_norm_avg_train_ft,dist_norm_avg_test_ft,l2_norm_avg_train_ft,l2_norm_avg_test_ft,cka_0_train_ft,cka_0_test_ft,cka_11_train_ft,cka_11_test_ft,cka_15_train_ft,cka_15_test_ft,cka_high_mean_train_ft,cka_mid_mean_train_ft,cka_low_mean_train_ft,cka_high_mean_test_ft,cka_mid_mean_test_ft,cka_low_mean_test_ft,MSC_train,MSC_test,V_intra_train,V_intra_test,S_inter_train,S_inter_test,clustering_diversity_train,clustering_diversity_test,spectral_diversity_train,spectral_diversity_test,MSC_train_ft,MSC_test_ft,V_intra_train_ft,V_intra_test_ft,S_inter_train_ft,S_inter_test_ft,clustering_diversity_train_ft,clustering_diversity_test_ft,spectral_diversity_train_ft,spectral_diversity_test_ft
aircraft,hideit3_base_patch16_224.fb_in1k,0.8677628040313721,0.8442214131355286,24.548263549804688,24.549976348876953,0.6341435313224792,0.6332362294197083,24.040931701660156,24.048336029052734,0.6373839974403381,0.6862034797668457,0.8210049271583557,0.8448854684829712,,,0.9713699221611024,0.9771808385849,0.8951666355133057,0.9716776609420776,0.98027503490448,0.9055756330490112,0.7128004431724548,0.6985975503921509,27.785688400268555,27.767765045166016,0.6246525645256042,0.6250503063201904,26.7509822845459,26.729698181152344,0.5757178664207458,0.6102548837661743,0.5248531699180603,0.5308094620704651,,,0.8870235681533813,0.95614093542099,0.9456194639205932,0.8946657180786133,0.960795521736145,0.9507337808609008,-0.07574413460285721,-0.06452571457174476,0.0967543049886487,0.0945195610496566,0.14258532538777283,0.14012985168631217,0.0971053685897436,0.09196584556254368,0.03044682449828355,0.02702569371124483,0.6023715092871542,0.5426004864679421,0.3437911614757819,0.3874375572108803,0.9568577615688684,0.9566971424267564,0.20072115384615383,0.10940448113207546,0.05212179131996938,0.019806775563168077
aircraft,hideit3_base_patch16_224.fb_in22k_ft_in1k,0.8111335039138794,0.7943703532218933,29.172897338867188,29.141742706298828,0.6493135094642639,0.6494184732437134,33.08243179321289,33.08730697631836,0.6513385772705078,0.6870049834251404,0.5339515209197998,0.5458143353462219,,,0.8534794449806213,0.9879835247993468,0.8915294408798218,0.8533716201782227,0.9898412823677064,0.9040640592575072,0.656015932559967,0.6471807360649109,31.957576751708984,31.8778076171875,0.6467446088790894,0.6459004878997803,34.040977478027344,33.9871826171875,0.5008624792098999,0.5280939936637878,0.3547530770301819,0.36382314562797546,,,0.8192518949508667,0.9854097962379456,0.9012417197227478,0.823760986328125,0.9863216876983644,0.9113651514053344,-0.0332230640128434,-0.01946936092381622,0.231437122489508,0.22333047481385848,0.36354006688560575,0.3588926674477866,0.08266977163461539,0.07972626222921034,0.03190800948784902,0.02689166029669204,0.6156120427265962,0.5645150864865668,0.33852316815122174,0.3734857181186142,0.958409035054073,0.957273796032556,0.13462094907407407,0.0828649109014675,0.044747057633522234,0.021156126973014208
aircraft,hideit_base_patch16_224.fb_in1k,0.8318833708763123,0.8156874775886536,22.839155197143555,22.866851806640625,0.4652815759181976,0.4654115438461304,22.653499603271484,22.660137176513672,0.6399619579315186,0.6729714870452881,0.5825480818748474,0.5805234909057617,,,0.8758755326271057,0.9809376001358032,0.8826919794082642,0.8750452995300293,0.984155774116516,0.8946572542190552,0.7490124702453613,0.7319059371948242,24.482913970947266,24.49513053894043,0.4783373773097992,0.4789271354675293,23.55113983154297,23.55257225036621,0.5788244605064392,0.6239097714424133,0.5007385611534119,0.5034548044204712,,,0.8555389642715454,0.973156213760376,0.9160492420196532,0.8657448291778564,0.9777277708053588,0.9289002418518066,-0.04097804541229131,-0.04959958803308771,0.3143739384534625,0.3100217263416121,0.4284265118564112,0.4287217397923875,0.1317844662571225,0.12141094514325648,0.04729938306487524,0.03892854933843672,0.5708890509592817,0.5028630892436328,0.3676621710516278,0.4158177117203325,0.949866451646366,0.9475382213007236,0.17664930555555555,0.11645975279524808,0.05223017978744629,0.027876728173321905
aircraft,hiresnet50.a1_in1k,0.7238094806671143,0.7058530449867249,8.581119537353516,8.595128059387207,0.48820042610168457,0.4869864583015442,21.39661026000977,21.412391662597656,0.2030961960554123,0.2363890111446381,0.7846850156784058,0.8033939003944397,0.573844313621521,0.5520505309104919,0.8639334440231323,0.8871986269950867,0.6737319827079773,0.8577215671539307,0.9039629101753236,0.6893508434295654,0.5798765420913696,0.5651839375495911,10.344664573669434,10.327350616455078,0.3911025524139404,0.3897949457168579,22.52152633666992,22.51728057861328,0.17005540430545807,0.1969357430934906,0.7042422890663147,0.7163898348808289,0.2180458158254623,0.2356720119714737,0.7121410965919495,0.8574022054672241,0.638258159160614,0.7328085899353027,0.8535733222961426,0.658548891544342,-0.03991203367825509,-0.051246393987086705,0.06276809442483071,0.06086034798578436,0.07396540436903873,0.07343682360961029,0.07056707398504275,0.07375565055031447,0.011177807688139953,0.009984383957003648,0.4671064290907509,0.39716572170959374,0.07618382388285606,0.08298580259172451,0.16215484302794045,0.15932796235292584,0.07075070112179488,0.07406929703878407,0.009788665669755291,0.00949814184656683
aircraft,hiresnet50.fb_ssl_yfcc100m_ft_in1k,0.7575060129165649,0.7411988377571106,5.934673309326172,5.926015853881836,0.44888392090797424,0.44768157601356506,10.164119720458984,10.15911102294922,0.2139052450656891,0.23207910358905792,0.825839102268219,0.8356311321258545,0.6763226985931396,0.7118222713470459,0.854308009147644,0.970570743083954,0.69471275806427,0.8756275177001953,0.9737404584884644,0.7122565507888794,0.6630653142929077,0.6381195783615112,6.124790668487549,6.10954475402832,0.4350588917732239,0.4359232187271118,10.17063808441162,10.162025451660156,0.2672986388206482,0.3067265748977661,0.7312195897102356,0.7557290196418762,0.44270962476730347,0.4607439935207367,0.7958549857139587,0.891476035118103,0.6797400712966919,0.8092381954193115,0.8997406959533691,0.7016770243644714,-0.017109977413626912,-0.02838541432950588,0.2298783314791255,0.22178794479157843,0.2517384260832396,0.24570557750839697,0.07390887920673077,0.07610431407232704,0.007693976880266117,0.006910493421667027,0.5415768317417949,0.4705967981988946,0.3958392630331053,0.45066802548058493,0.9366220042529404,0.9305717338749584,0.0722812750400641,0.07398904284591194,0.030144817518213626,0.018879871323423565
aircraft,hiresnet50.fb_swsl_ig1b_ft_in1k,0.7722455263137817,0.7523627877235413,7.016519546508789,7.01662015914917,0.4691336452960968,0.4677802324295044,13.23891830444336,13.239832878112791,0.2015826255083084,0.2228323072195053,0.83243328332901,0.8477339148521423,0.6733675003051758,0.7181857824325562,0.8891004920005798,0.9438318610191344,0.7075991630554199,0.908733069896698,0.9451120495796204,0.7242085933685303,0.6745760440826416,0.6511990427970886,7.335277557373047,7.320436477661133,0.4378505051136017,0.4387141466140747,13.404769897460938,13.398942947387695,0.3050685226917267,0.34217268228530884,0.7233479619026184,0.7511857151985168,0.48681411147117615,0.5069602727890015,0.8176905512809753,0.878767728805542,0.7016077637672424,0.8309664130210876,0.8911846876144409,0.7193233370780945,-0.0010216163564823297,-0.0038126384427603862,0.2671811474496127,0.25389935955925663,0.2932810087373367,0.2834962562866156,0.07135896601228632,0.07439809355345911,0.0071874053145830445,0.006520663792232297,0.545241644958834,0.4742664595829413,0.39171528190147575,0.4452713622983043,0.935141003480299,0.9303482607782454,0.07097501836271367,0.07385596829140462,0.025346171719810136,0.01725447437954399
aircraft,hiresnet50.gluon_in1k,0.71262526512146,0.6894676089286804,4.388266563415527,4.3897271156311035,0.4849625825881958,0.4826570153236389,6.688648223876953,6.692361354827881,0.1904955953359604,0.228649377822876,0.7752971649169922,0.8000763058662415,0.4556349217891693,0.4558164179325104,0.8110382556915283,0.8769450187683105,0.6860975027084351,0.8118252754211426,0.8911283612251282,0.70440673828125,0.6797206401824951,0.6526134014129639,4.635527610778809,4.625033378601074,0.44810962677001953,0.4469950199127197,6.642224311828613,6.637513637542725,0.278141587972641,0.31933072209358215,0.728713870048523,0.7591789364814758,0.44343703985214233,0.4805968105792999,0.8080538511276245,0.9010621905326844,0.6859719753265381,0.8289134502410889,0.9101998805999756,0.7106396555900574,-0.028233943370502484,-0.03380719823540535,0.2998519399636741,0.28845638005973023,0.3311405823182496,0.3237579392229112,0.07485518496260685,0.07666936910377359,0.01302337610664276,0.011432285930188198,0.5371453229817544,0.4655251619349785,0.4008648763974451,0.4550505704554093,0.940685149100356,0.937730543930898,0.07307525373931624,0.07458276008909853,0.034682152649531,0.02226166497423963
aircraft,hiresnet50.in1k_mocov3,0.7440775632858276,0.7132874131202698,7.442183971405029,7.455620765686035,0.4903493523597718,0.49053123593330383,14.106913566589355,14.120306015014648,0.1947452872991562,0.2368672788143158,0.7132689356803894,0.7728328108787537,0.6440967321395874,0.6867660880088806,0.8687511682510376,0.85611891746521,0.6874375939369202,0.8914915919303894,0.8713409304618835,0.7015941143035889,0.6193503737449646,0.5881098508834839,7.670035839080811,7.653834819793701,0.4345258176326752,0.4512680768966675,14.15919589996338,14.153627395629885,0.2008322775363922,0.22649116814136505,0.6757325530052185,0.7118238806724548,0.5179262161254883,0.5456272959709167,0.8174030780792236,0.7720162272453308,0.590941846370697,0.8522500395774841,0.7984524369239807,0.6186059713363647,-0.006209436534170567,-0.004826037318401994,0.0907570188068392,0.08979977031247569,0.1038704464919024,0.10437287721547164,0.0718994140625,0.07479035639412998,0.011131672869221523,0.009851280740409526,0.4860022910148597,0.4219132677733591,0.18474289122344537,0.19847324101316308,0.4175266635238422,0.4031101255534451,0.07067662426549146,0.07381911687631026,0.02736098107953484,0.021245436496892065
aircraft,hiresnet50.in1k_spark,0.7487069368362427,0.7332032918930054,6.6142425537109375,6.619336128234863,0.4559781849384308,0.45197394490242,24.2421932220459,24.24526596069336,0.21111911535263064,0.2472533881664276,0.7943950891494751,0.8091297149658203,0.7151782512664795,0.7391358613967896,0.8924930095672607,0.901868462562561,0.6077656745910645,0.9011783599853516,0.9123818278312684,0.6169854402542114,0.5636765956878662,0.5370694994926453,7.000166416168213,7.007216930389404,0.4108690023422241,0.4090786278247833,24.022214889526367,24.02229118347168,0.27203071117401123,0.30041661858558655,0.6219438314437866,0.6430577039718628,0.4555143415927887,0.48128125071525574,0.8171465992927551,0.7252017855644226,0.691739022731781,0.8380556106567383,0.7557364106178284,0.7049126625061035,-0.04548972180812797,-0.04503045852948102,0.02881139362655352,0.027928306523059197,0.030578476282541303,0.03033148029495443,0.07036258012820512,0.07365533280922432,0.007245358867714037,0.006880473978114578,0.4672755436156316,0.37748631554093987,0.19074338638860908,0.21472534589995176,0.41613510822353833,0.40787322997876546,0.07033545339209402,0.07361848139412998,0.01950290494670089,0.013174841285876506
aircraft,hiresnet50.in1k_supcon,0.8016236424446106,0.7826499938964844,0.601360559463501,0.6022964119911194,0.49309954047203064,0.4918204247951507,0.9621939063072203,0.9632158279418944,0.5548921227455139,0.5830362439155579,0.8410440683364868,0.858956515789032,0.45128992199897766,0.4471499025821686,0.811214029788971,0.9629321098327636,0.8380905985832214,0.8229586482048035,0.9675759673118592,0.853577196598053,0.6734289526939392,0.6396392583847046,0.8003217577934265,0.7986456155776978,0.4639223217964173,0.4627416729927063,1.2355687618255615,1.2347402572631836,0.42556560039520264,0.4621251523494721,0.6715500950813293,0.7078741788864136,0.4542451798915863,0.4962467551231384,0.8262906670570374,0.8653426170349121,0.7462945580482483,0.8546390533447266,0.8860594034194946,0.7678735256195068,-0.03582499571626762,-0.05023049009332883,0.0058294772639944665,0.005781713177875333,0.007768721060680903,0.00776649881236256,0.07403929620726496,0.07611741679769392,0.009572577734406175,0.00895788977449795,0.5585041234809177,0.4830322796421938,0.3754210920761559,0.4308980568650622,0.9271945195535,0.9212770265333208,0.07213520799946581,0.07432275288259957,0.03147251069402465,0.021179107843704945
aircraft,hiresnet50.in1k_swav,0.7847186923027039,0.7667604088783264,4.626498699188232,4.633462905883789,0.5059158205986023,0.5040510892868042,8.761152267456055,8.770000457763672,0.5076945424079895,0.5460731983184814,0.7818456292152405,0.8008372187614441,0.753975510597229,0.7698382139205933,0.8726985454559326,0.8991149663925171,0.7610527276992798,0.8798661828041077,0.908460021018982,0.775825023651123,0.7140145897865295,0.7228518128395081,5.269259452819824,5.2450737953186035,0.39894899725914,0.4051843285560608,9.135608673095703,9.128010749816896,0.26810422539711,0.29945725202560425,0.8044152855873108,0.792059063911438,0.7660053372383118,0.7367409467697144,0.974492371082306,0.9548296928405762,0.7161612510681152,0.9593226313591005,0.9436753988265992,0.7430645823478699,-0.010827485453975938,-0.03383838341067445,0.08860891918132476,0.08738326034312456,0.09630670504011817,0.0966698674154544,0.07307838374732906,0.07563179703878406,0.011132142399079526,0.01011221912109627,0.47942691615069727,0.3959136566562033,0.2460708529981416,0.2772888921575891,0.5552751757239275,0.5439450672636303,0.07222910823985043,0.07453771947064988,0.023126064620625515,0.020655012917968466
aircraft,hiresnet50.in21k_miil,0.8719392418861389,0.8701015710830688,42.20716857910156,41.71343231201172,0.24175527691841123,0.2427864968776703,41.37910079956055,41.11963653564453,0.5009368062019348,0.5061147809028625,0.8840898871421814,0.877788245677948,0.9118986129760742,0.9126988649368286,0.9514977931976318,0.9554009437561036,0.8318850994110107,0.9495446085929872,0.953002154827118,0.8361058235168457,0.6279323697090149,0.6156154870986938,5.9652204513549805,5.9640045166015625,0.4149280786514282,0.4149985909461975,13.019827842712402,13.024325370788574,0.15438774228096008,0.185184508562088,0.7110888361930847,0.7192944288253784,0.3621519207954407,0.38001683354377747,0.7915687561035156,0.8966560363769531,0.6716621518135071,0.8066542744636536,0.902702808380127,0.6848624348640442,-0.05089906791197589,-0.09069534933770734,0.22080346436668444,0.21334118882292324,0.22688358836810835,0.22298551622326837,0.07301265357905984,0.0760256977201258,0.0005913619668437885,0.0008516951270823209,0.49558876431685206,0.42710975680317814,0.17530678588352752,0.19163891417895057,0.4011193131612136,0.3950550271449091,0.0705608139690171,0.07382894392033543,0.014800626856203262,0.01127781662738548
aircraft,hiresnet50.tv2_in1k,0.7265939712524414,0.7095609307289124,7.555711269378662,7.557337760925293,0.4928819537162781,0.4904702603816986,15.082313537597656,15.087594032287598,0.1961820274591446,0.23102067410945892,0.7804050445556641,0.793808102607727,0.5422126054763794,0.5159334540367126,0.8555685877799988,0.8964336514472961,0.6683610677719116,0.8478720188140869,0.9105473160743712,0.6921963691711426,0.7381631135940552,0.7346804141998291,8.9796142578125,8.964166641235352,0.3604262471199035,0.3609161376953125,15.716341018676758,15.71440887451172,0.1391676515340805,0.17318065464496613,0.6934565305709839,0.7011550664901733,0.67960125207901,0.6839341521263123,0.9032623767852784,0.9883878231048584,0.6619836688041687,0.9046922326087952,0.9870964288711548,0.6763918995857239,-0.06048390823009661,-0.05002134631090014,0.17593623937414235,0.16770007002266002,0.20604410664776057,0.20043240540915655,0.07130679921207266,0.07425723925576519,0.010995916878947845,0.009987567393284925,0.5109111632670663,0.4425994865713109,0.4235273426602072,0.47535419756675007,0.9352818139436184,0.9338680311593678,0.07096562833867522,0.07400132665094339,0.02222644548433331,0.017522415462529882
aircraft,hiresnet50.tv_in1k,0.7375680208206177,0.7154243588447571,0.970773994922638,0.9718973636627196,0.48136669397354126,0.47823792695999146,1.211902141571045,1.212928295135498,0.3735834062099457,0.4070185124874115,0.7686151266098022,0.7866512537002563,0.5720602869987488,0.6041543483734131,0.8315327763557434,0.923111855983734,0.6894751191139221,0.8560768961906433,0.9286285638809204,0.7117412090301514,0.6662830114364624,0.6445803046226501,0.9540547728538512,0.9536717534065248,0.4663282036781311,0.46438467502593994,1.187822699546814,1.1882425546646118,0.3655356168746948,0.40142664313316345,0.7091825008392334,0.7333362698554993,0.4045885503292084,0.4156056046485901,0.8383532166481018,0.9050448536872864,0.6890948414802551,0.8436405658721924,0.9140020608901978,0.7100328207015991,-0.009851958458892748,-0.01070007580688403,0.13329544873834115,0.12727034433572637,0.1497642666361357,0.14686487244144072,0.08066552317040598,0.08096174004192871,0.01086842780932784,0.009871034478803851,0.583561771295,0.5072351093503039,0.36914185955134665,0.42719029512946033,0.9567395705362732,0.9531806242875268,0.07755951188568377,0.07509990828092243,0.036738257282055334,0.019289625422009883
aircraft,hivit_base_patch16_224.dino,0.9011822938919068,0.8833465576171875,72.74507141113281,72.95295715332031,0.622918963432312,0.6235924959182739,64.17193603515625,64.30653381347656,0.6948323845863342,0.7325263619422913,0.8884533047676086,0.9072256684303284,,,0.9926040768623352,0.9788710474967957,0.8950643539428711,0.9934154152870178,0.9824360013008118,0.9076811075210572,0.7811325192451477,0.7741879224777222,56.915672302246094,56.98974609375,0.5076630115509033,0.5090326070785522,61.7171630859375,61.75200653076172,0.5915016531944275,0.6234714984893799,0.7287576198577881,0.7173076868057251,,,0.9679893851280212,0.9593601822853088,0.916932225227356,0.9659829139709472,0.9605731964111328,0.9276703596115112,-0.02980692518874611,-0.03271011134011757,0.2908345907778479,0.28303496466144784,0.3336971239416822,0.33359372170923896,0.1553054331374644,0.1368836259608665,0.03936740459922033,0.02939335711347232,0.6184499355315224,0.543437829100059,0.33784171535839996,0.39340459383785314,0.9600682082434856,0.95828933512641,0.20802867922008547,0.1102976502445842,0.06781073263249336,0.031009686724194935
aircraft,hivit_base_patch16_224.in1k_mocov3,0.8961269855499268,0.8770550489425659,8.820255279541016,8.84404182434082,0.5956567525863647,0.5975190997123718,8.557538032531738,8.573452949523926,0.6587470173835754,0.7032187581062317,0.8780660033226013,0.9065113067626952,,,0.9901686906814576,0.9877514243125916,0.8774338960647583,0.993739128112793,0.9897005558013916,0.8932340145111084,0.8580936789512634,0.8310399055480957,9.077564239501951,9.096986770629885,0.5671602487564087,0.569043755531311,8.684186935424805,8.692338943481445,0.6732721924781799,0.7273334264755249,0.8167572617530823,0.8436291217803955,,,0.9905810952186584,0.9781585931777954,0.934266984462738,0.9913498163223268,0.9830451607704164,0.9429054260253906,-0.02241574344890033,-0.02747198508797881,0.1134718070587422,0.11224532808130087,0.13250153668754988,0.13243895697951685,0.1013816550925926,0.09636836128581412,0.02937682297749397,0.023458112054650888,0.5228098308800093,0.4311458565504385,0.398155120761647,0.46232328331764305,0.9369711490173648,0.9346388822244156,0.16771278490028493,0.1228462395178197,0.06437272258484976,0.03719279573023694
aircraft,hivit_base_patch16_224.mae,0.8881218433380127,0.8680473566055298,11.94702434539795,11.972784042358398,0.5420602560043335,0.5427629947662354,11.06549072265625,11.083778381347656,0.6746780872344971,0.7033029794692993,0.8863528966903687,0.9027002453804016,,,0.9872509241104126,0.9786953926086426,0.868858814239502,0.9888931512832642,0.982729196548462,0.8782972097396851,0.5412130951881409,0.5199148654937744,16.527759552001953,16.404991149902344,0.5976978540420532,0.597836971282959,18.210844039916992,18.2096004486084,0.4913402795791626,0.506616473197937,0.3839164972305298,0.4064072370529175,,,0.9007021188735962,0.8513888716697693,0.9235454797744752,0.907246470451355,0.8583072423934937,0.9283687472343444,-0.10753544306960446,-0.08449198774878823,0.05533026863526749,0.054270320267524805,0.057854828761575966,0.0581219156934669,0.07102196848290598,0.07413576607267645,0.017830923963815738,0.015947868332922836,0.5698911125668057,0.43225211710062095,0.34770533316678337,0.44403592430136246,0.95929711958036,0.9554263879990008,0.1914535478988604,0.1281408324598183,0.06193899711928307,0.03268664110006776
aircraft,hivit_base_patch16_224.orig_in21k,0.8338279128074646,0.818028450012207,13.887813568115234,13.915714263916016,0.6020435094833374,0.6038769483566284,13.569334983825684,13.592992782592772,0.721100389957428,0.750511884689331,0.5173433423042297,0.5421308279037476,,,0.8466086983680725,0.9779801964759828,0.9268250465393066,0.8559147715568542,0.980595886707306,0.9373693466186525,0.6970137357711792,0.6710785627365112,14.870792388916016,14.868610382080078,0.6130424737930298,0.6134099364280701,13.48095989227295,13.494895935058594,0.5586841702461243,0.5927413702011108,0.3052893579006195,0.344823956489563,,,0.8007116317749023,0.9775535464286804,0.9132477641105652,0.8184537291526794,0.9791776537895204,0.9274082779884338,-0.010937580849127717,-0.004778203662594728,0.2887131649975947,0.2841914388836972,0.3866991495090604,0.38493985453277574,0.16032040153133903,0.146486285814116,0.04594144831674221,0.03808675415860782,0.5721947575978454,0.48946242340999985,0.3676040400324366,0.4237975007761277,0.9537808013395002,0.9542562770870124,0.18789368545227916,0.1376217461565339,0.07226360403001308,0.047453331497480274
aircraft,hivit_base_patch16_224_miil.in21k,0.8623701930046082,0.8528745174407959,13.242826461791992,13.26386547088623,0.5758021473884583,0.5785667300224304,13.732040405273438,13.762922286987305,0.7137245535850525,0.7300052642822266,0.7002573013305664,0.7206956148147583,,,0.9272948503494264,0.9793182611465454,0.9172936081886292,0.935833752155304,0.980726718902588,0.9221476316452026,0.6699905395507812,0.6598296761512756,15.317885398864746,15.317587852478027,0.6201743483543396,0.6208652257919312,14.048213005065918,14.0484037399292,0.5394291877746582,0.5564028024673462,0.32725638151168823,0.3371209502220154,,,0.8154808282852173,0.9728326797485352,0.9173091053962708,0.8260802030563354,0.9708585739135742,0.9250596761703492,-0.03998200940285933,-0.05709981429143914,0.21857388269420153,0.20690277648656183,0.23849794572710328,0.2314639938528496,0.07793163506054131,0.07966074860237597,0.021048566135458455,0.018466060172836737,0.5794739956056277,0.5070131591389765,0.3613420418860335,0.4108092605112588,0.9455411835043288,0.9451933974017468,0.11804442663817664,0.08630000873515024,0.056244370503685415,0.03517390037857512
aircraft,hivit_base_patch16_clip_224.laion2b,0.8595055341720581,0.8395462036132812,62.165679931640625,62.299949645996094,0.6266566514968872,0.6277371644973755,58.2520751953125,58.379600524902344,0.6725378632545471,0.6879881620407104,0.8282999396324158,0.8466764688491821,,,0.9699786901474,0.9804243445396424,0.8385920524597168,0.9707099199295044,0.9843227863311768,0.8472270369529724,0.7995827794075012,0.7825027704238892,61.760215759277344,61.64637756347656,0.6179674863815308,0.6181501150131226,64.81361389160156,64.81047821044922,0.5703251361846924,0.5958203673362732,0.6256524920463562,0.6495168209075928,,,0.9110533595085144,0.9804476499557496,0.8894385099411011,0.9173529744148254,0.9840814471244812,0.8972607851028442,0.05373283180081815,0.055572096933191435,0.27174536095017293,0.2695485242791504,0.3910299189340198,0.38943717195203387,0.1113990718482906,0.1008418501048218,0.03313120077244747,0.029645421407507654,0.5822574316516902,0.48052851334676,0.2349637637556298,0.29027923018781615,0.7168922422895425,0.7120646835826177,0.15659916978276353,0.10055249825296995,0.0673291692749048,0.03774212610046818
aircraft,hivit_base_patch16_siglip_224.v2_webli,0.8342464566230774,0.8274514675140381,82.31655883789062,82.00126647949219,0.5695326328277588,0.5696879625320435,87.93669128417969,87.85896301269531,0.554495096206665,0.578490674495697,0.8062923550605774,0.809614360332489,,,0.9800727367401124,0.9682819843292236,0.8405748605728149,0.9793455600738524,0.9692955017089844,0.8460307121276855,0.5990819931030273,0.573051929473877,91.49071502685548,91.38396453857422,0.6337404251098633,0.6353185176849365,98.04000091552734,98.02254486083984,0.41553542017936707,0.4460086524486542,0.3553469479084015,0.40179166197776794,,,0.8364460468292236,0.9603549242019652,0.8812873959541321,0.8593964576721191,0.948448121547699,0.8996434807777405,-0.03878347438792662,-0.05397308557187724,0.2231529217313783,0.2137080541563896,0.23914992783553768,0.2331523923286747,0.2442985165153134,0.2344104865478686,0.024646614272242937,0.024831681319002832,0.622160056926322,0.5778730319578245,0.3493550846711653,0.3838563965330992,0.9669998103862022,0.9665495098206136,0.18701867432336175,0.1716306887665968,0.04418142727361276,0.037563217979557105
cars,hideit3_base_patch16_224.fb_in1k,NaN,0.6899849772453308,27.16263961791992,27.05604553222656,0.6366013288497925,0.6356654167175293,24.648712158203125,24.61823081970215,0.38070422410964966,NaN,0.6981126666069031,NaN,,,0.9642731547355652,0.933886170387268,0.8038736581802368,NaN,NaN,NaN,NaN,0.6148141622543335,29.550933837890625,29.515682220458984,0.6387902498245239,0.6392786502838135,25.918643951416016,25.851104736328125,0.4502391517162323,NaN,0.4806061089038849,NaN,,,0.8827567100524902,0.9291843175888062,0.9053264260292052,NaN,NaN,NaN,0.13966166430015972,0.15164355482677436,0.2072817124936737,0.2037861978221989,0.27114136449490295,0.27114525901967534,0.12979822834645668,0.11059287107834705,0.04571005944504825,0.03971217450483766,0.20198570924127565,0.20030807369055703,0.7614773232253306,0.7580258098591466,0.8875003458255151,0.8846715555554837,0.20547512941090695,0.11958768929413832,0.05665382081911632,0.02491202572035411
cars,hideit3_base_patch16_224.fb_in22k_ft_in1k,NaN,0.6372957229614258,31.304105758666992,31.163497924804688,0.6553105115890503,0.6542340517044067,32.232879638671875,32.18288803100586,0.3260354697704315,NaN,0.4674180746078491,NaN,,,0.8474676012992859,0.9568597078323364,0.7730414271354675,NaN,NaN,NaN,NaN,0.5871491432189941,34.655914306640625,34.47972106933594,0.6416734457015991,0.6397590637207031,31.11351776123047,30.92924118041992,0.4250504672527313,NaN,0.32025983929634094,NaN,,,0.8091859817504883,0.9563958644866944,0.901547074317932,NaN,NaN,NaN,0.16608923843233692,0.1824447541802569,0.4661772820468437,0.4568761780840746,0.6012754485807935,0.602519624816731,0.11149387576552933,0.0936760517262084,0.04785032140144838,0.03891525851197974,0.193396620273575,0.18695389428704773,0.7573870923919412,0.7576843665356672,0.8751501837232618,0.8716631753135031,0.21304726232137647,0.1228963599469824,0.07310783722269254,0.03253614673854182
cars,hideit_base_patch16_224.fb_in1k,NaN,0.6842241287231445,24.78528594970703,24.676313400268555,0.4791258573532105,0.478850930929184,23.25840759277344,23.243030548095703,0.39434683322906494,NaN,0.588831901550293,NaN,,,0.90884530544281,0.9420840740203856,0.7702672481536865,NaN,NaN,NaN,NaN,0.6552849411964417,26.83322525024414,26.758153915405273,0.5411375761032104,0.5406545996665955,22.78132438659668,22.707195281982425,0.5262150168418884,NaN,0.4371486008167267,NaN,,,0.8484933376312256,0.939495086669922,0.924859344959259,NaN,NaN,NaN,0.09534709737398683,0.09878046435384116,0.5223598927646953,0.5140710677468487,0.6231578802867698,0.6188681678983465,0.16647528433945755,0.145601798641581,0.05228367279677253,0.044867389061778944,0.2154899835101884,0.19139119141030475,0.7397926137348634,0.7597976848100739,0.8805003771972043,0.8768765870797116,0.24639449365704288,0.16483396491124302,0.06998762504009437,0.03534549021373981
cars,hiresnet50.a1_in1k,NaN,0.5307393670082092,9.435173988342283,9.434370994567873,0.4950580000877381,0.49651598930358887,21.957603454589844,21.98391342163086,0.19969764351844788,NaN,0.6098148822784424,NaN,0.46454906463623047,NaN,0.8112289905548096,0.8116191029548645,0.555566132068634,NaN,NaN,NaN,NaN,0.4894593358039856,10.939567565917969,10.89116382598877,0.33615922927856445,0.3345092236995697,22.51982307434082,22.520191192626953,0.20072679221630096,NaN,0.5684292912483215,NaN,0.4365447759628296,NaN,0.7450759410858154,0.8142954111099243,0.5402891039848328,NaN,NaN,NaN,0.03883737079500051,0.04054822170200192,0.07559863887622857,0.07511149253733565,0.0759804656056933,0.07582483663593452,0.07055172790901137,0.07049015229115586,0.029543880255907536,0.025890687864924232,0.08514341115505482,0.06031678314757589,0.1692761336005153,0.16899993085752216,0.18996214916395088,0.18222996864080465,0.07190251120953631,0.07174205693879857,0.019103258701525336,0.017113628752884413
cars,hiresnet50.fb_ssl_yfcc100m_ft_in1k,NaN,0.6269415616989136,6.067669868469238,6.063492774963379,0.44219058752059937,0.4416678249835968,10.180697441101074,10.184053421020508,0.26605647802352905,NaN,0.73358154296875,NaN,0.4948493242263794,NaN,0.7474497556686401,0.9288515448570251,0.6599334478378296,NaN,NaN,NaN,NaN,0.500245988368988,6.348649978637695,6.334020614624023,0.4125714898109436,0.4151758849620819,10.332818984985352,10.327225685119627,0.2188013046979904,NaN,0.5682557225227356,NaN,0.3916679918766022,NaN,0.7358960509300232,0.724141538143158,0.624103844165802,NaN,NaN,NaN,0.033660385890777036,0.03307828367419243,0.2607273398198156,0.255822706497603,0.26164154700085207,0.25813679154988767,0.07663751503718286,0.07417833819955263,0.023644873857732833,0.020781470965298393,0.20908046456985752,0.18282161143534595,0.7298384398965939,0.7516849785195973,0.8715454564747235,0.8682229356899155,0.07533884924540682,0.07115948848910614,0.04267725509804064,0.029800704015152796
cars,hiresnet50.fb_swsl_ig1b_ft_in1k,NaN,0.6284620761871338,7.286757946014404,7.283608913421631,0.4544663727283478,0.4548018872737885,13.456257820129396,13.463714599609377,0.2567419409751892,NaN,0.7171924710273743,NaN,0.5007209181785583,NaN,0.825977087020874,0.8801795840263367,0.6708346605300903,NaN,NaN,NaN,NaN,0.4728931486606598,7.580171585083008,7.562298774719238,0.4096572399139404,0.4123150110244751,13.575425148010254,13.571823120117188,0.23573090136051175,NaN,0.558701753616333,NaN,0.3868861496448517,NaN,0.7422982454299927,0.6328686475753784,0.6434698700904846,NaN,NaN,NaN,0.03670559934791162,0.044240792648084885,0.28012684677765626,0.27292532153694815,0.28687104768049854,0.2820034112040677,0.07239292842300962,0.07148845398734247,0.024229463101841337,0.0211976935406999,0.20442674647456732,0.18084148959311253,0.734011588017845,0.7560197881927821,0.8724675639549292,0.8705645165267516,0.072307489884077,0.07078989064785243,0.037366550122424375,0.027619459444568274
cars,hiresnet50.gluon_in1k,NaN,0.5326598882675171,4.931727409362793,4.927713871002197,0.47601819038391113,0.47749096155166626,6.971018314361572,6.9768829345703125,0.2084629386663437,NaN,0.6131657958030701,NaN,0.4292365610599518,NaN,0.7917284965515137,0.7104540467262268,0.6118240356445312,NaN,NaN,NaN,NaN,0.5654336810112,4.799240589141846,4.787320137023926,0.4502562284469605,0.4532855153083801,6.758771896362305,6.755759239196777,0.2651804983615875,NaN,0.6352455019950867,NaN,0.45091983675956726,NaN,0.7924361824989319,0.7497648596763611,0.6413164734840393,NaN,NaN,NaN,0.03005245163843687,0.030417648395360652,0.3037528633585664,0.294923799834472,0.30199993709228856,0.29529546375914567,0.07734323736876639,0.07483422130073236,0.033709499075656804,0.02891349003073715,0.20763364000966472,0.1826840425688447,0.7393871650383307,0.7604406411640734,0.8767464596455735,0.8747306550862524,0.07499367754811898,0.07189696183916205,0.04730020844795573,0.03353811930569392
cars,hiresnet50.in1k_mocov3,NaN,0.509191632270813,8.723159790039062,8.722861289978027,0.4799855947494507,0.4812926650047302,14.851608276367188,14.864850044250488,0.17774441838264465,NaN,0.5549709796905518,NaN,0.4548018276691437,NaN,0.8115408420562744,0.6727726459503174,0.5847733020782471,NaN,NaN,NaN,NaN,0.5606946349143982,8.010686874389648,7.990360260009766,0.43668973445892334,0.4396871328353882,14.278319358825684,14.27872085571289,0.3148879408836365,NaN,0.6052405834197998,NaN,0.43426671624183655,NaN,0.7771698832511902,0.7041931748390198,0.6621235609054565,NaN,NaN,NaN,0.014324247823121534,0.0131361801103552,0.14200159439077004,0.1430911205693524,0.1343562168914409,0.1354085503744276,0.0732165559383202,0.0722200567042253,0.02560918024323118,0.02287345172630416,0.09555145068182684,0.06735481802877023,0.26468363749293594,0.26493125886283053,0.29461715420923923,0.2837657881319773,0.07168976924759406,0.0708514640329935,0.03632030169677546,0.029324272026618324
cars,hiresnet50.in1k_spark,NaN,0.5852023363113403,7.853807926177979,7.863044738769531,0.4596450328826904,0.4600904881954193,24.618385314941406,24.632648468017575,0.28814753890037537,NaN,0.634665310382843,NaN,0.4965297877788544,NaN,0.8045684099197388,0.7628140449523926,0.6071191430091858,NaN,NaN,NaN,NaN,0.6098881363868713,7.735554695129395,7.725579261779785,0.4542738199234009,0.4562734067440033,24.472930908203125,24.479217529296875,0.4976071119308472,NaN,0.6383331418037415,NaN,0.4450217485427856,NaN,0.8446489572525024,0.8251258730888367,0.7275469899177551,NaN,NaN,NaN,-0.0007556792883095941,-0.001634141408187242,0.028052600102143777,0.027665832232680872,0.0260007330705366,0.025778027119024136,0.07041417186132982,0.070441496399401,0.025530294669190733,0.02382186974679667,0.2081697111386777,0.17937975054968727,0.7431599525487506,0.7667995376974442,0.8846845498512932,0.8816285011954842,0.07037572451881015,0.07041049441527403,0.03742674207241516,0.027014899939771683
cars,hiresnet50.in1k_supcon,NaN,0.6440669894218445,0.64259934425354,0.6430616974830627,0.5096358060836792,0.5100288987159729,0.9961991310119628,0.9974628686904908,0.3716640770435333,NaN,0.7047675251960754,NaN,0.4822460412979126,NaN,0.7928706407546997,0.8830462694168091,0.6987724304199219,NaN,NaN,NaN,NaN,0.5845839381217957,0.8702362775802612,0.8683977723121643,0.4842195510864258,0.4862751364707947,1.2782853841781616,1.2778109312057495,0.32786476612091064,NaN,0.6329896450042725,NaN,0.4233834147453308,NaN,0.75686115026474,0.7966994643211365,0.6834823489189148,NaN,NaN,NaN,0.03818314462361558,0.04394311447839319,0.008341168756982938,0.008375429144564326,0.008762812342824297,0.008893923779337568,0.07736716015966755,0.07454443886576764,0.028071539197850413,0.024713612915504547,0.21267236168562276,0.19445766564421552,0.7468509250631344,0.7633556278107858,0.8832522382481391,0.8813613491338496,0.07562165080927384,0.07175110968619608,0.04389511160259172,0.032377661989321786
cars,hiresnet50.in1k_swav,NaN,0.5261286497116089,5.466521263122559,5.461647987365723,0.4922037720680237,0.49471643567085266,9.371212005615234,9.38478183746338,0.3419607877731323,NaN,0.5758377909660339,NaN,0.4850432574748993,NaN,0.7980883121490479,0.8199735879898071,0.5926255583763123,NaN,NaN,NaN,NaN,0.8113657832145691,5.511144638061523,5.466779708862305,0.302704393863678,0.3111317455768585,9.301161766052246,9.29088020324707,0.3823661208152771,NaN,0.8797085881233215,NaN,0.8634154200553894,NaN,0.9956330060958862,0.985627830028534,0.735184907913208,NaN,NaN,NaN,0.007089477443146703,0.010027624381324197,0.11912636633730576,0.11818976534748564,0.11213388882878808,0.11161747173215306,0.07538754921259841,0.07384076103905882,0.021650290336665205,0.01998332991368241,0.12647293448131272,0.09853579302421052,0.1956620494922577,0.19772387514138431,0.22166775785752177,0.21548966513362064,0.07307387357830271,0.07191246283122554,0.011650847461749249,0.011658037997900493
cars,hiresnet50.in21k_miil,NaN,0.9051764011383056,54.24540710449219,52.72803497314453,0.22957763075828552,0.22753287851810455,62.91356658935547,62.38983154296875,0.721335768699646,NaN,0.91459858417511,NaN,0.9236019849777222,NaN,0.9515782594680786,0.958853542804718,0.8957933783531189,NaN,NaN,NaN,NaN,0.4592392742633819,6.180882453918457,6.111416339874268,0.306735098361969,0.3074595034122467,13.151893615722656,13.134444236755373,0.26053377985954285,NaN,0.47581231594085693,NaN,0.30767491459846497,NaN,0.6935338973999023,0.737872302532196,0.7353302240371704,NaN,NaN,NaN,-0.04294856895464311,-0.034925641759695786,0.17220963029322717,0.1672482732592735,0.15622052170609702,0.15223308929601448,0.07182561652449693,0.07172193505479202,0.0006850964910402072,0.000944781604976881,0.056380440613653056,0.048294628158088,0.1868142478912313,0.182647470755317,0.20667578518828753,0.1967954352500012,0.07106692229877515,0.07098666713043619,0.022241050186823673,0.01731266403600337
cars,hiresnet50.tv2_in1k,NaN,0.5593058466911316,8.274669647216797,8.271886825561523,0.4923366904258728,0.49334001541137695,15.423900604248049,15.432300567626951,0.19854584336280823,NaN,0.6152172088623047,NaN,0.4846414625644684,NaN,0.8137131929397583,0.799777090549469,0.5852084159851074,NaN,NaN,NaN,NaN,0.6923916935920715,9.055198669433594,9.013660430908203,0.3422466814517975,0.34290066361427307,15.803226470947266,15.79494285583496,0.3622821867465973,NaN,0.7181961536407471,NaN,0.709976315498352,NaN,0.9197139739990234,0.9572912454605104,0.673402726650238,NaN,NaN,NaN,0.02080536914567709,0.024860916864593335,0.21375239857845,0.20660197660280263,0.2133811541818517,0.2078943262680105,0.07190336559492563,0.07128392700872693,0.03298993338280776,0.028713669036588972,0.2151550799133252,0.18850788718871409,0.7286624366708943,0.7532913188862292,0.8777748593078529,0.8744495872233331,0.07107375738188976,0.0707765425713533,0.03960494339231431,0.03075531660209572
cars,hiresnet50.tv_in1k,NaN,0.568024218082428,1.017669439315796,1.0173276662826538,0.48780977725982666,0.4884819984436035,1.249394774436951,1.2510143518447876,0.3302210569381714,NaN,0.6514005064964294,NaN,0.4544572234153747,NaN,0.77529376745224,0.8038977980613708,0.6206845641136169,NaN,NaN,NaN,NaN,0.5393944382667542,1.0340261459350586,1.032479166984558,0.47864267230033875,0.4807466864585877,1.247804880142212,1.248906493186951,0.30619508028030396,NaN,0.6289299130439758,NaN,0.36859557032585144,NaN,0.7962943911552429,0.8221489787101746,0.609483540058136,NaN,NaN,NaN,0.046171868159774906,0.04530021607847787,0.15782223013302474,0.15317438360386604,0.16041777636032806,0.15654100157825218,0.08460380440726159,0.07993782841939283,0.0314245433729934,0.027560449574911404,0.195679046637914,0.17404269188097704,0.7621244318464192,0.7787409506058731,0.8846358334633002,0.8824504632249996,0.08640228565179352,0.07433436681682046,0.04898177257438344,0.03100860207563355
cars,hivit_base_patch16_224.dino,NaN,0.7028736472129822,75.03898620605469,74.74993896484375,0.6109435558319092,0.6089321970939636,64.98920440673828,64.91243743896484,0.36849650740623474,NaN,0.735851526260376,NaN,,,0.9822316765785216,0.9329550266265868,0.7710697650909424,NaN,NaN,NaN,NaN,0.6929845809936523,68.5289306640625,68.45220947265625,0.5721391439437866,0.5726771354675293,60.906394958496094,60.78280258178711,0.44143983721733093,NaN,0.721713662147522,NaN,,,0.9751405119895936,0.9251254796981812,0.8727610111236572,NaN,NaN,NaN,0.003120180792680669,0.006302365716270484,0.37498949421888167,0.3693936479603487,0.36560190504099327,0.360397253156899,0.1602246008311461,0.1393805937997376,0.05120156634980299,0.041839138974273014,0.19999062640679177,0.20185015209355303,0.7574073501421157,0.7448501284107845,0.8879315564533147,0.8870624145162067,0.2168891486220472,0.12290830425252004,0.06261375968850504,0.034762577405051585
cars,hivit_base_patch16_224.in1k_mocov3,NaN,0.7037928104400635,9.039932250976562,8.996952056884766,0.5933301448822021,0.5922544002532959,8.391252517700195,8.377347946166992,0.4033532440662384,NaN,0.7131085991859436,NaN,,,0.9819633960723876,0.9479718804359436,0.7523188591003418,NaN,NaN,NaN,NaN,0.7073081731796265,9.537968635559082,9.512451171875,0.6006072163581848,0.5997462272644043,8.363176345825195,8.341531753540039,0.5189830660820007,NaN,0.7023764252662659,NaN,,,0.9894524812698364,0.9376708269119264,0.9283236265182496,NaN,NaN,NaN,0.014753985264233917,0.015288194239416788,0.15972570808111897,0.15817298693096432,0.15437076097842478,0.152931625281108,0.11495926290463691,0.10484429946606016,0.03863771967687632,0.034276008803062336,0.22033444133298585,0.18888950602337737,0.7306390363974331,0.7583127296496289,0.8847533814928377,0.88280792499472,0.16739802055993,0.12251932316983556,0.06189632587858387,0.03888721310745472
cars,hivit_base_patch16_224.mae,NaN,0.7008170485496521,12.159612655639648,12.104803085327148,0.5295323133468628,0.5283446311950684,10.751753807067873,10.723856925964355,0.29702845215797424,NaN,0.701881468296051,NaN,,,0.964313268661499,0.9519113302230836,0.7199462652206421,NaN,NaN,NaN,NaN,0.6392603516578674,14.468550682067873,14.415624618530272,0.5995010733604431,0.5995250940322876,12.334696769714355,12.278712272644045,0.472366064786911,NaN,0.5881337523460388,NaN,,,0.9409400224685668,0.91996031999588,0.9139651656150818,NaN,NaN,NaN,-0.0935953051597332,-0.09016759972983568,0.06978318694544251,0.06695654279143191,0.0646835322997072,0.062013478585135506,0.07185381124234469,0.07135474917910556,0.016279255937090696,0.01788903914746784,0.21794719396191875,0.19548107265166464,0.7313555702301991,0.7491001436585712,0.8870180669972939,0.8843452918508803,0.1532482593321668,0.10693294262431711,0.053874954855035295,0.03307117419268088
cars,hivit_base_patch16_224.orig_in21k,NaN,0.6793540716171265,14.461610794067385,14.408125877380373,0.592111349105835,0.5903608798980713,13.54950714111328,13.553996086120604,0.48185646533966064,NaN,0.3935699760913849,NaN,,,0.8318476676940918,0.9424725770950316,0.894117534160614,NaN,NaN,NaN,NaN,0.6052197813987732,15.994630813598633,15.919992446899414,0.6341285109519958,0.6325352191925049,13.40356731414795,13.361221313476562,0.43306615948677063,NaN,0.30680277943611145,NaN,,,0.8110679984092712,0.9554258584976196,0.9001366496086121,NaN,NaN,NaN,0.08259962908574772,0.08902089569043607,0.4686881873461609,0.4651473399001764,0.5289974256670229,0.5313973194029831,0.17183740704286965,0.15332395320274295,0.0552491556237063,0.04862773907247675,0.17768336788922875,0.16212318263380418,0.7770695847419855,0.7899468432443012,0.8743850312379434,0.8720755233996433,0.2741380960192476,0.19724697339979355,0.09066004609185568,0.05249713164157969
cars,hivit_base_patch16_224_miil.in21k,NaN,0.8117762207984924,12.75735092163086,12.688392639160156,0.530509352684021,0.5278753042221069,13.417746543884276,13.44552230834961,0.6718654632568359,NaN,0.604496419429779,NaN,,,0.9172844290733336,0.974245309829712,0.9293419122695924,NaN,NaN,NaN,NaN,0.6296417713165283,16.83828353881836,16.76746368408203,0.6497094631195068,0.648103654384613,14.119680404663086,14.080358505249023,0.4343065023422241,NaN,0.3389908969402313,NaN,,,0.8256634473800659,0.9606141448020936,0.8882356286048889,NaN,NaN,NaN,-0.02535193677793525,-0.019960088843318537,0.31888727287037655,0.3175442855841939,0.2917209645008302,0.29108121936498677,0.08348142680081659,0.08049613368570856,0.027759513438843055,0.024300476979641685,0.18994967670037283,0.17483676330625597,0.7690769935339774,0.7818152447631906,0.8821023779588775,0.8804968393842333,0.2663324311023622,0.18890749568044615,0.08232423655317211,0.04319597623020254
cars,hivit_base_patch16_clip_224.laion2b,NaN,0.6194131970405579,66.56524658203125,66.51385498046875,0.6323891878128052,0.6312031149864197,58.59794616699219,58.62563705444336,0.3658517599105835,NaN,0.6354792714118958,NaN,,,0.9563491940498352,0.8957410454750061,0.7006244659423828,NaN,NaN,NaN,NaN,0.652022123336792,67.74913787841797,67.65858459472656,0.634858250617981,0.6340394020080566,62.648555755615234,62.49477767944336,0.43728944659233093,NaN,0.5870378017425537,NaN,,,0.9153233766555786,0.9489185214042664,0.8299334645271301,NaN,NaN,NaN,0.08691243042497976,0.09225464757178745,0.4594256868013105,0.4524993625041863,0.5051440947620083,0.5005647054658848,0.17781240886555846,0.1463363524280911,0.03719421305994349,0.028879839946668612,0.04269596766873149,0.03454304172884562,0.4278747129617505,0.4188152804451702,0.4475875130717886,0.43790538138038426,0.15464831219014288,0.09213785481728826,0.04403667112817289,0.022157108854679836
cars,hivit_base_patch16_siglip_224.v2_webli,NaN,0.8021151423454285,84.61778259277344,84.14469146728516,0.5384301543235779,0.5365229845046997,89.66259002685547,89.53218078613281,0.5611242651939392,NaN,0.7658998966217041,NaN,,,0.986050009727478,0.9625935554504396,0.8688894510269165,NaN,NaN,NaN,NaN,0.5830920934677124,89.54534149169922,89.36140441894531,0.6300670504570007,0.6297926902770996,96.3461456298828,96.25353240966795,0.3245035707950592,NaN,0.4109807014465332,NaN,,,0.8222752809524536,0.9434219598770142,0.8056536912918091,NaN,NaN,NaN,-0.008822797293684527,-0.0014587430755826365,0.19351475629022483,0.1925356259123832,0.17958492681680427,0.17995332454727545,0.34983664151356075,0.3449036266776358,0.03047920141633102,0.031725633396673454,0.13706461809379877,0.1432163120415143,0.8399643123342039,0.834946406805239,0.8842692224104913,0.884462906804962,0.31599614501312334,0.30542797692981893,0.051075928754068106,0.04954076235098814
cub,hideit3_base_patch16_224.fb_in1k,NaN,0.7042356133460999,26.13336753845215,26.046539306640625,0.6380959749221802,0.6368685960769653,23.96162223815918,23.947669982910156,0.4800938665866852,NaN,0.6309909224510193,NaN,,,0.9317010641098022,0.9416451454162598,0.8474456071853638,NaN,NaN,NaN,NaN,0.7092801332473755,30.479698181152344,30.374588012695312,0.6208789944648743,0.620812177658081,27.245086669921875,27.184797286987305,0.5807223916053772,NaN,0.5612563490867615,NaN,,,0.8942450881004333,0.9530649185180664,0.940955638885498,NaN,NaN,NaN,0.20939315342049408,0.198594143912114,0.24548946187804505,0.24247072441684936,0.36157503535835,0.35811798180691107,0.14039787435284748,0.11302930627379155,0.056930561539947334,0.04600975485075088,0.3296885855542691,0.3298281298374363,0.5966734870791842,0.5874920187878104,0.8916910963506122,0.8855052793469808,0.23977312325766623,0.14236728345184227,0.06942354607325728,0.02875629809749869
cub,hideit3_base_patch16_224.fb_in22k_ft_in1k,NaN,0.6535972356796265,29.792919158935547,29.628501892089844,0.6514039039611816,0.6501445770263672,33.14446258544922,33.133995056152344,0.41933879256248474,NaN,0.48131659626960754,NaN,,,0.8602120876312256,0.9542504549026488,0.7886961698532104,NaN,NaN,NaN,NaN,0.6206730008125305,31.00873374938965,30.853618621826172,0.6316189169883728,0.6300835013389587,34.133480072021484,34.07512664794922,0.4584505259990692,NaN,0.39686110615730286,NaN,,,0.8097802996635437,0.9563460946083068,0.877548336982727,NaN,NaN,NaN,0.24625524869245613,0.2546627789059897,0.300436238525834,0.2954472547628801,0.5084535446168116,0.5019112408922082,0.12239116636798086,0.09041366279417752,0.05849103154247379,0.04435977028621422,0.3494769788851703,0.37079070976607914,0.5906599175039192,0.5637515502559238,0.901328304104834,0.897127859741156,0.13083837365591397,0.07685546173597645,0.05382506319698894,0.02710517951638707
cub,hideit_base_patch16_224.fb_in1k,NaN,0.6686438322067261,24.352689743041992,24.26053237915039,0.4737986922264099,0.4725414216518402,23.001556396484375,22.9856014251709,0.3787130117416382,NaN,0.4972457885742187,NaN,,,0.8632469177246094,0.9512609243392944,0.7708715200424194,NaN,NaN,NaN,NaN,0.6596542000770569,27.410743713378903,27.24835205078125,0.5249020457267761,0.5230996608734131,24.566749572753903,24.51159286499023,0.5147120952606201,NaN,0.4262066781520843,NaN,,,0.8286378979682922,0.9608049988746644,0.8924100399017334,NaN,NaN,NaN,0.1949204016124096,0.19691842940947055,0.4990079051994332,0.4967118932491876,0.7210382623088626,0.7226575760684011,0.1871484219434488,0.15354464435346785,0.07393226379989296,0.058856422102058326,0.3272441842756322,0.3096195423063639,0.5994227510187575,0.6072286478888822,0.8875784521655058,0.8857884655915678,0.21637607029072084,0.14063958916900093,0.07110036402193022,0.0366760891872448
cub,hiresnet50.a1_in1k,NaN,0.5058198571205139,8.532547950744629,8.534178733825684,0.48871082067489624,0.48976972699165344,21.564807891845703,21.57492446899414,0.12101218849420547,NaN,0.5714922547340393,NaN,0.47177210450172424,NaN,0.7981023788452148,0.7728598117828369,0.5342909097671509,NaN,NaN,NaN,NaN,0.4860639572143554,10.547094345092772,10.48106575012207,0.37022632360458374,0.3754989504814148,22.221454620361328,22.197418212890625,0.16629761457443237,NaN,0.5658647418022156,NaN,0.36411768198013306,NaN,0.7315185070037842,0.8289947509765625,0.5269128680229187,NaN,NaN,NaN,0.0839401664957779,0.07234004245527549,0.05897140400068144,0.0581721850063762,0.07281447387364415,0.07308750625443425,0.07113505264336917,0.07074028529681103,0.025163669780056963,0.022622767180859385,0.16942351937561717,0.1341228169741331,0.16429942461255329,0.15622564826886665,0.21148003327794476,0.19567750339642512,0.07239630002986858,0.07177457321069453,0.018662883269210017,0.018596989849766533
cub,hiresnet50.fb_ssl_yfcc100m_ft_in1k,NaN,0.6152352094650269,5.7683000564575195,5.772286415100098,0.4451693296432495,0.445819616317749,10.112000465393066,10.118097305297852,0.13083168864250183,NaN,0.7330506443977356,NaN,0.4449809193611145,NaN,0.759108304977417,0.9488833546638488,0.6099468469619751,NaN,NaN,NaN,NaN,0.5512218475341797,6.219043731689453,6.199916839599609,0.4299744665622711,0.4336928427219391,10.235506057739258,10.22865390777588,0.2268613427877426,NaN,0.5870152711868286,NaN,0.35636767745018005,NaN,0.7007893919944763,0.839079737663269,0.6317981481552124,NaN,NaN,NaN,0.08381235658557172,0.0997036812882274,0.3582395348925053,0.3526728777609972,0.4646485372632944,0.463187366783894,0.07836301523297491,0.075365893552934,0.02279349264278207,0.02091197730911957,0.2966193150374217,0.24658210535107536,0.6252538295567175,0.6522300262654639,0.8754011616650368,0.8634097227241754,0.0770259296594982,0.072506416428751,0.031572544206214206,0.024919838491049444
cub,hiresnet50.fb_swsl_ig1b_ft_in1k,NaN,0.615320086479187,6.876345634460449,6.882617950439453,0.4557400345802307,0.45638370513916016,13.262001991271973,13.271493911743164,0.12877795100212097,NaN,0.7150962948799133,NaN,0.4867563545703888,NaN,0.8308150768280029,0.9098846316337584,0.628173828125,NaN,NaN,NaN,NaN,0.5853206515312195,7.3210296630859375,7.301039695739746,0.427760511636734,0.4299294948577881,13.325105667114258,13.320350646972656,0.16551832854747772,NaN,0.6767977476119995,NaN,0.22343267500400543,NaN,0.7214086055755615,0.8877342939376831,0.6861180067062378,NaN,NaN,NaN,0.07972662355004291,0.09244338533486827,0.3538844908979104,0.3497526649389906,0.4452503825476719,0.4433010781776297,0.07351637171445638,0.07219625630700999,0.022919922346068967,0.020563170313835144,0.3464789290141892,0.3368594614335414,0.6033404752820206,0.58858136003565,0.9017511631918396,0.8855890379426296,0.071403403151135,0.07084998462526035,0.032120811602761666,0.02404409401364379
cub,hiresnet50.gluon_in1k,NaN,0.4960079789161682,4.455883502960205,4.452023506164551,0.4751022160053253,0.47648924589157104,6.738461494445801,6.741425514221191,0.1236007958650589,NaN,0.5642549991607666,NaN,0.33342039585113525,NaN,0.7190124988555908,0.7287582159042358,0.5983555316925049,NaN,NaN,NaN,NaN,0.5617667436599731,4.634438514709473,4.6120195388793945,0.43710780143737793,0.4420502781867981,6.666808128356934,6.65560245513916,0.27011510729789734,NaN,0.6381903886795044,NaN,0.3485572934150696,NaN,0.7169139385223389,0.7966760993003845,0.6835574507713318,NaN,NaN,NaN,0.08490605459516135,0.0978905734760309,0.4456110671137716,0.4374581041777707,0.577181883399702,0.5686964119682154,0.0843845672789725,0.07960544995241686,0.02778596334880398,0.02423002628179697,0.3038885610520706,0.2703315583172486,0.6253782520297038,0.6412549171257155,0.8777841670300409,0.8695706478057549,0.08024263552867383,0.07564238636159591,0.03398885906383556,0.027006312754455503
cub,hiresnet50.in1k_mocov3,NaN,0.5043412446975708,7.567941665649414,7.569047927856445,0.4909367263317108,0.494196891784668,14.259437561035156,14.269515991210938,0.09921472519636154,NaN,0.5217573046684265,NaN,0.4295829236507416,NaN,0.7580961585044861,0.7092553973197937,0.6027564406394958,NaN,NaN,NaN,NaN,0.5278930068016052,7.949034214019775,7.938769817352295,0.45275816321372986,0.45678961277008057,14.187296867370604,14.18770980834961,0.20169158279895785,NaN,0.5612033605575562,NaN,0.37457022070884705,NaN,0.7756848931312561,0.7696503400802612,0.6039093136787415,NaN,NaN,NaN,0.04324132239632499,0.04709086608959304,0.1150424482689466,0.11473181476913208,0.1353886035190387,0.13485076742613542,0.07512297453703703,0.07304733792555483,0.02229005270587501,0.019940427412371058,0.27988293203537545,0.23150673926543447,0.6173846091812105,0.6530567600421858,0.861640221083504,0.8574469051029793,0.07365054696833931,0.07192867130826688,0.030742615982088987,0.027456642056886967
cub,hiresnet50.in1k_spark,NaN,0.5868627429008484,6.690636157989502,6.679070949554443,0.472044050693512,0.47433632612228394,24.12813186645508,24.12845802307129,0.195422425866127,NaN,0.6162016987800598,NaN,0.5361990332603455,NaN,0.813537061214447,0.7979282140731812,0.5426602363586426,NaN,NaN,NaN,NaN,0.5867851972579956,7.858891487121582,7.82297420501709,0.4455063343048096,0.4491357207298279,24.4527645111084,24.439529418945312,0.38541606068611145,NaN,0.6511353254318237,NaN,0.2969980835914612,NaN,0.7529788613319397,0.8438889384269714,0.6165112257003784,NaN,NaN,NaN,0.007426596222704581,0.019639766694320583,0.04317135479117992,0.04270031826060509,0.04829920915035399,0.047854360046681525,0.0706636891427718,0.07065232944139194,0.02338897749300926,0.021252660920004267,0.33676079612465776,0.2517438607154926,0.5739898046430509,0.6212165078707829,0.8750691557554049,0.8570254793754959,0.07045367570191159,0.07056514512856424,0.03500872890474976,0.024193896410556946
cub,hiresnet50.in1k_supcon,NaN,0.6508970856666565,0.5897351503372192,0.5896679759025574,0.5000882148742676,0.5012931823730469,0.9677873253822328,0.9682920575141908,0.31063300371170044,NaN,0.7039279341697693,NaN,0.5360440611839294,NaN,0.8251947164535522,0.8924137353897095,0.6900721192359924,NaN,NaN,NaN,NaN,0.5998238325119019,0.6892011165618896,0.6860314607620239,0.444636344909668,0.446698397397995,1.0527195930480957,1.0516033172607422,0.29435667395591736,NaN,0.6720524430274963,NaN,0.12650977075099945,NaN,0.6899478435516357,0.9015294909477234,0.6995474100112915,NaN,NaN,NaN,0.08230067487944531,0.08543554806587289,0.00696915142588943,0.006881319751315129,0.01009086237408211,0.010067565181367508,0.07891371714456391,0.07582973093083387,0.02638110654648914,0.023271242873026773,0.3468288303279184,0.34510102555758887,0.5968102721439358,0.5707874933583645,0.9025919918825184,0.8846893146537139,0.07712276919056152,0.07363869025174172,0.036892260394750104,0.0236335083596654
cub,hiresnet50.in1k_swav,NaN,0.5154157876968384,4.723806381225586,4.721884727478027,0.4927111566066742,0.4947493076324463,8.912744522094727,8.919600486755371,0.278894305229187,NaN,0.5652064085006714,NaN,0.4332580268383026,NaN,0.729594349861145,0.7638131976127625,0.5904066562652588,NaN,NaN,NaN,NaN,0.7332929968833923,5.448622703552246,5.4198317527771,0.34181615710258484,0.3409925699234009,9.250865936279297,9.240979194641112,0.17400600016117096,NaN,0.8210436701774597,NaN,0.8020855188369751,NaN,0.9965892434120178,0.954850435256958,0.6628861427307129,NaN,NaN,NaN,0.052877242378503615,0.053932380331807944,0.11052883330697724,0.1089952207355014,0.1280198146344078,0.1262650617452165,0.08038847819593786,0.07691886850894203,0.024527566046804512,0.022022190370729992,0.21047675570805296,0.1468291472760746,0.16303525990566142,0.15701009790472464,0.2201279317337395,0.19870102398344075,0.07481845504778972,0.07291827989208503,0.01907163638100829,0.018551997471969207
cub,hiresnet50.in21k_miil,NaN,0.8424276113510132,40.109901428222656,40.16549301147461,0.2363688349723816,0.2344667911529541,42.75633239746094,42.71310043334961,0.4639659821987152,NaN,0.8555330038070679,NaN,0.8862246870994568,NaN,0.9458057880401612,0.9286330938339232,0.8048760294914246,NaN,NaN,NaN,NaN,0.5297826528549194,6.412893295288086,6.406612396240234,0.3565142750740051,0.3572216331958771,13.155920028686523,13.161103248596191,0.10630397498607635,NaN,0.6369408965110779,NaN,0.5265806317329407,NaN,0.9139320850372314,0.7980635762214661,0.5814669132232666,NaN,NaN,NaN,-0.03625482407491642,-0.0331632913396812,0.3684225669896312,0.3632579092299642,0.36149950928617114,0.35463289491987005,0.0763153841845878,0.07558536235006823,0.001251342115543222,0.0012406073101274258,0.3004996178884597,0.2728602257397898,0.6335305086255866,0.6534224241586626,0.8952593417113303,0.891882269121876,0.07178142734468339,0.07155664749874308,0.010628778567557694,0.008506699823416196
cub,hiresnet50.tv2_in1k,NaN,0.51449054479599,7.653226852416992,7.654030799865723,0.48864027857780457,0.490544319152832,15.224348068237305,15.22975730895996,0.09864114224910736,NaN,0.5708572268486023,NaN,0.507229208946228,NaN,0.7955637574195862,0.7291585803031921,0.5252943634986877,NaN,NaN,NaN,NaN,0.6112148761749268,8.976702690124512,8.947017669677734,0.3718690574169159,0.3745794892311096,15.722357749938965,15.709991455078123,0.35028114914894104,NaN,0.5812022089958191,NaN,0.33013010025024414,NaN,0.7308782935142517,0.9720118641853333,0.733967125415802,NaN,NaN,NaN,0.08573780630136954,0.08712200576711172,0.24821633352870048,0.23997738557015635,0.3032762780148261,0.2974181846523033,0.07503546893667862,0.07307791906826833,0.028342265595671948,0.024109521696528233,0.28011836689154257,0.2566705681746793,0.6477438619452173,0.6573700780869934,0.8813196240134418,0.8746380534256434,0.07267865143369176,0.07158856130593264,0.03341046075827332,0.02738445358616965
cub,hiresnet50.tv_in1k,NaN,0.52826988697052,0.9472447633743286,0.9466577768325806,0.4904048442840576,0.4917757213115692,1.2013764381408691,1.2020277976989746,0.2359947115182877,NaN,0.618023157119751,NaN,0.3325873613357544,NaN,0.7305470705032349,0.8171913027763367,0.548350989818573,NaN,NaN,NaN,NaN,0.5165902972221375,0.9245653748512268,0.9218970537185668,0.4349599778652191,0.4360671043395996,1.1754164695739746,1.1748063564300537,0.24708358943462372,NaN,0.6226559281349182,NaN,0.12997154891490936,NaN,0.6852599382400513,0.8585102558135986,0.570817768573761,NaN,NaN,NaN,0.07976894970136733,0.08888977766451361,0.22490844043477265,0.21973246044835087,0.30397970402495483,0.29885125561940806,0.09434620482377536,0.08713247919360051,0.02746891815175292,0.024746289169722865,0.3346468580000876,0.31159891698326014,0.6018358735486149,0.6052173549001618,0.894211137822081,0.8804647855697205,0.08352351217144563,0.07518198585523952,0.04438796395095446,0.026997475342436152
cub,hivit_base_patch16_224.dino,NaN,0.7136783599853516,74.70394897460938,74.49714660644531,0.6106375455856323,0.6087706089019775,63.01985931396485,62.98680877685547,0.4106154441833496,NaN,0.7388166785240173,NaN,,,0.9709049463272096,0.9245022535324096,0.7740688323974609,NaN,NaN,NaN,NaN,0.6935867667198181,63.524658203125,63.20247650146485,0.5234132409095764,0.5216549634933472,63.56510543823242,63.50504684448242,0.5010631084442139,NaN,0.6654365062713623,NaN,,,0.9717183113098145,0.9222924709320068,0.869182288646698,NaN,NaN,NaN,0.14227445160708446,0.1419206034379556,0.4969676701168332,0.4931973270702532,0.6676996237595831,0.6665962101393927,0.2372778524492234,0.1926535304292657,0.07745160605745076,0.06146622992260553,0.3714835753170704,0.3625461626412236,0.5687044627508651,0.5666641894649339,0.885800315995904,0.88391365612169,0.2064229888490641,0.1110753395909646,0.06378898654787345,0.0313888987451246
cub,hivit_base_patch16_224.in1k_mocov3,NaN,0.7286561131477356,8.990190505981445,8.959291458129883,0.5981141328811646,0.5968994498252869,8.320436477661133,8.31283187866211,0.43758925795555115,NaN,0.7360606789588928,NaN,,,0.9708670973777772,0.9513336420059204,0.7594553232192993,NaN,NaN,NaN,NaN,0.7557860612869263,9.271743774414062,9.23369598388672,0.5684038400650024,0.5666981935501099,8.53730297088623,8.525979995727539,0.6154121160507202,NaN,0.6986510157585144,NaN,,,0.9656385183334352,0.9562169313430786,0.9309911727905272,NaN,NaN,NaN,0.11801679573871772,0.11478459465055758,0.17666957826499124,0.17494340681832174,0.2256100650508417,0.223883150246912,0.14579910892074868,0.124075551695037,0.06694007261679591,0.05317741818043775,0.32421316869716377,0.29714258599790916,0.6024483000096237,0.6185265622177296,0.8896727010363746,0.884380745311409,0.1752865516726404,0.1245920643898585,0.07111658908987557,0.044402689123765014
cub,hivit_base_patch16_224.mae,NaN,0.7334713935852051,12.162681579589844,12.152904510498049,0.5411512851715088,0.5404578447341919,10.952372550964355,10.954017639160156,0.3496641516685486,NaN,0.788474440574646,NaN,,,0.966932773590088,0.948649525642395,0.7197636961936951,NaN,NaN,NaN,NaN,0.6667699813842773,14.653938293457031,14.56686019897461,0.5608483552932739,0.5590355396270752,12.732748031616213,12.699312210083008,0.5043373703956604,NaN,0.5766711831092834,NaN,,,0.9087240695953368,0.9485446810722352,0.8639035224914551,NaN,NaN,NaN,-0.0202544943300384,-0.021179229447682104,0.13717202053876756,0.14005707159423184,0.17110738097600436,0.17516551248176876,0.07424830744723217,0.07319442199956906,0.03625694846594205,0.03167286193196154,0.3409372469566439,0.3063961785392928,0.5675333039834856,0.5824557856919717,0.8727638868180269,0.8660360852513593,0.1193856406810036,0.08214356789724438,0.0561220422654169,0.03525838375964881
cub,hivit_base_patch16_224.orig_in21k,NaN,0.6721516847610474,15.205724716186523,15.165653228759766,0.6086120009422302,0.607109010219574,13.357089042663574,13.350031852722168,0.5118860602378845,NaN,0.4025387763977051,NaN,,,0.8355656862258911,0.9414764046669006,0.8746780157089233,NaN,NaN,NaN,NaN,0.6183837652206421,15.729144096374512,15.650789260864258,0.6166908144950867,0.614499032497406,13.489830017089844,13.454883575439451,0.44650980830192566,NaN,0.33335909247398376,NaN,,,0.805070161819458,0.9484392404556274,0.8827399015426636,NaN,NaN,NaN,0.3070767490870732,0.3047418355277007,0.5334697401220915,0.5349158021467203,0.8182100748692966,0.8167708191719223,0.24056650736758264,0.1833041175872058,0.07716695830813446,0.05355151789092319,0.32333474445441934,0.3447855572048072,0.6238515803447701,0.601847378776598,0.9070143247549451,0.9064099972076172,0.28805910244922345,0.1909916744475568,0.10243427427652488,0.05420408329684218
cub,hivit_base_patch16_224_miil.in21k,NaN,0.7963821291923523,13.741442680358888,13.753924369812012,0.5651072263717651,0.5649410486221313,13.49709129333496,13.505934715270996,0.6039788722991943,NaN,0.6540496945381165,NaN,,,0.933695673942566,0.9655128717422484,0.905448079109192,NaN,NaN,NaN,NaN,0.6028730273246765,15.494857788085938,15.437503814697266,0.6096886396408081,0.6082078218460083,13.771003723144531,13.75177764892578,0.44586727023124695,NaN,0.33659493923187256,NaN,,,0.8067471981048584,0.9438109397888184,0.8771940469741821,NaN,NaN,NaN,0.04479510762286531,0.05235396053262885,0.5258978328639266,0.524869548303518,0.5832706384499851,0.5866505790742681,0.11091354291119077,0.09910431854365676,0.02717634789832604,0.02363427676560678,0.34099162171005076,0.35916183422642384,0.5969246710324109,0.5735185584470155,0.893390324853763,0.8911952820508153,0.10572543309438472,0.07425999245852188,0.06430452939216381,0.03495586857254252
cub,hivit_base_patch16_clip_224.laion2b,NaN,0.6358963847160339,62.94100189208984,62.83657455444336,0.6218740344047546,0.6205594539642334,58.699798583984375,58.73588180541992,0.40185797214508057,NaN,0.6068422198295593,NaN,,,0.934911608695984,0.9342148303985596,0.7055543065071106,NaN,NaN,NaN,NaN,0.6852431297302246,66.52827453613281,65.82890319824219,0.628108561038971,0.6249847412109375,65.12931823730469,64.94749450683594,0.4988069236278534,NaN,0.5228420495986938,NaN,,,0.878895103931427,0.9593817591667176,0.8260550498962402,NaN,NaN,NaN,0.1429947828825564,0.15156323752524414,0.3155321679120286,0.31444646294368495,0.4383470478587498,0.4392739497598497,0.1427111335125448,0.123641336876631,0.05012386770231322,0.04157294507646735,0.2907715615540297,0.267443748664028,0.3369301508989132,0.32835933415671825,0.47656316641624097,0.452358712531889,0.17096416392871364,0.10650084018650197,0.06877256593396586,0.04033883576428061
cub,hivit_base_patch16_siglip_224.v2_webli,NaN,0.7549439668655396,84.34750366210938,84.25831604003906,0.5665401220321655,0.5645313262939453,88.43222045898438,88.43389129638672,0.3589974343776703,NaN,0.728838324546814,NaN,,,0.9717538356781006,0.956642746925354,0.7873611450195312,NaN,NaN,NaN,NaN,0.6202408671379089,102.17807006835938,101.20457458496094,0.6405572295188904,0.6386747360229492,98.53807067871094,97.87252807617188,0.443827748298645,NaN,0.4109042286872864,NaN,,,0.8399614095687866,0.9461357593536376,0.8671159148216248,NaN,NaN,NaN,0.06343183659114494,0.06649744346965061,0.2322015976277288,0.22658096961352553,0.26741193802875546,0.26216761532602456,0.3640388540422142,0.34468160260899233,0.04909079780928977,0.04414105737383986,0.3784598107662448,0.3929448414507975,0.5697001986302386,0.5449030050708974,0.9014592977082828,0.8967393089719219,0.3652740442054958,0.324628836577366,0.06343837744659847,0.05064409763821751
