host,serial,dataset_name,model_name,freeze_backbone,classifier,adapter,prompt,opt,weight_decay,lr,base_lr,seed,epochs,image_size,batch_size,num_images_train,num_images_val,n_cluster_ratio,extractor_layer,model_name_extractor,val_acc_level1,val_acc_level2,val_acc_level3,val_loss,ap_w,train_acc_level1,train_acc_level2,train_acc_level3,train_loss,time_total,max_memory,flops,no_params,no_params_trainable,throughput
camel.ee.nctu.edu.tw,81,cotton,hideit_base_patch16_224.fb_in1k,False,,,,adamw,0.05,5e-06,,0,200,448,8,160,80,,,,33.75,,,2.8727,33.75,100.0,,,0.0084,11.0891,0.4121,78.51,86.7609,86.7609,
camel.ee.nctu.edu.tw,81,cotton,hideit_base_patch16_224.fb_in1k,False,,,,adamw,0.05,1e-05,,0,200,448,8,160,80,,,,32.5,,,2.8511,32.5,100.0,,,0.0052,11.045,0.4121,78.51,86.7609,86.7609,
camel.ee.nctu.edu.tw,81,cotton,hideit_base_patch16_224.fb_in1k,False,,,,adamw,0.05,5e-05,,0,200,448,8,160,80,,,,33.75,,,2.7639,33.75,100.0,,,0.0012,11.059,0.4121,78.51,86.7609,86.7609,
camel.ee.nctu.edu.tw,81,cotton,hideit_base_patch16_224.fb_in1k,False,,,,adamw,0.05,0.0001,,0,200,448,8,160,80,,,,35.0,,,2.8307,35.0,100.0,,,0.0006,11.0596,0.4121,78.51,86.7609,86.7609,
camel.ee.nctu.edu.tw,81,cotton,hideit_base_patch16_224.fb_in1k,False,,,,adamw,0.05,0.0005,,0,200,448,8,160,80,,,,37.5,,,3.3222,37.5,100.0,,,0.0001,10.8751,0.4121,78.51,86.7609,86.7609,
camel.ee.nctu.edu.tw,81,cotton,hideit_base_patch16_224.fb_in1k,False,,,,adamw,0.05,0.001,,0,200,448,8,160,80,,,,26.25,,,4.7807,26.25,100.0,,,0.0004,10.9882,0.4121,78.51,86.7609,86.7609,
camel.ee.nctu.edu.tw,81,cotton,hideit_base_patch16_224.fb_in1k,False,,,,sgd,0.0,0.003,,0,200,448,8,160,80,,,,31.25,,,2.8,31.25,100.0,,,0.0137,10.66,0.4121,78.51,86.7609,86.7609,
camel.ee.nctu.edu.tw,81,cotton,hideit_base_patch16_224.fb_in1k,False,,,,sgd,0.0,0.01,,0,200,448,8,160,80,,,,30.0,,,2.7858,30.0,100.0,,,0.0015,10.7323,0.4121,78.51,86.7609,86.7609,
camel.ee.nctu.edu.tw,81,cotton,hideit_base_patch16_224.fb_in1k,False,,,,sgd,0.0,0.03,,0,200,448,8,160,80,,,,31.25,,,2.8328,31.25,100.0,,,0.0004,10.704,0.4121,78.51,86.7609,86.7609,
camel.ee.nctu.edu.tw,81,cotton,hideit_base_patch16_224.fb_in1k,False,,,,sgd,0.0,0.1,,0,200,448,8,160,80,,,,33.75,,,3.715,33.75,100.0,,,0.0001,10.6475,0.4121,78.51,86.7609,86.7609,
camel.ee.nctu.edu.tw,81,cotton,hivit_base_patch16_224.orig_in21k,False,,,,adamw,0.05,5e-06,,0,200,448,8,160,80,,,,32.5,,,2.9985,32.5,100.0,,,0.0132,10.9793,0.4121,78.51,86.7609,86.7609,
camel.ee.nctu.edu.tw,81,cotton,hivit_base_patch16_224.orig_in21k,False,,,,adamw,0.05,1e-05,,0,200,448,8,160,80,,,,35.0,,,2.9203,35.0,100.0,,,0.0077,10.9731,0.4121,78.51,86.7609,86.7609,
camel.ee.nctu.edu.tw,81,cotton,hivit_base_patch16_224.orig_in21k,False,,,,adamw,0.05,5e-05,,0,200,448,8,160,80,,,,36.25,,,2.8206,36.25,100.0,,,0.0015,10.9922,0.4121,78.51,86.7609,86.7609,
camel.ee.nctu.edu.tw,81,cotton,hivit_base_patch16_224.orig_in21k,False,,,,adamw,0.05,0.0001,,0,200,448,8,160,80,,,,38.75,,,2.7672,38.75,100.0,,,0.0008,12.1417,0.4121,78.51,86.7609,86.7609,
camel.ee.nctu.edu.tw,81,cotton,hivit_base_patch16_224.orig_in21k,False,,,,adamw,0.05,0.0005,,0,200,448,8,160,80,,,,33.75,,,3.3521,33.75,100.0,,,0.0001,10.9601,0.4121,78.51,86.7609,86.7609,
camel.ee.nctu.edu.tw,81,cotton,hivit_base_patch16_224.orig_in21k,False,,,,adamw,0.05,0.001,,0,200,448,8,160,80,,,,28.75,,,4.6619,28.75,100.0,,,0.0004,11.2832,0.4121,78.51,86.7609,86.7609,
camel.ee.nctu.edu.tw,81,cotton,hivit_base_patch16_224.orig_in21k,False,,,,sgd,0.0,0.003,,0,200,448,8,160,80,,,,42.5,,,2.8361,42.5,100.0,,,0.0149,10.613,0.4121,78.51,86.7609,86.7609,
camel.ee.nctu.edu.tw,81,cotton,hivit_base_patch16_224.orig_in21k,False,,,,sgd,0.0,0.01,,0,200,448,8,160,80,,,,43.75,,,2.8955,43.75,100.0,,,0.0017,10.5399,0.4121,78.51,86.7609,86.7609,
camel.ee.nctu.edu.tw,81,cotton,hivit_base_patch16_224.orig_in21k,False,,,,sgd,0.0,0.03,,0,200,448,8,160,80,,,,38.75,,,3.0052,38.75,100.0,,,0.0004,10.4596,0.4121,78.51,86.7609,86.7609,
camel.ee.nctu.edu.tw,81,cotton,hivit_base_patch16_224.orig_in21k,False,,,,sgd,0.0,0.1,,0,200,448,8,160,80,,,,40.0,,,3.8582,40.0,100.0,,,0.0,10.6708,0.4121,78.51,86.7609,86.7609,
gpu,81,soyageing_r1,hideit_base_patch16_224.fb_in1k,False,,,,adamw,0.05,5e-06,,0,200,448,8,792,198,,,,81.8182,,,0.6519,81.81818174111723,100.0,,,0.0005,73.398,0.4121,67.1518,86.8318,86.8318,
gpu,81,soyageing_r1,hideit_base_patch16_224.fb_in1k,False,,,,adamw,0.05,1e-05,,0,200,448,8,792,198,,,,82.8283,,,0.6609,82.82828275121824,100.0,,,0.0002,72.9441,0.4121,67.1518,86.8318,86.8318,
gpu,81,soyageing_r1,hideit_base_patch16_224.fb_in1k,False,,,,adamw,0.05,5e-05,,0,200,448,8,792,198,,,,81.3131,,,0.863,81.31313131313131,100.0,,,0.0001,72.647,0.4121,67.1518,86.8318,86.8318,
gpu,81,soyageing_r1,hideit_base_patch16_224.fb_in1k,False,,,,adamw,0.05,0.0001,,0,200,448,8,792,198,,,,83.3333,,,1.0867,83.33333317920415,100.0,,,0.0,72.3573,0.4121,67.1518,86.8318,86.8318,
gpu,81,soyageing_r1,hideit_base_patch16_224.fb_in1k,False,,,,adamw,0.05,0.0005,,0,200,448,8,792,198,,,,83.3333,,,0.8352,83.33333333333333,100.0,,,0.0004,72.186,0.4121,67.1518,86.8318,86.8318,
gpu,81,soyageing_r1,hideit_base_patch16_224.fb_in1k,False,,,,adamw,0.05,0.001,,0,200,448,8,792,198,,,,50.0,,,2.9944,49.99999992293541,99.2424,,,0.0408,71.7827,0.4121,67.1518,86.8318,86.8318,
gpu,81,soyageing_r1,hideit_base_patch16_224.fb_in1k,False,,,,sgd,0.0,0.003,,0,200,448,8,792,198,,,,83.8384,,,0.6005,83.83838368425465,100.0,,,0.0074,70.9174,0.4121,67.1518,86.8318,86.8318,
gpu,81,soyageing_r1,hideit_base_patch16_224.fb_in1k,False,,,,sgd,0.0,0.01,,0,200,448,8,792,198,,,,85.3535,,,0.5537,85.35353519940617,100.0,,,0.0008,70.8323,0.4121,67.1518,86.8318,86.8318,
gpu,81,soyageing_r1,hideit_base_patch16_224.fb_in1k,False,,,,sgd,0.0,0.03,,0,200,448,8,792,198,,,,85.8586,,,0.5296,85.85858570445667,100.0,,,0.0002,70.4525,0.4121,67.1518,86.8318,86.8318,
gpu,81,soyageing_r1,hideit_base_patch16_224.fb_in1k,False,,,,sgd,0.0,0.1,,0,200,448,8,792,198,,,,77.2727,,,0.9044,77.27272727272727,100.0,,,0.0001,70.1199,0.4121,67.1518,86.8318,86.8318,
gpu,81,soyageing_r1,hivit_base_patch16_224.orig_in21k,False,,,,adamw,0.05,5e-06,,0,200,448,8,792,198,,,,81.3131,,,0.7585,81.31313115900213,100.0,,,0.0009,72.9298,0.4121,67.1518,86.8318,86.8318,
gpu,81,soyageing_r1,hivit_base_patch16_224.orig_in21k,False,,,,adamw,0.05,1e-05,,0,200,448,8,792,198,,,,78.2828,,,1.029,78.28282820576369,99.6212,,,0.0236,72.5312,0.4121,67.1518,86.8318,86.8318,
gpu,81,soyageing_r1,hivit_base_patch16_224.orig_in21k,False,,,,adamw,0.05,5e-05,,0,200,448,8,792,198,,,,76.7677,,,1.1585,76.76767669061218,100.0,,,0.0,71.4094,0.4121,67.1518,86.8318,86.8318,
gpu,81,soyageing_r1,hivit_base_patch16_224.orig_in21k,False,,,,adamw,0.05,0.0001,,0,200,448,8,792,198,,,,79.2929,,,1.4434,79.2929291388001,100.0,,,0.0,70.9813,0.4121,67.1518,86.8318,86.8318,
gpu,81,soyageing_r1,hivit_base_patch16_224.orig_in21k,False,,,,adamw,0.05,0.0005,,0,200,448,8,792,198,,,,79.2929,,,0.9362,79.2929291388001,100.0,,,0.0003,70.8733,0.4121,67.1518,86.8318,86.8318,
gpu,81,soyageing_r1,hivit_base_patch16_224.orig_in21k,False,,,,adamw,0.05,0.001,,0,200,448,8,792,198,,,,77.2727,,,1.1311,77.27272711859808,100.0,,,0.0065,70.7883,0.4121,67.1518,86.8318,86.8318,
gpu,81,soyageing_r1,hivit_base_patch16_224.orig_in21k,False,,,,sgd,0.0,0.003,,0,200,448,8,792,198,,,,77.7778,,,0.7928,77.77777762364859,100.0,,,0.0109,69.7214,0.4121,67.1518,86.8318,86.8318,
gpu,81,soyageing_r1,hivit_base_patch16_224.orig_in21k,False,,,,sgd,0.0,0.01,,0,200,448,8,792,198,,,,78.2828,,,0.7321,78.2828281286991,100.0,,,0.0009,69.686,0.4121,67.1518,86.8318,86.8318,
gpu,81,soyageing_r1,hivit_base_patch16_224.orig_in21k,False,,,,sgd,0.0,0.03,,0,200,448,8,792,198,,,,77.7778,,,0.8147,77.77777762364859,100.0,,,0.0002,69.2547,0.4121,67.1518,86.8318,86.8318,
gpu,81,soyageing_r1,hivit_base_patch16_224.orig_in21k,False,,,,sgd,0.0,0.1,,0,200,448,8,792,198,,,,81.8182,,,0.8363,81.81818181818181,100.0,,,0.0001,68.7905,0.4121,67.1518,86.8318,86.8318,
gpu,81,soyageing_r3,hideit_base_patch16_224.fb_in1k,False,,,,adamw,0.05,5e-06,,0,200,448,8,792,198,,,,86.8687,,,0.5307,86.86868679162228,100.0,,,0.0006,73.8117,0.4121,67.1518,86.8318,86.8318,
gpu,81,soyageing_r3,hideit_base_patch16_224.fb_in1k,False,,,,adamw,0.05,1e-05,,0,200,448,8,792,198,,,,88.3838,,,0.5601,88.3838383067738,100.0,,,0.0002,73.6575,0.4121,67.1518,86.8318,86.8318,
gpu,81,soyageing_r3,hideit_base_patch16_224.fb_in1k,False,,,,adamw,0.05,5e-05,,0,200,448,8,792,198,,,,90.404,,,0.6201,90.40404032697582,100.0,,,0.0,73.4288,0.4121,67.1518,86.8318,86.8318,
gpu,81,soyageing_r3,hideit_base_patch16_224.fb_in1k,False,,,,adamw,0.05,0.0001,,0,200,448,8,792,198,,,,86.8687,,,0.8609,86.86868679162228,100.0,,,0.0,72.9341,0.4121,67.1518,86.8318,86.8318,
gpu,81,soyageing_r3,hideit_base_patch16_224.fb_in1k,False,,,,adamw,0.05,0.0005,,0,200,448,8,792,198,,,,88.3838,,,0.5697,88.3838383067738,100.0,,,0.0005,72.8806,0.4121,67.1518,86.8318,86.8318,
gpu,81,soyageing_r3,hideit_base_patch16_224.fb_in1k,False,,,,adamw,0.05,0.001,,0,200,448,8,792,198,,,,61.1111,,,1.5726,61.111111111111114,88.7626,,,0.3595,72.2507,0.4121,67.1518,86.8318,86.8318,
gpu,81,soyageing_r3,hideit_base_patch16_224.fb_in1k,False,,,,sgd,0.0,0.003,,0,200,448,8,792,198,,,,88.3838,,,0.577,88.3838383067738,100.0,,,0.0082,71.3218,0.4121,67.1518,86.8318,86.8318,
gpu,81,soyageing_r3,hideit_base_patch16_224.fb_in1k,False,,,,sgd,0.0,0.01,,0,200,448,8,792,198,,,,88.3838,,,0.4888,88.3838383067738,100.0,,,0.0008,70.9868,0.4121,67.1518,86.8318,86.8318,
gpu,81,soyageing_r3,hideit_base_patch16_224.fb_in1k,False,,,,sgd,0.0,0.03,,0,200,448,8,792,198,,,,89.899,,,0.4518,89.89898982192531,100.0,,,0.0002,70.4469,0.4121,67.1518,86.8318,86.8318,
gpu,81,soyageing_r3,hideit_base_patch16_224.fb_in1k,False,,,,sgd,0.0,0.1,,0,200,448,8,792,198,,,,83.3333,,,0.7435,83.33333325626874,100.0,,,0.0001,69.1736,0.4121,67.1518,86.8318,86.8318,
gpu,81,soyageing_r3,hivit_base_patch16_224.orig_in21k,False,,,,adamw,0.05,5e-06,,0,200,448,8,792,198,,,,84.3434,,,0.6444,84.34343426636975,100.0,,,0.0009,72.4739,0.4121,67.1518,86.8318,86.8318,
gpu,81,soyageing_r3,hivit_base_patch16_224.orig_in21k,False,,,,adamw,0.05,1e-05,,0,200,448,8,792,198,,,,82.8283,,,0.5952,82.82828275121824,100.0,,,0.0003,72.419,0.4121,67.1518,86.8318,86.8318,
gpu,81,soyageing_r3,hivit_base_patch16_224.orig_in21k,False,,,,adamw,0.05,5e-05,,0,200,448,8,792,198,,,,83.8384,,,0.7127,83.83838376131925,100.0,,,0.0,71.7715,0.4121,67.1518,86.8318,86.8318,
gpu,81,soyageing_r3,hivit_base_patch16_224.orig_in21k,False,,,,adamw,0.05,0.0001,,0,200,448,8,792,198,,,,88.3838,,,0.6049,88.3838383067738,100.0,,,0.0,71.4966,0.4121,67.1518,86.8318,86.8318,
gpu,81,soyageing_r3,hivit_base_patch16_224.orig_in21k,False,,,,adamw,0.05,0.0005,,0,200,448,8,792,198,,,,85.8586,,,0.5708,85.85858578152127,100.0,,,0.0003,71.2742,0.4121,67.1518,86.8318,86.8318,
gpu,81,soyageing_r3,hivit_base_patch16_224.orig_in21k,False,,,,adamw,0.05,0.001,,0,200,448,8,792,198,,,,79.2929,,,0.8846,79.2929292158647,99.8737,,,0.008,71.1821,0.4121,67.1518,86.8318,86.8318,
gpu,81,soyageing_r3,hivit_base_patch16_224.orig_in21k,False,,,,sgd,0.0,0.003,,0,200,448,8,792,198,,,,82.3232,,,0.6813,82.32323224616773,100.0,,,0.0142,70.0235,0.4121,67.1518,86.8318,86.8318,
gpu,81,soyageing_r3,hivit_base_patch16_224.orig_in21k,False,,,,sgd,0.0,0.01,,0,200,448,8,792,198,,,,81.3131,,,0.5935,81.31313123606672,100.0,,,0.0009,69.7878,0.4121,67.1518,86.8318,86.8318,
gpu,81,soyageing_r3,hivit_base_patch16_224.orig_in21k,False,,,,sgd,0.0,0.03,,0,200,448,8,792,198,,,,84.8485,,,0.4791,84.84848477142026,100.0,,,0.0002,69.616,0.4121,67.1518,86.8318,86.8318,
gpu,81,soyageing_r3,hivit_base_patch16_224.orig_in21k,False,,,,sgd,0.0,0.1,,0,200,448,8,792,198,,,,86.8687,,,0.7192,86.86868679162228,100.0,,,0.0001,69.701,0.4121,67.1518,86.8318,86.8318,
fae-G493-ZB3-AAP1-000,81,soyageing_r4,hideit_base_patch16_224.fb_in1k,False,,,,adamw,0.05,5e-06,,0,200,448,8,792,198,,,,84.3434,,,0.617,84.34343434343434,100.0,,,0.0006,69.1252,0.3926,78.51,86.8318,86.8318,
fae-G493-ZB3-AAP1-000,81,soyageing_r4,hideit_base_patch16_224.fb_in1k,False,,,,adamw,0.05,1e-05,,0,200,448,8,792,198,,,,84.8485,,,0.5784,84.84848484848484,100.0,,,0.0002,68.079,0.3926,78.51,86.8318,86.8318,
fae-G493-ZB3-AAP1-000,81,soyageing_r4,hideit_base_patch16_224.fb_in1k,False,,,,adamw,0.05,5e-05,,0,200,448,8,792,198,,,,80.8081,,,0.954,80.8080808080808,100.0,,,0.0,70.3569,0.3926,78.51,86.8318,86.8318,
fae-G493-ZB3-AAP1-000,81,soyageing_r4,hideit_base_patch16_224.fb_in1k,False,,,,adamw,0.05,0.0001,,0,200,448,8,792,198,,,,79.798,,,0.8488,79.79797964385061,100.0,,,0.0,68.8199,0.3926,78.51,86.8318,86.8318,
fae-G493-ZB3-AAP1-000,81,soyageing_r4,hideit_base_patch16_224.fb_in1k,False,,,,adamw,0.05,0.0005,,0,200,448,8,792,198,,,,1.0101,,,8.163,1.0101010101010102,1.5152,,,7.5996,69.0674,0.3926,78.51,86.8318,86.8318,
fae-G493-ZB3-AAP1-000,81,soyageing_r4,hideit_base_patch16_224.fb_in1k,False,,,,adamw,0.05,0.001,,0,200,448,8,792,198,,,,20.7071,,,3.814,20.70707068780456,29.798,,,3.0596,68.9901,0.3926,78.51,86.8318,86.8318,
fae-G493-ZB3-AAP1-000,81,soyageing_r4,hideit_base_patch16_224.fb_in1k,False,,,,sgd,0.0,0.003,,0,200,448,8,792,198,,,,85.3535,,,0.625,85.35353535353535,100.0,,,0.0085,63.6414,0.3926,78.51,86.8318,86.8318,
fae-G493-ZB3-AAP1-000,81,soyageing_r4,hideit_base_patch16_224.fb_in1k,False,,,,sgd,0.0,0.01,,0,200,448,8,792,198,,,,85.8586,,,0.5068,85.85858585858585,100.0,,,0.0008,66.9588,0.3926,78.51,86.8318,86.8318,
fae-G493-ZB3-AAP1-000,81,soyageing_r4,hideit_base_patch16_224.fb_in1k,False,,,,sgd,0.0,0.03,,0,200,448,8,792,198,,,,85.8586,,,0.5284,85.85858585858585,100.0,,,0.0002,69.2334,0.3926,78.51,86.8318,86.8318,
fae-G493-ZB3-AAP1-000,81,soyageing_r4,hideit_base_patch16_224.fb_in1k,False,,,,sgd,0.0,0.1,,0,200,448,8,792,198,,,,82.8283,,,0.7368,82.82828282828282,100.0,,,0.0001,63.6716,0.3926,78.51,86.8318,86.8318,
fae-G493-ZB3-AAP1-000,81,soyageing_r4,hivit_base_patch16_224.orig_in21k,False,,,,adamw,0.05,5e-06,,0,200,448,8,792,198,,,,82.3232,,,0.841,82.32323216910314,100.0,,,0.001,66.1375,0.3926,78.51,86.8318,86.8318,
fae-G493-ZB3-AAP1-000,81,soyageing_r4,hivit_base_patch16_224.orig_in21k,False,,,,adamw,0.05,1e-05,,0,200,448,8,792,198,,,,82.3232,,,0.8189,82.32323216910314,100.0,,,0.0003,69.5012,0.3926,78.51,86.8318,86.8318,
fae-G493-ZB3-AAP1-000,81,soyageing_r4,hivit_base_patch16_224.orig_in21k,False,,,,adamw,0.05,5e-05,,0,200,448,8,792,198,,,,82.8283,,,0.8488,82.82828267415364,100.0,,,0.0,69.099,0.3926,78.51,86.8318,86.8318,
fae-G493-ZB3-AAP1-000,81,soyageing_r4,hivit_base_patch16_224.orig_in21k,False,,,,adamw,0.05,0.0001,,0,200,448,8,792,198,,,,83.3333,,,0.7085,83.33333325626874,100.0,,,0.0,68.9229,0.3926,78.51,86.8318,86.8318,
fae-G493-ZB3-AAP1-000,81,soyageing_r4,hivit_base_patch16_224.orig_in21k,False,,,,adamw,0.05,0.0005,,0,200,448,8,792,198,,,,85.3535,,,0.7577,85.35353535353535,100.0,,,0.0003,65.7063,0.3926,78.51,86.8318,86.8318,
fae-G493-ZB3-AAP1-000,81,soyageing_r4,hivit_base_patch16_224.orig_in21k,False,,,,adamw,0.05,0.001,,0,200,448,8,792,198,,,,0.5051,,,60.6777,0.5050505050505051,3.7879,,,5.6006,67.213,0.3926,78.51,86.8318,86.8318,
fae-G493-ZB3-AAP1-000,81,soyageing_r4,hivit_base_patch16_224.orig_in21k,False,,,,sgd,0.0,0.003,,0,200,448,8,792,198,,,,76.7677,,,0.822,76.76767676767676,100.0,,,0.0127,63.5713,0.3926,78.51,86.8318,86.8318,
fae-G493-ZB3-AAP1-000,81,soyageing_r4,hivit_base_patch16_224.orig_in21k,False,,,,sgd,0.0,0.01,,0,200,448,8,792,198,,,,78.7879,,,0.7203,78.7878786337496,100.0,,,0.0009,62.8737,0.3926,78.51,86.8318,86.8318,
fae-G493-ZB3-AAP1-000,81,soyageing_r4,hivit_base_patch16_224.orig_in21k,False,,,,sgd,0.0,0.03,,0,200,448,8,792,198,,,,86.3636,,,0.587,86.36363636363636,100.0,,,0.0002,70.1132,0.3926,78.51,86.8318,86.8318,
fae-G493-ZB3-AAP1-000,81,soyageing_r4,hivit_base_patch16_224.orig_in21k,False,,,,sgd,0.0,0.1,,0,200,448,8,792,198,,,,85.3535,,,0.7922,85.35353519940617,100.0,,,0.0002,59.0468,0.3926,78.51,86.8318,86.8318,
fae-G493-ZB3-AAP1-000,81,soyageing_r5,hideit_base_patch16_224.fb_in1k,False,,,,adamw,0.05,5e-06,,0,200,448,8,792,198,,,,82.3232,,,0.6447,82.32323216910314,100.0,,,0.0006,55.3309,0.3926,78.51,86.8318,86.8318,
fae-G493-ZB3-AAP1-000,81,soyageing_r5,hideit_base_patch16_224.fb_in1k,False,,,,adamw,0.05,1e-05,,0,200,448,8,792,198,,,,83.3333,,,0.6285,83.33333317920415,100.0,,,0.0002,56.0313,0.3926,78.51,86.8318,86.8318,
fae-G493-ZB3-AAP1-000,81,soyageing_r5,hideit_base_patch16_224.fb_in1k,False,,,,adamw,0.05,5e-05,,0,200,448,8,792,198,,,,80.303,,,0.9998,80.30303014890112,100.0,,,0.0,55.2796,0.3926,78.51,86.8318,86.8318,
fae-G493-ZB3-AAP1-000,81,soyageing_r5,hideit_base_patch16_224.fb_in1k,False,,,,adamw,0.05,0.0001,,0,200,448,8,792,198,,,,74.7475,,,1.2051,74.74747459334556,100.0,,,0.0,53.0185,0.3926,78.51,86.8318,86.8318,
fae-G493-ZB3-AAP1-000,81,soyageing_r5,hideit_base_patch16_224.fb_in1k,False,,,,adamw,0.05,0.0005,,0,200,448,8,792,198,,,,81.3131,,,1.0645,81.31313131313131,100.0,,,0.0008,56.2826,0.3926,78.51,86.8318,86.8318,
fae-G493-ZB3-AAP1-000,81,soyageing_r5,hideit_base_patch16_224.fb_in1k,False,,,,adamw,0.05,0.001,,0,200,448,8,792,198,,,,1.0101,,,5.6809,1.0101010101010102,1.3889,,,5.4958,55.3902,0.3926,78.51,86.8318,86.8318,
fae-G493-ZB3-AAP1-000,81,soyageing_r5,hideit_base_patch16_224.fb_in1k,False,,,,sgd,0.0,0.003,,0,200,448,8,792,198,,,,83.3333,,,0.6539,83.33333317920415,100.0,,,0.0076,50.5008,0.3926,78.51,86.8318,86.8318,
fae-G493-ZB3-AAP1-000,81,soyageing_r5,hideit_base_patch16_224.fb_in1k,False,,,,sgd,0.0,0.01,,0,200,448,8,792,198,,,,82.3232,,,0.6414,82.32323216910314,100.0,,,0.0008,53.7818,0.3926,78.51,86.8318,86.8318,
fae-G493-ZB3-AAP1-000,81,soyageing_r5,hideit_base_patch16_224.fb_in1k,False,,,,sgd,0.0,0.03,,0,200,448,8,792,198,,,,82.8283,,,0.5997,82.82828267415364,100.0,,,0.0002,53.7674,0.3926,78.51,86.8318,86.8318,
fae-G493-ZB3-AAP1-000,81,soyageing_r5,hideit_base_patch16_224.fb_in1k,False,,,,sgd,0.0,0.1,,0,200,448,8,792,198,,,,78.7879,,,1.3722,78.78787878787878,100.0,,,0.0003,53.6887,0.3926,78.51,86.8318,86.8318,
fae-G493-ZB3-AAP1-000,81,soyageing_r5,hivit_base_patch16_224.orig_in21k,False,,,,adamw,0.05,5e-06,,0,200,448,8,792,198,,,,80.303,,,0.8675,80.30303014890112,100.0,,,0.0009,55.4621,0.3926,78.51,86.8318,86.8318,
fae-G493-ZB3-AAP1-000,81,soyageing_r5,hivit_base_patch16_224.orig_in21k,False,,,,adamw,0.05,1e-05,,0,200,448,8,792,198,,,,80.303,,,0.8646,80.30303014890112,100.0,,,0.0004,53.0904,0.3926,78.51,86.8318,86.8318,
fae-G493-ZB3-AAP1-000,81,soyageing_r5,hivit_base_patch16_224.orig_in21k,False,,,,adamw,0.05,5e-05,,0,200,448,8,792,198,,,,79.798,,,1.0318,79.79797964385061,100.0,,,0.0,56.1613,0.3926,78.51,86.8318,86.8318,
fae-G493-ZB3-AAP1-000,81,soyageing_r5,hivit_base_patch16_224.orig_in21k,False,,,,adamw,0.05,0.0001,,0,200,448,8,792,198,,,,78.7879,,,1.0304,78.7878786337496,100.0,,,0.0,55.7437,0.3926,78.51,86.8318,86.8318,
fae-G493-ZB3-AAP1-000,81,soyageing_r5,hivit_base_patch16_224.orig_in21k,False,,,,adamw,0.05,0.0005,,0,200,448,8,792,198,,,,82.3232,,,0.9838,82.32323216910314,100.0,,,0.0003,53.2884,0.3926,78.51,86.8318,86.8318,
fae-G493-ZB3-AAP1-000,81,soyageing_r5,hivit_base_patch16_224.orig_in21k,False,,,,adamw,0.05,0.001,,0,200,448,8,792,198,,,,64.6465,,,1.7578,64.64646449233547,98.7374,,,0.0644,54.3406,0.3926,78.51,86.8318,86.8318,
fae-G493-ZB3-AAP1-000,81,soyageing_r5,hivit_base_patch16_224.orig_in21k,False,,,,sgd,0.0,0.003,,0,200,448,8,792,198,,,,77.7778,,,0.8387,77.77777770071319,100.0,,,0.0092,54.2065,0.3926,78.51,86.8318,86.8318,
fae-G493-ZB3-AAP1-000,81,soyageing_r5,hivit_base_patch16_224.orig_in21k,False,,,,sgd,0.0,0.01,,0,200,448,8,792,198,,,,78.2828,,,0.6988,78.2828281286991,100.0,,,0.0008,53.794,0.3926,78.51,86.8318,86.8318,
fae-G493-ZB3-AAP1-000,81,soyageing_r5,hivit_base_patch16_224.orig_in21k,False,,,,sgd,0.0,0.03,,0,200,448,8,792,198,,,,80.8081,,,0.6917,80.80808065395162,100.0,,,0.0002,63.7951,0.3926,78.51,86.8318,86.8318,
fae-G493-ZB3-AAP1-000,81,soyageing_r5,hivit_base_patch16_224.orig_in21k,False,,,,sgd,0.0,0.1,,0,200,448,8,792,198,,,,78.7879,,,1.2413,78.7878786337496,100.0,,,0.0006,63.6787,0.3926,78.51,86.8318,86.8318,
fae-G493-ZB3-AAP1-000,81,soyageing_r6,hideit_base_patch16_224.fb_in1k,False,,,,adamw,0.05,5e-06,,0,200,448,8,792,198,,,,73.7374,,,1.1389,73.73737358324456,100.0,,,0.0005,53.1096,0.3926,78.51,86.8318,86.8318,
fae-G493-ZB3-AAP1-000,81,soyageing_r6,hideit_base_patch16_224.fb_in1k,False,,,,adamw,0.05,1e-05,,0,200,448,8,792,198,,,,73.7374,,,1.1583,73.73737358324456,100.0,,,0.0002,54.6899,0.3926,78.51,86.8318,86.8318,
fae-G493-ZB3-AAP1-000,81,soyageing_r6,hideit_base_patch16_224.fb_in1k,False,,,,adamw,0.05,5e-05,,0,200,448,8,792,198,,,,74.2424,,,1.3684,74.24242408829507,100.0,,,0.0,55.5971,0.3926,78.51,86.8318,86.8318,
fae-G493-ZB3-AAP1-000,81,soyageing_r6,hideit_base_patch16_224.fb_in1k,False,,,,adamw,0.05,0.0001,,0,200,448,8,792,198,,,,70.7071,,,1.8088,70.70707055294153,100.0,,,0.0,54.8316,0.3926,78.51,86.8318,86.8318,
fae-G493-ZB3-AAP1-000,81,soyageing_r6,hideit_base_patch16_224.fb_in1k,False,,,,adamw,0.05,0.0005,,0,200,448,8,792,198,,,,66.6667,,,1.908,66.66666651253749,100.0,,,0.0005,53.1874,0.3926,78.51,86.8318,86.8318,
fae-G493-ZB3-AAP1-000,81,soyageing_r6,hideit_base_patch16_224.fb_in1k,False,,,,adamw,0.05,0.001,,0,200,448,8,792,198,,,,28.2828,,,2.7495,28.282828244295988,38.0051,,,2.2947,49.3597,0.3926,78.51,86.8318,86.8318,
fae-G493-ZB3-AAP1-000,81,soyageing_r6,hideit_base_patch16_224.fb_in1k,False,,,,sgd,0.0,0.003,,0,200,448,8,792,198,,,,71.7172,,,1.2116,71.71717156304254,100.0,,,0.0071,53.673,0.3926,78.51,86.8318,86.8318,
fae-G493-ZB3-AAP1-000,81,soyageing_r6,hideit_base_patch16_224.fb_in1k,False,,,,sgd,0.0,0.01,,0,200,448,8,792,198,,,,74.2424,,,1.1989,74.24242408829507,100.0,,,0.0008,53.1772,0.3926,78.51,86.8318,86.8318,
fae-G493-ZB3-AAP1-000,81,soyageing_r6,hideit_base_patch16_224.fb_in1k,False,,,,sgd,0.0,0.03,,0,200,448,8,792,198,,,,74.7475,,,1.1964,74.74747459334556,100.0,,,0.0002,52.4731,0.3926,78.51,86.8318,86.8318,
fae-G493-ZB3-AAP1-000,81,soyageing_r6,hideit_base_patch16_224.fb_in1k,False,,,,sgd,0.0,0.1,,0,200,448,8,792,198,,,,72.7273,,,2.2563,72.72727265020814,100.0,,,0.0002,53.176,0.3926,78.51,86.8318,86.8318,
fae-G493-ZB3-AAP1-000,81,soyageing_r6,hivit_base_patch16_224.orig_in21k,False,,,,adamw,0.05,5e-06,,0,200,448,8,792,198,,,,71.7172,,,1.2311,71.71717156304254,100.0,,,0.001,54.0991,0.3926,78.51,86.8318,86.8318,
fae-G493-ZB3-AAP1-000,81,soyageing_r6,hivit_base_patch16_224.orig_in21k,False,,,,adamw,0.05,1e-05,,0,200,448,8,792,198,,,,70.7071,,,1.3149,70.70707055294153,100.0,,,0.0003,53.2388,0.3926,78.51,86.8318,86.8318,
fae-G493-ZB3-AAP1-000,81,soyageing_r6,hivit_base_patch16_224.orig_in21k,False,,,,adamw,0.05,5e-05,,0,200,448,8,792,198,,,,72.2222,,,1.6063,72.22222206809305,100.0,,,0.0,54.5844,0.3926,78.51,86.8318,86.8318,
fae-G493-ZB3-AAP1-000,81,soyageing_r6,hivit_base_patch16_224.orig_in21k,False,,,,adamw,0.05,0.0001,,0,200,448,8,792,198,,,,67.1717,,,1.6948,67.17171709465258,100.0,,,0.0,54.2174,0.3926,78.51,86.8318,86.8318,
fae-G493-ZB3-AAP1-000,81,soyageing_r6,hivit_base_patch16_224.orig_in21k,False,,,,adamw,0.05,0.0005,,0,200,448,8,792,198,,,,66.6667,,,1.929,66.66666658960207,100.0,,,0.0002,56.2124,0.3926,78.51,86.8318,86.8318,
fae-G493-ZB3-AAP1-000,81,soyageing_r6,hivit_base_patch16_224.orig_in21k,False,,,,adamw,0.05,0.001,,0,200,448,8,792,198,,,,0.0,,,5.3324,0.0,0.6313,,,5.3184,53.1633,0.3926,78.51,86.8318,86.8318,
fae-G493-ZB3-AAP1-000,81,soyageing_r6,hivit_base_patch16_224.orig_in21k,False,,,,sgd,0.0,0.003,,0,200,448,8,792,198,,,,65.1515,,,1.3374,65.15151499738597,100.0,,,0.0097,57.4133,0.3926,78.51,86.8318,86.8318,
fae-G493-ZB3-AAP1-000,81,soyageing_r6,hivit_base_patch16_224.orig_in21k,False,,,,sgd,0.0,0.01,,0,200,448,8,792,198,,,,70.7071,,,1.2993,70.70707055294153,100.0,,,0.0009,56.4506,0.3926,78.51,86.8318,86.8318,
fae-G493-ZB3-AAP1-000,81,soyageing_r6,hivit_base_patch16_224.orig_in21k,False,,,,sgd,0.0,0.03,,0,200,448,8,792,198,,,,70.7071,,,1.3358,70.70707055294153,100.0,,,0.0002,57.4709,0.3926,78.51,86.8318,86.8318,
fae-G493-ZB3-AAP1-000,81,soyageing_r6,hivit_base_patch16_224.orig_in21k,False,,,,sgd,0.0,0.1,,0,200,448,8,792,198,,,,69.1919,,,2.095,69.1919191148546,100.0,,,0.0002,54.1982,0.3926,78.51,86.8318,86.8318,
camel.ee.nctu.edu.tw,81,soygene,hideit_base_patch16_224.fb_in1k,False,,,,adamw,0.05,5e-06,,0,50,448,8,9562,3201,,,,37.7694,,,3.4119,37.76944704779756,99.9895,,,0.0225,135.908,0.4121,78.5106,87.3799,87.3799,
camel.ee.nctu.edu.tw,81,soygene,hideit_base_patch16_224.fb_in1k,False,,,,adamw,0.05,1e-05,,0,50,448,8,9562,3201,,,,37.3008,,,3.4352,37.3008434864105,99.9059,,,0.006,135.3329,0.4121,78.5106,87.3799,87.3799,
camel.ee.nctu.edu.tw,81,soygene,hideit_base_patch16_224.fb_in1k,False,,,,adamw,0.05,5e-05,,0,50,448,8,9562,3201,,,,36.9884,,,4.1007,36.98844111215245,99.9895,,,0.0003,135.1419,0.4121,78.5106,87.3799,87.3799,
camel.ee.nctu.edu.tw,81,soygene,hideit_base_patch16_224.fb_in1k,False,,,,adamw,0.05,0.0001,,0,50,448,8,9562,3201,,,,39.8001,,,3.6924,39.80006248047485,100.0,,,0.0001,135.4181,0.4121,78.5106,87.3799,87.3799,
camel.ee.nctu.edu.tw,81,soygene,hideit_base_patch16_224.fb_in1k,False,,,,adamw,0.05,0.0005,,0,50,448,8,9562,3201,,,,2.5305,,,8.1841,2.5304592314901595,39.2155,,,2.6256,135.0684,0.4121,78.5106,87.3799,87.3799,
camel.ee.nctu.edu.tw,81,soygene,hideit_base_patch16_224.fb_in1k,False,,,,adamw,0.05,0.001,,0,50,448,8,9562,3201,,,,0.656,,,8.9846,0.6560449859418932,13.6402,,,4.3077,136.0444,0.4121,78.5106,87.3799,87.3799,
camel.ee.nctu.edu.tw,81,soygene,hideit_base_patch16_224.fb_in1k,False,,,,sgd,0.0,0.003,,0,50,448,8,9562,3201,,,,30.8341,,,3.739,30.83411433926898,91.2971,,,1.3068,130.0482,0.4121,78.5106,87.3799,87.3799,
camel.ee.nctu.edu.tw,81,soygene,hideit_base_patch16_224.fb_in1k,False,,,,sgd,0.0,0.01,,0,50,448,8,9562,3201,,,,40.4249,,,3.1124,40.42486722899094,100.0,,,0.0047,129.7105,0.4121,78.5106,87.3799,87.3799,
camel.ee.nctu.edu.tw,81,soygene,hideit_base_patch16_224.fb_in1k,False,,,,sgd,0.0,0.03,,0,50,448,8,9562,3201,,,,42.9241,,,3.4805,42.9240862230553,100.0,,,0.0007,130.0586,0.4121,78.5106,87.3799,87.3799,
camel.ee.nctu.edu.tw,81,soygene,hideit_base_patch16_224.fb_in1k,False,,,,sgd,0.0,0.1,,0,50,448,8,9562,3201,,,,12.0587,,,5.7041,12.058731646360512,46.5586,,,2.1831,129.0823,0.4121,78.5106,87.3799,87.3799,
camel.ee.nctu.edu.tw,81,soygene,hivit_base_patch16_224.orig_in21k,False,,,,adamw,0.05,5e-06,,0,50,448,8,9562,3201,,,,21.2121,,,4.5752,21.21212121212121,99.3515,,,0.3322,134.874,0.4121,78.5106,87.3799,87.3799,
camel.ee.nctu.edu.tw,81,soygene,hivit_base_patch16_224.orig_in21k,False,,,,adamw,0.05,1e-05,,0,50,448,8,9562,3201,,,,24.3361,,,4.5411,24.336144954701656,99.9686,,,0.0159,135.0619,0.4121,78.5106,87.3799,87.3799,
camel.ee.nctu.edu.tw,81,soygene,hivit_base_patch16_224.orig_in21k,False,,,,adamw,0.05,5e-05,,0,50,448,8,9562,3201,,,,31.8338,,,4.4077,31.83380193689472,99.9372,,,0.0031,134.9257,0.4121,78.5106,87.3799,87.3799,
camel.ee.nctu.edu.tw,81,soygene,hivit_base_patch16_224.orig_in21k,False,,,,adamw,0.05,0.0001,,0,50,448,8,9562,3201,,,,34.9266,,,4.4119,34.92658544204936,100.0,,,0.0001,134.5127,0.4121,78.5106,87.3799,87.3799,
camel.ee.nctu.edu.tw,81,soygene,hivit_base_patch16_224.orig_in21k,False,,,,adamw,0.05,0.0005,,0,50,448,8,9562,3201,,,,12.1525,,,5.4337,12.152452358637923,62.8452,,,1.4852,135.1195,0.4121,78.5106,87.3799,87.3799,
camel.ee.nctu.edu.tw,81,soygene,hivit_base_patch16_224.orig_in21k,False,,,,adamw,0.05,0.001,,0,50,448,8,9562,3201,,,,3.7488,,,6.3584,3.748828491096533,24.5293,,,3.4534,134.6586,0.4121,78.5106,87.3799,87.3799,
camel.ee.nctu.edu.tw,81,soygene,hivit_base_patch16_224.orig_in21k,False,,,,sgd,0.0,0.003,,0,50,448,8,9562,3201,,,,17.3383,,,4.7315,17.338331771321464,75.6381,,,2.0906,129.5151,0.4121,78.5106,87.3799,87.3799,
camel.ee.nctu.edu.tw,81,soygene,hivit_base_patch16_224.orig_in21k,False,,,,sgd,0.0,0.01,,0,50,448,8,9562,3201,,,,32.3024,,,3.7969,32.302405498281786,99.9895,,,0.0295,129.6597,0.4121,78.5106,87.3799,87.3799,
camel.ee.nctu.edu.tw,81,soygene,hivit_base_patch16_224.orig_in21k,False,,,,sgd,0.0,0.03,,0,50,448,8,9562,3201,,,,39.5814,,,3.9758,39.58138081849422,100.0,,,0.0031,128.8668,0.4121,78.5106,87.3799,87.3799,
camel.ee.nctu.edu.tw,81,soygene,hivit_base_patch16_224.orig_in21k,False,,,,sgd,0.0,0.1,,0,50,448,8,9562,3201,,,,22.8991,,,5.7227,22.89909403311465,80.3243,,,0.7011,129.4371,0.4121,78.5106,87.3799,87.3799,
camel.ee.nctu.edu.tw,81,soyglobal,hideit_base_patch16_224.fb_in1k,False,,,,adamw,0.05,5e-05,,0,200,448,8,3876,1938,,,,,,,,,,,,,,,,,,
camel.ee.nctu.edu.tw,81,soyglobal,hideit_base_patch16_224.fb_in1k,False,,,,adamw,0.05,0.0001,,0,200,448,8,3876,1938,,,,13.5191,,,6.5416,13.51909184726522,100.0,,,0.0,220.4207,0.4121,78.5111,87.8776,87.8776,
camel.ee.nctu.edu.tw,81,soyglobal,hideit_base_patch16_224.fb_in1k,False,,,,adamw,0.05,0.0005,,0,200,448,8,3876,1938,,,,2.9412,,,14.7569,2.9411764705882355,100.0,,,0.0024,219.9543,0.4121,78.5111,87.8776,87.8776,
camel.ee.nctu.edu.tw,81,soyglobal,hideit_base_patch16_224.fb_in1k,False,,,,adamw,0.05,0.001,,0,200,448,8,3876,1938,,,,1.032,,,18.5666,1.0319917440660475,92.7169,,,0.3366,219.2702,0.4121,78.5111,87.8776,87.8776,
camel.ee.nctu.edu.tw,81,soyglobal,hideit_base_patch16_224.fb_in1k,False,,,,sgd,0.0,0.003,,0,200,448,8,3876,1938,,,,9.0815,,,5.6346,9.081527347781218,100.0,,,0.0647,210.2693,0.4121,78.5111,87.8776,87.8776,
camel.ee.nctu.edu.tw,81,soyglobal,hideit_base_patch16_224.fb_in1k,False,,,,sgd,0.0,0.01,,0,200,448,8,3876,1938,,,,12.0227,,,5.5065,12.022703818369454,100.0,,,0.0008,210.2556,0.4121,78.5111,87.8776,87.8776,
camel.ee.nctu.edu.tw,81,soyglobal,hideit_base_patch16_224.fb_in1k,False,,,,sgd,0.0,0.03,,0,200,448,8,3876,1938,,,,14.1899,,,5.9618,14.189886480908152,100.0,,,0.0003,210.3607,0.4121,78.5111,87.8776,87.8776,
camel.ee.nctu.edu.tw,81,soyglobal,hideit_base_patch16_224.fb_in1k,False,,,,sgd,0.0,0.1,,0,200,448,8,3876,1938,,,,7.3787,,,16.4947,7.378740970072239,99.9742,,,0.0005,209.525,0.4121,78.5111,87.8776,87.8776,
camel.ee.nctu.edu.tw,81,soyglobal,hivit_base_patch16_224.orig_in21k,False,,,,adamw,0.05,5e-06,,0,200,448,8,3876,1938,,,,7.3787,,,6.5768,7.378740970072239,100.0,,,0.0,220.4033,0.4121,78.5111,87.8776,87.8776,
camel.ee.nctu.edu.tw,81,soyglobal,hivit_base_patch16_224.orig_in21k,False,,,,adamw,0.05,1e-05,,0,200,448,8,3876,1938,,,,7.7915,,,6.6756,7.791537667698658,100.0,,,0.0,220.3253,0.4121,78.5111,87.8776,87.8776,
camel.ee.nctu.edu.tw,81,soyglobal,hivit_base_patch16_224.orig_in21k,False,,,,adamw,0.05,5e-05,,0,200,448,8,3876,1938,,,,11.0939,,,6.4422,11.093911248710013,100.0,,,0.0,219.5867,0.4121,78.5111,87.8776,87.8776,
camel.ee.nctu.edu.tw,81,soyglobal,hivit_base_patch16_224.orig_in21k,False,,,,adamw,0.05,0.0001,,0,200,448,8,3876,1938,,,,11.6615,,,6.6425,11.661506707946335,100.0,,,0.0,219.7891,0.4121,78.5111,87.8776,87.8776,
camel.ee.nctu.edu.tw,81,soyglobal,hivit_base_patch16_224.orig_in21k,False,,,,adamw,0.05,0.0005,,0,200,448,8,3876,1938,,,,6.0888,,,10.7002,6.0887512899896805,100.0,,,0.0028,218.7217,0.4121,78.5111,87.8776,87.8776,
camel.ee.nctu.edu.tw,81,soyglobal,hivit_base_patch16_224.orig_in21k,False,,,,adamw,0.05,0.001,,0,200,448,8,3876,1938,,,,2.5284,,,14.4159,2.5283797729618165,97.9081,,,0.1016,219.7576,0.4121,78.5111,87.8776,87.8776,
camel.ee.nctu.edu.tw,81,soyglobal,hivit_base_patch16_224.orig_in21k,False,,,,sgd,0.0,0.003,,0,200,448,8,3876,1938,,,,8.3591,,,5.738,8.359133126934985,100.0,,,0.0764,210.2875,0.4121,78.5111,87.8776,87.8776,
camel.ee.nctu.edu.tw,81,soyglobal,hivit_base_patch16_224.orig_in21k,False,,,,sgd,0.0,0.01,,0,200,448,8,3876,1938,,,,10.5779,,,5.9288,10.577915376676987,100.0,,,0.0009,209.3879,0.4121,78.5111,87.8776,87.8776,
camel.ee.nctu.edu.tw,81,soyglobal,hivit_base_patch16_224.orig_in21k,False,,,,sgd,0.0,0.03,,0,200,448,8,3876,1938,,,,13.2095,,,6.0746,13.209494324045409,100.0,,,0.0003,210.2769,0.4121,78.5111,87.8776,87.8776,
camel.ee.nctu.edu.tw,81,soyglobal,hivit_base_patch16_224.orig_in21k,False,,,,sgd,0.0,0.1,,0,200,448,8,3876,1938,,,,11.1971,,,13.6989,11.197110423116616,100.0,,,0.0002,208.703,0.4121,78.5111,87.8776,87.8776,
camel.ee.nctu.edu.tw,82,cotton,hideit_base_patch16_224.fb_in1k,False,,,,adamw,0.05,5e-06,,0,200,448,8,160,80,,-1.0,hideit_base_patch16_224.fb_in1k,27.5,,,3.3873,27.5,100.0,,,0.3487,11.3639,0.4121,78.51,86.7802,86.7802,
camel.ee.nctu.edu.tw,82,cotton,hideit_base_patch16_224.fb_in1k,False,,,,adamw,0.05,1e-05,,0,200,448,8,160,80,,-1.0,hideit_base_patch16_224.fb_in1k,30.0,,,3.306,30.0,100.0,,,0.1558,11.3837,0.4121,78.51,86.7802,86.7802,
camel.ee.nctu.edu.tw,82,cotton,hideit_base_patch16_224.fb_in1k,False,,,,adamw,0.05,5e-05,,0,200,448,8,160,80,,-1.0,hideit_base_patch16_224.fb_in1k,28.75,,,3.0916,28.75,100.0,,,0.011,11.4114,0.4121,78.51,86.7802,86.7802,
camel.ee.nctu.edu.tw,82,cotton,hideit_base_patch16_224.fb_in1k,False,,,,adamw,0.05,0.0001,,0,200,448,8,160,80,,-1.0,hideit_base_patch16_224.fb_in1k,31.25,,,3.0931,31.25,100.0,,,0.0037,11.3399,0.4121,78.51,86.7802,86.7802,
camel.ee.nctu.edu.tw,82,cotton,hideit_base_patch16_224.fb_in1k,False,,,,adamw,0.05,0.0005,,0,200,448,8,160,80,,-1.0,hideit_base_patch16_224.fb_in1k,23.75,,,5.4143,23.75,100.0,,,0.0002,11.3746,0.4121,78.51,86.7802,86.7802,
camel.ee.nctu.edu.tw,82,cotton,hideit_base_patch16_224.fb_in1k,False,,,,adamw,0.05,0.001,,0,200,448,8,160,80,,-1.0,hideit_base_patch16_224.fb_in1k,23.75,,,3.9118,23.75,100.0,,,0.0007,11.343,0.4121,78.51,86.7802,86.7802,
camel.ee.nctu.edu.tw,82,cotton,hideit_base_patch16_224.fb_in1k,False,,,,sgd,0.0,0.003,,0,200,448,8,160,80,,-1.0,hideit_base_patch16_224.fb_in1k,22.5,,,3.222,22.5,100.0,,,0.4251,11.0384,0.4121,78.51,86.7802,86.7802,
camel.ee.nctu.edu.tw,82,cotton,hideit_base_patch16_224.fb_in1k,False,,,,sgd,0.0,0.01,,0,200,448,8,160,80,,-1.0,hideit_base_patch16_224.fb_in1k,27.5,,,3.0482,27.5,100.0,,,0.0057,10.9341,0.4121,78.51,86.7802,86.7802,
camel.ee.nctu.edu.tw,82,cotton,hideit_base_patch16_224.fb_in1k,False,,,,sgd,0.0,0.03,,0,200,448,8,160,80,,-1.0,hideit_base_patch16_224.fb_in1k,30.0,,,2.9927,30.0,100.0,,,0.0011,10.998,0.4121,78.51,86.7802,86.7802,
camel.ee.nctu.edu.tw,82,cotton,hideit_base_patch16_224.fb_in1k,False,,,,sgd,0.0,0.1,,0,200,448,8,160,80,,-1.0,hideit_base_patch16_224.fb_in1k,28.75,,,3.5028,28.75,100.0,,,0.0001,11.0454,0.4121,78.51,86.7802,86.7802,
camel.ee.nctu.edu.tw,82,cotton,hivit_base_patch16_224.orig_in21k,False,,,,adamw,0.05,5e-06,,0,200,448,8,160,80,,-1.0,hivit_base_patch16_224.orig_in21k,33.75,,,3.3725,33.75,100.0,,,0.5192,11.4646,0.4121,78.51,86.7802,86.7802,
camel.ee.nctu.edu.tw,82,cotton,hivit_base_patch16_224.orig_in21k,False,,,,adamw,0.05,1e-05,,0,200,448,8,160,80,,-1.0,hivit_base_patch16_224.orig_in21k,32.5,,,3.2501,32.5,100.0,,,0.2267,11.4858,0.4121,78.51,86.7802,86.7802,
camel.ee.nctu.edu.tw,82,cotton,hivit_base_patch16_224.orig_in21k,False,,,,adamw,0.05,5e-05,,0,200,448,8,160,80,,-1.0,hivit_base_patch16_224.orig_in21k,32.5,,,2.9576,32.5,100.0,,,0.0131,11.4744,0.4121,78.51,86.7802,86.7802,
camel.ee.nctu.edu.tw,82,cotton,hivit_base_patch16_224.orig_in21k,False,,,,adamw,0.05,0.0001,,0,200,448,8,160,80,,-1.0,hivit_base_patch16_224.orig_in21k,32.5,,,2.8918,32.5,100.0,,,0.0044,11.4329,0.4121,78.51,86.7802,86.7802,
camel.ee.nctu.edu.tw,82,cotton,hivit_base_patch16_224.orig_in21k,False,,,,adamw,0.05,0.0005,,0,200,448,8,160,80,,-1.0,hivit_base_patch16_224.orig_in21k,27.5,,,4.6882,27.5,100.0,,,0.0003,11.4671,0.4121,78.51,86.7802,86.7802,
camel.ee.nctu.edu.tw,82,cotton,hivit_base_patch16_224.orig_in21k,False,,,,adamw,0.05,0.001,,0,200,448,8,160,80,,-1.0,hivit_base_patch16_224.orig_in21k,31.25,,,3.6992,31.25,100.0,,,0.0008,11.3384,0.4121,78.51,86.7802,86.7802,
camel.ee.nctu.edu.tw,82,cotton,hivit_base_patch16_224.orig_in21k,False,,,,sgd,0.0,0.003,,0,200,448,8,160,80,,-1.0,hivit_base_patch16_224.orig_in21k,27.5,,,3.0621,27.5,100.0,,,0.3172,10.9714,0.4121,78.51,86.7802,86.7802,
camel.ee.nctu.edu.tw,82,cotton,hivit_base_patch16_224.orig_in21k,False,,,,sgd,0.0,0.01,,0,200,448,8,160,80,,-1.0,hivit_base_patch16_224.orig_in21k,31.25,,,2.881,31.25,100.0,,,0.0062,11.1154,0.4121,78.51,86.7802,86.7802,
camel.ee.nctu.edu.tw,82,cotton,hivit_base_patch16_224.orig_in21k,False,,,,sgd,0.0,0.03,,0,200,448,8,160,80,,-1.0,hivit_base_patch16_224.orig_in21k,31.25,,,2.8739,31.25,100.0,,,0.0014,11.06,0.4121,78.51,86.7802,86.7802,
camel.ee.nctu.edu.tw,82,cotton,hivit_base_patch16_224.orig_in21k,False,,,,sgd,0.0,0.1,,0,200,448,8,160,80,,-1.0,hivit_base_patch16_224.orig_in21k,30.0,,,3.2452,30.0,100.0,,,0.0002,11.0193,0.4121,78.51,86.7802,86.7802,
camel.ee.nctu.edu.tw,82,soyageing_r1,hideit_base_patch16_224.fb_in1k,False,,,,adamw,0.05,5e-06,,0,200,448,8,786,198,90.0,-1.0,hideit_base_patch16_224.fb_in1k,87.8788,,,0.59,87.8787877246587,100.0,,,0.0221,46.18,0.4141,78.5101,86.8794,86.8794,
camel.ee.nctu.edu.tw,82,soyageing_r1,hideit_base_patch16_224.fb_in1k,False,,,,adamw,0.05,1e-05,,0,200,448,8,786,198,90.0,-1.0,hideit_base_patch16_224.fb_in1k,87.8788,,,0.4956,87.8787877246587,100.0,,,0.0052,46.4797,0.4141,78.5101,86.8794,86.8794,
camel.ee.nctu.edu.tw,82,soyageing_r1,hideit_base_patch16_224.fb_in1k,False,,,,adamw,0.05,5e-05,,0,200,448,8,786,198,90.0,-1.0,hideit_base_patch16_224.fb_in1k,86.3636,,,0.6282,86.36363636363636,100.0,,,0.0001,46.4773,0.4141,78.5101,86.8794,86.8794,
camel.ee.nctu.edu.tw,82,soyageing_r1,hideit_base_patch16_224.fb_in1k,False,,,,adamw,0.05,0.0001,,0,200,448,8,786,198,90.0,-1.0,hideit_base_patch16_224.fb_in1k,84.3434,,,1.0111,84.34343434343434,100.0,,,0.0,46.1662,0.4141,78.5101,86.8794,86.8794,
camel.ee.nctu.edu.tw,82,soyageing_r1,hideit_base_patch16_224.fb_in1k,False,,,,adamw,0.05,0.0005,,0,200,448,8,786,198,90.0,-1.0,hideit_base_patch16_224.fb_in1k,89.3939,,,0.3465,89.39393939393939,100.0,,,0.0004,46.2561,0.4141,78.5101,86.8794,86.8794,
camel.ee.nctu.edu.tw,82,soyageing_r1,hideit_base_patch16_224.fb_in1k,False,,,,adamw,0.05,0.001,,0,200,448,8,786,198,90.0,-1.0,hideit_base_patch16_224.fb_in1k,70.7071,,,1.0937,70.70707070707071,99.3622,,,0.0551,46.2066,0.4141,78.5101,86.8794,86.8794,
camel.ee.nctu.edu.tw,82,soyageing_r1,hideit_base_patch16_224.fb_in1k,False,,,,sgd,0.0,0.003,,0,200,448,8,786,198,90.0,-1.0,hideit_base_patch16_224.fb_in1k,84.8485,,,0.7681,84.84848469435566,100.0,,,0.1779,44.6182,0.4141,78.5101,86.8794,86.8794,
camel.ee.nctu.edu.tw,82,soyageing_r1,hideit_base_patch16_224.fb_in1k,False,,,,sgd,0.0,0.01,,0,200,448,8,786,198,90.0,-1.0,hideit_base_patch16_224.fb_in1k,87.3737,,,0.4148,87.37373737373737,100.0,,,0.002,44.524,0.4141,78.5101,86.8794,86.8794,
camel.ee.nctu.edu.tw,82,soyageing_r1,hideit_base_patch16_224.fb_in1k,False,,,,sgd,0.0,0.03,,0,200,448,8,786,198,90.0,-1.0,hideit_base_patch16_224.fb_in1k,89.3939,,,0.3095,89.39393939393939,100.0,,,0.0005,44.3345,0.4141,78.5101,86.8794,86.8794,
camel.ee.nctu.edu.tw,82,soyageing_r1,hideit_base_patch16_224.fb_in1k,False,,,,sgd,0.0,0.1,,0,200,448,8,786,198,90.0,-1.0,hideit_base_patch16_224.fb_in1k,86.8687,,,0.4866,86.86868686868686,100.0,,,0.0002,44.2881,0.4141,78.5101,86.8794,86.8794,
camel.ee.nctu.edu.tw,82,soyageing_r1,hivit_base_patch16_224.orig_in21k,False,,,,adamw,0.05,5e-06,,0,200,448,8,786,198,90.0,-1.0,hivit_base_patch16_224.orig_in21k,82.8283,,,0.7386,82.82828267415364,100.0,,,0.0346,46.3497,0.4141,78.5101,86.8794,86.8794,
camel.ee.nctu.edu.tw,82,soyageing_r1,hivit_base_patch16_224.orig_in21k,False,,,,adamw,0.05,1e-05,,0,200,448,8,786,198,90.0,-1.0,hivit_base_patch16_224.orig_in21k,85.3535,,,0.6085,85.35353535353535,100.0,,,0.0075,46.2323,0.4141,78.5101,86.8794,86.8794,
camel.ee.nctu.edu.tw,82,soyageing_r1,hivit_base_patch16_224.orig_in21k,False,,,,adamw,0.05,5e-05,,0,200,448,8,786,198,90.0,-1.0,hivit_base_patch16_224.orig_in21k,81.3131,,,0.7029,81.31313123606672,100.0,,,0.0001,45.9598,0.4141,78.5101,86.8794,86.8794,
camel.ee.nctu.edu.tw,82,soyageing_r1,hivit_base_patch16_224.orig_in21k,False,,,,adamw,0.05,0.0001,,0,200,448,8,786,198,90.0,-1.0,hivit_base_patch16_224.orig_in21k,80.8081,,,1.0244,80.80808065395162,100.0,,,0.0001,46.0399,0.4141,78.5101,86.8794,86.8794,
camel.ee.nctu.edu.tw,82,soyageing_r1,hivit_base_patch16_224.orig_in21k,False,,,,adamw,0.05,0.0005,,0,200,448,8,786,198,90.0,-1.0,hivit_base_patch16_224.orig_in21k,83.3333,,,0.5794,83.33333333333333,100.0,,,0.0002,46.2699,0.4141,78.5101,86.8794,86.8794,
camel.ee.nctu.edu.tw,82,soyageing_r1,hivit_base_patch16_224.orig_in21k,False,,,,adamw,0.05,0.001,,0,200,448,8,786,198,90.0,-1.0,hivit_base_patch16_224.orig_in21k,74.2424,,,0.9261,74.24242408829507,99.4898,,,0.0491,46.0488,0.4141,78.5101,86.8794,86.8794,
camel.ee.nctu.edu.tw,82,soyageing_r1,hivit_base_patch16_224.orig_in21k,False,,,,sgd,0.0,0.003,,0,200,448,8,786,198,90.0,-1.0,hivit_base_patch16_224.orig_in21k,79.2929,,,0.9028,79.2929291388001,100.0,,,0.2956,44.5606,0.4141,78.5101,86.8794,86.8794,
camel.ee.nctu.edu.tw,82,soyageing_r1,hivit_base_patch16_224.orig_in21k,False,,,,sgd,0.0,0.01,,0,200,448,8,786,198,90.0,-1.0,hivit_base_patch16_224.orig_in21k,81.8182,,,0.611,81.81818181818181,100.0,,,0.0023,44.3643,0.4141,78.5101,86.8794,86.8794,
camel.ee.nctu.edu.tw,82,soyageing_r1,hivit_base_patch16_224.orig_in21k,False,,,,sgd,0.0,0.03,,0,200,448,8,786,198,90.0,-1.0,hivit_base_patch16_224.orig_in21k,83.3333,,,0.547,83.33333317920415,100.0,,,0.0005,44.1453,0.4141,78.5101,86.8794,86.8794,
camel.ee.nctu.edu.tw,82,soyageing_r1,hivit_base_patch16_224.orig_in21k,False,,,,sgd,0.0,0.1,,0,200,448,8,786,198,90.0,-1.0,hivit_base_patch16_224.orig_in21k,85.8586,,,0.5545,85.85858585858585,100.0,,,0.0003,43.7917,0.4141,78.5101,86.8794,86.8794,
gpu,82,soyageing_r3,hideit_base_patch16_224.fb_in1k,False,,,,adamw,0.05,5e-06,,0,200,448,8,786,198,90.0,-1.0,hideit_base_patch16_224.fb_in1k,86.8687,,,0.7108,86.86868686868686,100.0,,,0.0248,72.0492,0.4141,67.1518,86.8794,86.8794,
gpu,82,soyageing_r3,hideit_base_patch16_224.fb_in1k,False,,,,adamw,0.05,1e-05,,0,200,448,8,786,198,90.0,-1.0,hideit_base_patch16_224.fb_in1k,78.2828,,,0.905,78.28282824429598,100.0,,,0.0078,71.5956,0.4141,67.1518,86.8794,86.8794,
gpu,82,soyageing_r3,hideit_base_patch16_224.fb_in1k,False,,,,adamw,0.05,5e-05,,0,200,448,8,786,198,90.0,-1.0,hideit_base_patch16_224.fb_in1k,82.8283,,,0.8429,82.82828282828282,100.0,,,0.0,71.1896,0.4141,67.1518,86.8794,86.8794,
gpu,82,soyageing_r3,hideit_base_patch16_224.fb_in1k,False,,,,adamw,0.05,0.0001,,0,200,448,8,786,198,90.0,-1.0,hideit_base_patch16_224.fb_in1k,81.3131,,,1.2594,81.31313127459902,100.0,,,0.0,70.9695,0.4141,67.1518,86.8794,86.8794,
gpu,82,soyageing_r3,hideit_base_patch16_224.fb_in1k,False,,,,adamw,0.05,0.0005,,0,200,448,8,786,198,90.0,-1.0,hideit_base_patch16_224.fb_in1k,86.3636,,,0.5726,86.36363628657178,100.0,,,0.0006,70.9353,0.4141,67.1518,86.8794,86.8794,
gpu,82,soyageing_r3,hideit_base_patch16_224.fb_in1k,False,,,,adamw,0.05,0.001,,0,200,448,8,786,198,90.0,-1.0,hideit_base_patch16_224.fb_in1k,67.6768,,,1.3659,67.67676763823538,99.8724,,,0.0423,70.5287,0.4141,67.1518,86.8794,86.8794,
gpu,82,soyageing_r3,hideit_base_patch16_224.fb_in1k,False,,,,sgd,0.0,0.003,,0,200,448,8,786,198,90.0,-1.0,hideit_base_patch16_224.fb_in1k,84.3434,,,0.8973,84.34343434343434,100.0,,,0.2156,69.2139,0.4141,67.1518,86.8794,86.8794,
gpu,82,soyageing_r3,hideit_base_patch16_224.fb_in1k,False,,,,sgd,0.0,0.01,,0,200,448,8,786,198,90.0,-1.0,hideit_base_patch16_224.fb_in1k,83.8384,,,0.5792,83.83838383838383,100.0,,,0.0021,68.7898,0.4141,67.1518,86.8794,86.8794,
gpu,82,soyageing_r3,hideit_base_patch16_224.fb_in1k,False,,,,sgd,0.0,0.03,,0,200,448,8,786,198,90.0,-1.0,hideit_base_patch16_224.fb_in1k,84.3434,,,0.52,84.34343430490205,100.0,,,0.0004,68.595,0.4141,67.1518,86.8794,86.8794,
gpu,82,soyageing_r3,hideit_base_patch16_224.fb_in1k,False,,,,sgd,0.0,0.1,,0,200,448,8,786,198,90.0,-1.0,hideit_base_patch16_224.fb_in1k,84.3434,,,0.6774,84.34343426636975,100.0,,,0.0004,68.2002,0.4141,67.1518,86.8794,86.8794,
gpu,82,soyageing_r3,hivit_base_patch16_224.orig_in21k,False,,,,adamw,0.05,5e-06,,0,200,448,8,786,198,90.0,-1.0,hivit_base_patch16_224.orig_in21k,81.8182,,,0.9621,81.81818181818181,100.0,,,0.0368,71.1628,0.4141,67.1518,86.8794,86.8794,
gpu,82,soyageing_r3,hivit_base_patch16_224.orig_in21k,False,,,,adamw,0.05,1e-05,,0,200,448,8,786,198,90.0,-1.0,hivit_base_patch16_224.orig_in21k,80.8081,,,0.7532,80.8080808080808,100.0,,,0.0079,71.1896,0.4141,67.1518,86.8794,86.8794,
gpu,82,soyageing_r3,hivit_base_patch16_224.orig_in21k,False,,,,adamw,0.05,5e-05,,0,200,448,8,786,198,90.0,-1.0,hivit_base_patch16_224.orig_in21k,81.8182,,,0.8845,81.81818177964952,100.0,,,0.0001,70.6861,0.4141,67.1518,86.8794,86.8794,
gpu,82,soyageing_r3,hivit_base_patch16_224.orig_in21k,False,,,,adamw,0.05,0.0001,,0,200,448,8,786,198,90.0,-1.0,hivit_base_patch16_224.orig_in21k,78.7879,,,1.0621,78.78787874934649,100.0,,,0.0,70.6148,0.4141,67.1518,86.8794,86.8794,
gpu,82,soyageing_r3,hivit_base_patch16_224.orig_in21k,False,,,,adamw,0.05,0.0005,,0,200,448,8,786,198,90.0,-1.0,hivit_base_patch16_224.orig_in21k,85.8586,,,0.6015,85.85858578152127,100.0,,,0.0004,70.328,0.4141,67.1518,86.8794,86.8794,
gpu,82,soyageing_r3,hivit_base_patch16_224.orig_in21k,False,,,,adamw,0.05,0.001,,0,200,448,8,786,198,90.0,-1.0,hivit_base_patch16_224.orig_in21k,73.2323,,,1.0807,73.23232315525864,100.0,,,0.0112,70.3678,0.4141,67.1518,86.8794,86.8794,
gpu,82,soyageing_r3,hivit_base_patch16_224.orig_in21k,False,,,,sgd,0.0,0.003,,0,200,448,8,786,198,90.0,-1.0,hivit_base_patch16_224.orig_in21k,77.7778,,,1.0869,77.77777773924548,100.0,,,0.2912,69.1534,0.4141,67.1518,86.8794,86.8794,
gpu,82,soyageing_r3,hivit_base_patch16_224.orig_in21k,False,,,,sgd,0.0,0.01,,0,200,448,8,786,198,90.0,-1.0,hivit_base_patch16_224.orig_in21k,81.3131,,,0.6023,81.31313131313131,100.0,,,0.0024,69.165,0.4141,67.1518,86.8794,86.8794,
gpu,82,soyageing_r3,hivit_base_patch16_224.orig_in21k,False,,,,sgd,0.0,0.03,,0,200,448,8,786,198,90.0,-1.0,hivit_base_patch16_224.orig_in21k,83.8384,,,0.6452,83.83838383838383,100.0,,,0.0005,69.2982,0.4141,67.1518,86.8794,86.8794,
gpu,82,soyageing_r3,hivit_base_patch16_224.orig_in21k,False,,,,sgd,0.0,0.1,,0,200,448,8,786,198,90.0,-1.0,hivit_base_patch16_224.orig_in21k,84.3434,,,0.6152,84.34343434343434,100.0,,,0.0001,68.453,0.4141,67.1518,86.8794,86.8794,
gpu,82,soyageing_r4,hideit_base_patch16_224.fb_in1k,False,,,,adamw,0.05,5e-06,,0,200,448,8,786,198,90.0,-1.0,hideit_base_patch16_224.fb_in1k,86.3636,,,0.858,86.36363636363636,100.0,,,0.0243,71.626,0.4141,67.1518,86.8794,86.8794,
gpu,82,soyageing_r4,hideit_base_patch16_224.fb_in1k,False,,,,adamw,0.05,1e-05,,0,200,448,8,786,198,90.0,-1.0,hideit_base_patch16_224.fb_in1k,83.8384,,,0.7265,83.83838383838383,100.0,,,0.0055,71.626,0.4141,67.1518,86.8794,86.8794,
gpu,82,soyageing_r4,hideit_base_patch16_224.fb_in1k,False,,,,adamw,0.05,5e-05,,0,200,448,8,786,198,90.0,-1.0,hideit_base_patch16_224.fb_in1k,80.303,,,1.0395,80.3030303030303,100.0,,,0.0,71.2046,0.4141,67.1518,86.8794,86.8794,
gpu,82,soyageing_r4,hideit_base_patch16_224.fb_in1k,False,,,,adamw,0.05,0.0001,,0,200,448,8,786,198,90.0,-1.0,hideit_base_patch16_224.fb_in1k,76.7677,,,1.6815,76.76767676767676,100.0,,,0.0,70.8121,0.4141,67.1518,86.8794,86.8794,
gpu,82,soyageing_r4,hideit_base_patch16_224.fb_in1k,False,,,,adamw,0.05,0.0005,,0,200,448,8,786,198,90.0,-1.0,hideit_base_patch16_224.fb_in1k,82.3232,,,0.8701,82.32323232323232,100.0,,,0.0005,71.1502,0.4141,67.1518,86.8794,86.8794,
gpu,82,soyageing_r4,hideit_base_patch16_224.fb_in1k,False,,,,adamw,0.05,0.001,,0,200,448,8,786,198,90.0,-1.0,hideit_base_patch16_224.fb_in1k,58.0808,,,2.2618,58.08080806154193,99.2347,,,0.0687,70.6077,0.4141,67.1518,86.8794,86.8794,
gpu,82,soyageing_r4,hideit_base_patch16_224.fb_in1k,False,,,,sgd,0.0,0.003,,0,200,448,8,786,198,90.0,-1.0,hideit_base_patch16_224.fb_in1k,82.8283,,,1.0534,82.82828275121824,100.0,,,0.226,69.2844,0.4141,67.1518,86.8794,86.8794,
gpu,82,soyageing_r4,hideit_base_patch16_224.fb_in1k,False,,,,sgd,0.0,0.01,,0,200,448,8,786,198,90.0,-1.0,hideit_base_patch16_224.fb_in1k,82.8283,,,0.6742,82.82828282828282,100.0,,,0.0021,69.2357,0.4141,67.1518,86.8794,86.8794,
gpu,82,soyageing_r4,hideit_base_patch16_224.fb_in1k,False,,,,sgd,0.0,0.03,,0,200,448,8,786,198,90.0,-1.0,hideit_base_patch16_224.fb_in1k,83.8384,,,0.6528,83.83838383838383,100.0,,,0.0005,69.0651,0.4141,67.1518,86.8794,86.8794,
gpu,82,soyageing_r4,hideit_base_patch16_224.fb_in1k,False,,,,sgd,0.0,0.1,,0,200,448,8,786,198,90.0,-1.0,hideit_base_patch16_224.fb_in1k,84.3434,,,0.8374,84.34343434343434,100.0,,,0.0002,68.6657,0.4141,67.1518,86.8794,86.8794,
gpu,82,soyageing_r4,hivit_base_patch16_224.orig_in21k,False,,,,adamw,0.05,5e-06,,0,200,448,8,786,198,90.0,-1.0,hivit_base_patch16_224.orig_in21k,80.303,,,1.0062,80.30303022596571,100.0,,,0.0375,71.6207,0.4141,67.1518,86.8794,86.8794,
gpu,82,soyageing_r4,hivit_base_patch16_224.orig_in21k,False,,,,adamw,0.05,1e-05,,0,200,448,8,786,198,90.0,-1.0,hivit_base_patch16_224.orig_in21k,83.3333,,,0.8452,83.33333325626874,100.0,,,0.0081,71.6747,0.4141,67.1518,86.8794,86.8794,
gpu,82,soyageing_r4,hivit_base_patch16_224.orig_in21k,False,,,,adamw,0.05,5e-05,,0,200,448,8,786,198,90.0,-1.0,hivit_base_patch16_224.orig_in21k,81.8182,,,0.87,81.81818181818181,100.0,,,0.0001,71.4289,0.4141,67.1518,86.8794,86.8794,
gpu,82,soyageing_r4,hivit_base_patch16_224.orig_in21k,False,,,,adamw,0.05,0.0001,,0,200,448,8,786,198,90.0,-1.0,hivit_base_patch16_224.orig_in21k,76.2626,,,1.2313,76.26262622409396,100.0,,,0.0001,71.588,0.4141,67.1518,86.8794,86.8794,
gpu,82,soyageing_r4,hivit_base_patch16_224.orig_in21k,False,,,,adamw,0.05,0.0005,,0,200,448,8,786,198,90.0,-1.0,hivit_base_patch16_224.orig_in21k,81.3131,,,0.8635,81.31313131313131,100.0,,,0.0005,71.185,0.4141,67.1518,86.8794,86.8794,
gpu,82,soyageing_r4,hivit_base_patch16_224.orig_in21k,False,,,,adamw,0.05,0.001,,0,200,448,8,786,198,90.0,-1.0,hivit_base_patch16_224.orig_in21k,73.2323,,,1.2779,73.23232323232324,100.0,,,0.01,70.7924,0.4141,67.1518,86.8794,86.8794,
gpu,82,soyageing_r4,hivit_base_patch16_224.orig_in21k,False,,,,sgd,0.0,0.003,,0,200,448,8,786,198,90.0,-1.0,hivit_base_patch16_224.orig_in21k,82.3232,,,1.0549,82.32323224616773,100.0,,,0.2903,69.5404,0.4141,67.1518,86.8794,86.8794,
gpu,82,soyageing_r4,hivit_base_patch16_224.orig_in21k,False,,,,sgd,0.0,0.01,,0,200,448,8,786,198,90.0,-1.0,hivit_base_patch16_224.orig_in21k,83.8384,,,0.6672,83.83838383838383,100.0,,,0.0024,69.5161,0.4141,67.1518,86.8794,86.8794,
gpu,82,soyageing_r4,hivit_base_patch16_224.orig_in21k,False,,,,sgd,0.0,0.03,,0,200,448,8,786,198,90.0,-1.0,hivit_base_patch16_224.orig_in21k,85.3535,,,0.5929,85.35353535353535,100.0,,,0.0005,69.3962,0.4141,67.1518,86.8794,86.8794,
gpu,82,soyageing_r4,hivit_base_patch16_224.orig_in21k,False,,,,sgd,0.0,0.1,,0,200,448,8,786,198,90.0,-1.0,hivit_base_patch16_224.orig_in21k,80.303,,,1.0316,80.3030303030303,100.0,,,0.0003,69.4334,0.4141,67.1518,86.8794,86.8794,
camel.ee.nctu.edu.tw,82,soyageing_r5,hideit_base_patch16_224.fb_in1k,False,,,,adamw,0.05,5e-06,,0,200,448,8,786,198,90.0,-1.0,hideit_base_patch16_224.fb_in1k,85.8586,,,0.7482,85.85858585858585,100.0,,,0.023,46.5355,0.4141,78.5101,86.8794,86.8794,
camel.ee.nctu.edu.tw,82,soyageing_r5,hideit_base_patch16_224.fb_in1k,False,,,,adamw,0.05,1e-05,,0,200,448,8,786,198,90.0,-1.0,hideit_base_patch16_224.fb_in1k,83.8384,,,0.6393,83.83838383838383,100.0,,,0.0053,46.6438,0.4141,78.5101,86.8794,86.8794,
camel.ee.nctu.edu.tw,82,soyageing_r5,hideit_base_patch16_224.fb_in1k,False,,,,adamw,0.05,5e-05,,0,200,448,8,786,198,90.0,-1.0,hideit_base_patch16_224.fb_in1k,79.798,,,0.9475,79.7979797594475,100.0,,,0.0001,46.6356,0.4141,78.5101,86.8794,86.8794,
camel.ee.nctu.edu.tw,82,soyageing_r5,hideit_base_patch16_224.fb_in1k,False,,,,adamw,0.05,0.0001,,0,200,448,8,786,198,90.0,-1.0,hideit_base_patch16_224.fb_in1k,73.7374,,,1.3356,73.73737369884144,100.0,,,0.0,46.6975,0.4141,78.5101,86.8794,86.8794,
camel.ee.nctu.edu.tw,82,soyageing_r5,hideit_base_patch16_224.fb_in1k,False,,,,adamw,0.05,0.0005,,0,200,448,8,786,198,90.0,-1.0,hideit_base_patch16_224.fb_in1k,81.3131,,,0.6608,81.31313131313131,100.0,,,0.0005,46.6744,0.4141,78.5101,86.8794,86.8794,
camel.ee.nctu.edu.tw,82,soyageing_r5,hideit_base_patch16_224.fb_in1k,False,,,,adamw,0.05,0.001,,0,200,448,8,786,198,90.0,-1.0,hideit_base_patch16_224.fb_in1k,57.0707,,,2.1748,57.07070707070707,98.0867,,,0.1434,46.5745,0.4141,78.5101,86.8794,86.8794,
camel.ee.nctu.edu.tw,82,soyageing_r5,hideit_base_patch16_224.fb_in1k,False,,,,sgd,0.0,0.003,,0,200,448,8,786,198,90.0,-1.0,hideit_base_patch16_224.fb_in1k,83.8384,,,0.8985,83.83838379985154,100.0,,,0.1874,44.9625,0.4141,78.5101,86.8794,86.8794,
camel.ee.nctu.edu.tw,82,soyageing_r5,hideit_base_patch16_224.fb_in1k,False,,,,sgd,0.0,0.01,,0,200,448,8,786,198,90.0,-1.0,hideit_base_patch16_224.fb_in1k,86.8687,,,0.4959,86.86868686868686,100.0,,,0.002,44.8975,0.4141,78.5101,86.8794,86.8794,
camel.ee.nctu.edu.tw,82,soyageing_r5,hideit_base_patch16_224.fb_in1k,False,,,,sgd,0.0,0.03,,0,200,448,8,786,198,90.0,-1.0,hideit_base_patch16_224.fb_in1k,86.8687,,,0.5297,86.86868686868686,100.0,,,0.0004,44.8532,0.4141,78.5101,86.8794,86.8794,
camel.ee.nctu.edu.tw,82,soyageing_r5,hideit_base_patch16_224.fb_in1k,False,,,,sgd,0.0,0.1,,0,200,448,8,786,198,90.0,-1.0,hideit_base_patch16_224.fb_in1k,84.8485,,,0.7748,84.84848484848484,100.0,,,0.0001,45.0357,0.4141,78.5101,86.8794,86.8794,
camel.ee.nctu.edu.tw,82,soyageing_r5,hivit_base_patch16_224.orig_in21k,False,,,,adamw,0.05,5e-06,,0,200,448,8,786,198,90.0,-1.0,hivit_base_patch16_224.orig_in21k,83.8384,,,0.878,83.83838383838383,100.0,,,0.0327,46.569,0.4141,78.5101,86.8794,86.8794,
camel.ee.nctu.edu.tw,82,soyageing_r5,hivit_base_patch16_224.orig_in21k,False,,,,adamw,0.05,1e-05,,0,200,448,8,786,198,90.0,-1.0,hivit_base_patch16_224.orig_in21k,80.303,,,0.75,80.303030264498,100.0,,,0.0072,46.5112,0.4141,78.5101,86.8794,86.8794,
camel.ee.nctu.edu.tw,82,soyageing_r5,hivit_base_patch16_224.orig_in21k,False,,,,adamw,0.05,5e-05,,0,200,448,8,786,198,90.0,-1.0,hivit_base_patch16_224.orig_in21k,82.8283,,,0.7313,82.82828282828282,100.0,,,0.0001,46.8778,0.4141,78.5101,86.8794,86.8794,
camel.ee.nctu.edu.tw,82,soyageing_r5,hivit_base_patch16_224.orig_in21k,False,,,,adamw,0.05,0.0001,,0,200,448,8,786,198,90.0,-1.0,hivit_base_patch16_224.orig_in21k,81.8182,,,0.9757,81.81818177964952,100.0,,,0.0,46.7544,0.4141,78.5101,86.8794,86.8794,
camel.ee.nctu.edu.tw,82,soyageing_r5,hivit_base_patch16_224.orig_in21k,False,,,,adamw,0.05,0.0005,,0,200,448,8,786,198,90.0,-1.0,hivit_base_patch16_224.orig_in21k,83.3333,,,0.7551,83.33333325626874,100.0,,,0.0004,46.2839,0.4141,78.5101,86.8794,86.8794,
camel.ee.nctu.edu.tw,82,soyageing_r5,hivit_base_patch16_224.orig_in21k,False,,,,adamw,0.05,0.001,,0,200,448,8,786,198,90.0,-1.0,hivit_base_patch16_224.orig_in21k,73.7374,,,1.1751,73.73737366030915,99.7449,,,0.0196,46.4407,0.4141,78.5101,86.8794,86.8794,
camel.ee.nctu.edu.tw,82,soyageing_r5,hivit_base_patch16_224.orig_in21k,False,,,,sgd,0.0,0.003,,0,200,448,8,786,198,90.0,-1.0,hivit_base_patch16_224.orig_in21k,83.3333,,,0.9992,83.33333329480104,100.0,,,0.2441,44.2621,0.4141,78.5101,86.8794,86.8794,
camel.ee.nctu.edu.tw,82,soyageing_r5,hivit_base_patch16_224.orig_in21k,False,,,,sgd,0.0,0.01,,0,200,448,8,786,198,90.0,-1.0,hivit_base_patch16_224.orig_in21k,83.8384,,,0.5895,83.83838383838383,100.0,,,0.0022,44.9401,0.4141,78.5101,86.8794,86.8794,
camel.ee.nctu.edu.tw,82,soyageing_r5,hivit_base_patch16_224.orig_in21k,False,,,,sgd,0.0,0.03,,0,200,448,8,786,198,90.0,-1.0,hivit_base_patch16_224.orig_in21k,81.8182,,,0.6777,81.81818177964952,100.0,,,0.0005,44.5066,0.4141,78.5101,86.8794,86.8794,
camel.ee.nctu.edu.tw,82,soyageing_r5,hivit_base_patch16_224.orig_in21k,False,,,,sgd,0.0,0.1,,0,200,448,8,786,198,90.0,-1.0,hivit_base_patch16_224.orig_in21k,83.3333,,,0.7257,83.33333333333333,100.0,,,0.0003,44.2474,0.4141,78.5101,86.8794,86.8794,
camel.ee.nctu.edu.tw,82,soyageing_r6,hideit_base_patch16_224.fb_in1k,False,,,,adamw,0.05,5e-06,,0,200,448,8,786,198,90.0,-1.0,hideit_base_patch16_224.fb_in1k,72.7273,,,1.3274,72.72727257314355,100.0,,,0.0242,46.7268,0.4141,78.5101,86.8794,86.8794,
camel.ee.nctu.edu.tw,82,soyageing_r6,hideit_base_patch16_224.fb_in1k,False,,,,adamw,0.05,1e-05,,0,200,448,8,786,198,90.0,-1.0,hideit_base_patch16_224.fb_in1k,76.2626,,,1.1936,76.26262610849707,100.0,,,0.0057,46.8164,0.4141,78.5101,86.8794,86.8794,
camel.ee.nctu.edu.tw,82,soyageing_r6,hideit_base_patch16_224.fb_in1k,False,,,,adamw,0.05,5e-05,,0,200,448,8,786,198,90.0,-1.0,hideit_base_patch16_224.fb_in1k,70.202,,,1.4796,70.20202004789103,100.0,,,0.0,46.6908,0.4141,78.5101,86.8794,86.8794,
camel.ee.nctu.edu.tw,82,soyageing_r6,hideit_base_patch16_224.fb_in1k,False,,,,adamw,0.05,0.0001,,0,200,448,8,786,198,90.0,-1.0,hideit_base_patch16_224.fb_in1k,67.6768,,,2.0183,67.6767675226385,100.0,,,0.0,46.6708,0.4141,78.5101,86.8794,86.8794,
camel.ee.nctu.edu.tw,82,soyageing_r6,hideit_base_patch16_224.fb_in1k,False,,,,adamw,0.05,0.0005,,0,200,448,8,786,198,90.0,-1.0,hideit_base_patch16_224.fb_in1k,68.6869,,,1.6286,68.6868686098041,100.0,,,0.0003,46.7462,0.4141,78.5101,86.8794,86.8794,
camel.ee.nctu.edu.tw,82,soyageing_r6,hideit_base_patch16_224.fb_in1k,False,,,,adamw,0.05,0.001,,0,200,448,8,786,198,90.0,-1.0,hideit_base_patch16_224.fb_in1k,53.5354,,,2.4889,53.535353535353536,98.9796,,,0.1039,46.6756,0.4141,78.5101,86.8794,86.8794,
camel.ee.nctu.edu.tw,82,soyageing_r6,hideit_base_patch16_224.fb_in1k,False,,,,sgd,0.0,0.003,,0,200,448,8,786,198,90.0,-1.0,hideit_base_patch16_224.fb_in1k,71.2121,,,1.3871,71.21212105799204,100.0,,,0.1894,44.8608,0.4141,78.5101,86.8794,86.8794,
camel.ee.nctu.edu.tw,82,soyageing_r6,hideit_base_patch16_224.fb_in1k,False,,,,sgd,0.0,0.01,,0,200,448,8,786,198,90.0,-1.0,hideit_base_patch16_224.fb_in1k,73.7374,,,0.9946,73.73737358324456,100.0,,,0.002,44.9339,0.4141,78.5101,86.8794,86.8794,
camel.ee.nctu.edu.tw,82,soyageing_r6,hideit_base_patch16_224.fb_in1k,False,,,,sgd,0.0,0.03,,0,200,448,8,786,198,90.0,-1.0,hideit_base_patch16_224.fb_in1k,74.2424,,,1.0631,74.24242408829507,100.0,,,0.0004,44.5775,0.4141,78.5101,86.8794,86.8794,
camel.ee.nctu.edu.tw,82,soyageing_r6,hideit_base_patch16_224.fb_in1k,False,,,,sgd,0.0,0.1,,0,200,448,8,786,198,90.0,-1.0,hideit_base_patch16_224.fb_in1k,68.6869,,,1.9265,68.6868686098041,100.0,,,0.0002,44.7454,0.4141,78.5101,86.8794,86.8794,
camel.ee.nctu.edu.tw,82,soyageing_r6,hivit_base_patch16_224.orig_in21k,False,,,,adamw,0.05,5e-06,,0,200,448,8,786,198,90.0,-1.0,hivit_base_patch16_224.orig_in21k,69.1919,,,1.5117,69.1919191148546,100.0,,,0.0374,46.6657,0.4141,78.5101,86.8794,86.8794,
camel.ee.nctu.edu.tw,82,soyageing_r6,hivit_base_patch16_224.orig_in21k,False,,,,adamw,0.05,1e-05,,0,200,448,8,786,198,90.0,-1.0,hivit_base_patch16_224.orig_in21k,70.202,,,1.4138,70.20202012495561,100.0,,,0.008,46.7807,0.4141,78.5101,86.8794,86.8794,
camel.ee.nctu.edu.tw,82,soyageing_r6,hivit_base_patch16_224.orig_in21k,False,,,,adamw,0.05,5e-05,,0,200,448,8,786,198,90.0,-1.0,hivit_base_patch16_224.orig_in21k,71.2121,,,1.5208,71.21212113505662,100.0,,,0.0001,46.5709,0.4141,78.5101,86.8794,86.8794,
camel.ee.nctu.edu.tw,82,soyageing_r6,hivit_base_patch16_224.orig_in21k,False,,,,adamw,0.05,0.0001,,0,200,448,8,786,198,90.0,-1.0,hivit_base_patch16_224.orig_in21k,66.6667,,,2.0637,66.66666658960207,100.0,,,0.0,46.6004,0.4141,78.5101,86.8794,86.8794,
camel.ee.nctu.edu.tw,82,soyageing_r6,hivit_base_patch16_224.orig_in21k,False,,,,adamw,0.05,0.0005,,0,200,448,8,786,198,90.0,-1.0,hivit_base_patch16_224.orig_in21k,70.7071,,,1.5978,70.70707063000611,100.0,,,0.0004,46.6192,0.4141,78.5101,86.8794,86.8794,
camel.ee.nctu.edu.tw,82,soyageing_r6,hivit_base_patch16_224.orig_in21k,False,,,,adamw,0.05,0.001,,0,200,448,8,786,198,90.0,-1.0,hivit_base_patch16_224.orig_in21k,62.1212,,,2.1257,62.121212121212125,99.7449,,,0.0271,46.6265,0.4141,78.5101,86.8794,86.8794,
camel.ee.nctu.edu.tw,82,soyageing_r6,hivit_base_patch16_224.orig_in21k,False,,,,sgd,0.0,0.003,,0,200,448,8,786,198,90.0,-1.0,hivit_base_patch16_224.orig_in21k,66.6667,,,1.6298,66.66666658960207,100.0,,,0.3481,44.8352,0.4141,78.5101,86.8794,86.8794,
camel.ee.nctu.edu.tw,82,soyageing_r6,hivit_base_patch16_224.orig_in21k,False,,,,sgd,0.0,0.01,,0,200,448,8,786,198,90.0,-1.0,hivit_base_patch16_224.orig_in21k,68.6869,,,1.3169,68.68686853273951,100.0,,,0.0023,44.8385,0.4141,78.5101,86.8794,86.8794,
camel.ee.nctu.edu.tw,82,soyageing_r6,hivit_base_patch16_224.orig_in21k,False,,,,sgd,0.0,0.03,,0,200,448,8,786,198,90.0,-1.0,hivit_base_patch16_224.orig_in21k,69.697,,,1.2641,69.69696954284052,100.0,,,0.0005,44.7297,0.4141,78.5101,86.8794,86.8794,
camel.ee.nctu.edu.tw,82,soyageing_r6,hivit_base_patch16_224.orig_in21k,False,,,,sgd,0.0,0.1,,0,200,448,8,786,198,90.0,-1.0,hivit_base_patch16_224.orig_in21k,70.7071,,,1.6231,70.70707063000611,100.0,,,0.0002,44.6999,0.4141,78.5101,86.8794,86.8794,
camel.ee.nctu.edu.tw,82,soygene,hideit_base_patch16_224.fb_in1k,False,,,,adamw,0.05,5e-06,,0,50,448,8,9559,3201,90.0,-1.0,hideit_base_patch16_224.fb_in1k,,,,,,,,,,,,,,,
camel.ee.nctu.edu.tw,82,soygene,hideit_base_patch16_224.fb_in1k,False,,,,adamw,0.05,1e-05,,0,50,448,8,9559,3201,90.0,-1.0,hideit_base_patch16_224.fb_in1k,71.2902,,,1.4098,71.29022180568572,99.9895,,,0.0858,136.0008,0.4121,78.5109,87.6473,87.6473,
camel.ee.nctu.edu.tw,82,soygene,hideit_base_patch16_224.fb_in1k,False,,,,adamw,0.05,5e-05,,0,50,448,8,9559,3201,90.0,-1.0,hideit_base_patch16_224.fb_in1k,70.9466,,,1.4325,70.94657919400187,100.0,,,0.0001,136.8346,0.4121,78.5109,87.6473,87.6473,
camel.ee.nctu.edu.tw,82,soygene,hideit_base_patch16_224.fb_in1k,False,,,,adamw,0.05,0.0001,,0,50,448,8,9559,3201,90.0,-1.0,hideit_base_patch16_224.fb_in1k,72.5086,,,1.2119,72.5085910652921,100.0,,,0.0002,137.0759,0.4121,78.5109,87.6473,87.6473,
camel.ee.nctu.edu.tw,82,soygene,hideit_base_patch16_224.fb_in1k,False,,,,adamw,0.05,0.0005,,0,50,448,8,9559,3201,90.0,-1.0,hideit_base_patch16_224.fb_in1k,8.7785,,,5.605,8.778506716651046,45.4564,,,4.52,136.5138,0.4121,78.5109,87.6473,87.6473,
camel.ee.nctu.edu.tw,82,soygene,hideit_base_patch16_224.fb_in1k,False,,,,adamw,0.05,0.001,,0,50,448,8,9559,3201,90.0,-1.0,hideit_base_patch16_224.fb_in1k,0.8747,,,8.8188,0.8747266479225242,11.5054,,,8.9045,136.5406,0.4121,78.5109,87.6473,87.6473,
camel.ee.nctu.edu.tw,82,soygene,hideit_base_patch16_224.fb_in1k,False,,,,sgd,0.0,0.003,,0,50,448,8,9559,3201,90.0,-1.0,hideit_base_patch16_224.fb_in1k,43.9238,,,3.5947,43.923773820681035,64.8869,,,5.4518,131.0853,0.4121,78.5109,87.6473,87.6473,
camel.ee.nctu.edu.tw,82,soygene,hideit_base_patch16_224.fb_in1k,False,,,,sgd,0.0,0.01,,0,50,448,8,9559,3201,90.0,-1.0,hideit_base_patch16_224.fb_in1k,72.4774,,,1.1614,72.47735082786629,99.9895,,,0.094,131.1836,0.4121,78.5109,87.6473,87.6473,
camel.ee.nctu.edu.tw,82,soygene,hideit_base_patch16_224.fb_in1k,False,,,,sgd,0.0,0.03,,0,50,448,8,9559,3201,90.0,-1.0,hideit_base_patch16_224.fb_in1k,68.4474,,,1.3378,68.44736019993752,100.0,,,0.0068,131.4459,0.4121,78.5109,87.6473,87.6473,
camel.ee.nctu.edu.tw,82,soygene,hideit_base_patch16_224.fb_in1k,False,,,,sgd,0.0,0.1,,0,50,448,8,9559,3201,90.0,-1.0,hideit_base_patch16_224.fb_in1k,38.5817,,,3.0131,38.58169322086848,80.5695,,,1.5133,131.1969,0.4121,78.5109,87.6473,87.6473,
camel.ee.nctu.edu.tw,82,soygene,hivit_base_patch16_224.orig_in21k,False,,,,adamw,0.05,5e-06,,0,50,448,8,9559,3201,90.0,-1.0,hivit_base_patch16_224.orig_in21k,41.3621,,,3.59,41.362074351765074,89.3425,,,3.2761,136.6833,0.4121,78.5109,87.6473,87.6473,
camel.ee.nctu.edu.tw,82,soygene,hivit_base_patch16_224.orig_in21k,False,,,,adamw,0.05,1e-05,,0,50,448,8,9559,3201,90.0,-1.0,hivit_base_patch16_224.orig_in21k,49.547,,,2.7602,49.54701655732583,99.2567,,,0.9741,136.3698,0.4121,78.5109,87.6473,87.6473,
camel.ee.nctu.edu.tw,82,soygene,hivit_base_patch16_224.orig_in21k,False,,,,adamw,0.05,5e-05,,0,50,448,8,9559,3201,90.0,-1.0,hivit_base_patch16_224.orig_in21k,62.3243,,,1.8936,62.32427366447985,100.0,,,0.0001,136.5308,0.4121,78.5109,87.6473,87.6473,
camel.ee.nctu.edu.tw,82,soygene,hivit_base_patch16_224.orig_in21k,False,,,,adamw,0.05,0.0001,,0,50,448,8,9559,3201,90.0,-1.0,hivit_base_patch16_224.orig_in21k,65.0422,,,1.7381,65.04217432052484,100.0,,,0.0001,136.3493,0.4121,78.5109,87.6473,87.6473,
camel.ee.nctu.edu.tw,82,soygene,hivit_base_patch16_224.orig_in21k,False,,,,adamw,0.05,0.0005,,0,50,448,8,9559,3201,90.0,-1.0,hivit_base_patch16_224.orig_in21k,17.0259,,,4.3555,17.02592939706342,48.8798,,,4.2582,136.1209,0.4121,78.5109,87.6473,87.6473,
camel.ee.nctu.edu.tw,82,soygene,hivit_base_patch16_224.orig_in21k,False,,,,adamw,0.05,0.001,,0,50,448,8,9559,3201,90.0,-1.0,hivit_base_patch16_224.orig_in21k,8.8097,,,4.8948,8.809746954076852,15.7663,,,8.158,135.7339,0.4121,78.5109,87.6473,87.6473,
camel.ee.nctu.edu.tw,82,soygene,hivit_base_patch16_224.orig_in21k,False,,,,sgd,0.0,0.003,,0,50,448,8,9559,3201,90.0,-1.0,hivit_base_patch16_224.orig_in21k,21.3058,,,4.4046,21.305841924398624,37.343,,,7.1991,131.0563,0.4121,78.5109,87.6473,87.6473,
camel.ee.nctu.edu.tw,82,soygene,hivit_base_patch16_224.orig_in21k,False,,,,sgd,0.0,0.01,,0,50,448,8,9559,3201,90.0,-1.0,hivit_base_patch16_224.orig_in21k,54.7017,,,2.0205,54.70165573258357,99.1834,,,0.5397,131.1144,0.4121,78.5109,87.6473,87.6473,
camel.ee.nctu.edu.tw,82,soygene,hivit_base_patch16_224.orig_in21k,False,,,,sgd,0.0,0.03,,0,50,448,8,9559,3201,90.0,-1.0,hivit_base_patch16_224.orig_in21k,66.6979,,,1.4374,66.69790690409248,100.0,,,0.0035,131.3434,0.4121,78.5109,87.6473,87.6473,
camel.ee.nctu.edu.tw,82,soygene,hivit_base_patch16_224.orig_in21k,False,,,,sgd,0.0,0.1,,0,50,448,8,9559,3201,90.0,-1.0,hivit_base_patch16_224.orig_in21k,56.3886,,,2.2316,56.38862855357701,96.7965,,,0.2377,130.2029,0.4121,78.5109,87.6473,87.6473,
